id,level,topic_id,topic_en,topic_pt,topic_es,topic_fr,topic_it,topic_ge,topic_pi,en,pt,es,fr,it,ge,pi,zh,inspirational
1,A1,1,Greetings & Social Basics,Saudações e Socialização,Saludos y Socialización,Salutations et Base Sociale,Saluti e Socializzazione,Begrüßung & Soziales,问候与社交基础,"Hello, my name is Dìnglì.","Olá, meu nome é Dìnglì.","Hola, mi nombre es Dìnglì.","Bonjour, je m'appelle Dìnglì.","Ciao, mi chiamo Dìnglì.","Hallo, mein Name ist Dìnglì.","Nǐ hǎo, wǒ jiào Dìnglì.",你好，我叫定力。,"""Language is learned through meaningful interaction."" — Stephen Krashen"
2,A1,1,Greetings & Social Basics,Saudações e Socialização,Saludos y Socialización,Salutations et Base Sociale,Saluti e Socializzazione,Begrüßung & Soziales,问候与社交基础,How are you today?,Como você está hoje?,¿Cómo estás hoy?,Comment vas-tu aujourd'hui ?,Come stai oggi?,Wie geht es dir heute?,Nǐ jīntiān zěnmeyàng?,你今天怎么样？,"""Understanding messages is the path to acquiring a language."" — Stephen Krashen"
3,A1,1,Greetings & Social Basics,Saudações e Socialização,Saludos y Socialización,Salutations et Base Sociale,Saluti e Socializzazione,Begrüßung & Soziales,问候与社交基础,"I am fine, thank you.","Estou bem, obrigado.","Estoy bien, gracias.","Je vais bien, merci.","Sto bene, grazie.","Es geht mir gut, danke.","Wǒ hěn hǎo, xièxie.",我很好，谢谢。,"""To learn a language, you must use it to communicate."" — Michael Long"
4,A1,1,Greetings & Social Basics,Saudações e Socialização,Saludos y Socialización,Salutations et Base Sociale,Saluti e Socializzazione,Begrüßung & Soziales,问候与社交基础,Nice to meet you.,Prazer em conhecê-lo.,Mucho gusto.,Enchanté.,Piacere di conoscerti.,"Freut mich, dich kennenzulernen.",Hěn gāoxìng rènshi nǐ.,很高兴认识你。,"""Negotiating meaning helps language grow."" — Michael Long"
5,A1,1,Greetings & Social Basics,Saudações e Socialização,Saludos y Socialización,Salutations et Base Sociale,Saluti e Socializzazione,Begrüßung & Soziales,问候与社交基础,"Good morning, everyone.",Bom dia a todos.,Buenos días a todos.,Bonjour à tous.,Buongiorno a tutti.,Guten Morgen zusammen.,Dàjiā zǎoshang hǎo.,大家早上好。,"""Language develops through social interaction."" — Lev Vygotsky"
6,A1,1,Greetings & Social Basics,Saudações e Socialização,Saludos y Socialización,Salutations et Base Sociale,Saluti e Socializzazione,Begrüßung & Soziales,问候与社交基础,Where are you from?,De onde você é?,¿De dónde eres?,D'où viens-tu ?,Di dove sei?,Woher kommst du?,Nǐ shì nǎlǐ rén?,你是哪里人？,"""Learning happens first between people, then inside the learner."" — Lev Vygotsky"
7,A1,1,Greetings & Social Basics,Saudações e Socialização,Saludos y Socialización,Salutations et Base Sociale,Saluti e Socializzazione,Begrüßung & Soziales,问候与社交基础,I am from Spain.,Eu sou da Espanha.,Soy de España.,Je viens d'Espagne.,Vengo dalla Spagna.,Ich komme aus Spanien.,Wǒ láizì Xībānyá.,我来自西班牙。,"""Input must be slightly beyond what you already know."" — Stephen Krashen"
8,A1,1,Greetings & Social Basics,Saudações e Socialização,Saludos y Socialización,Salutations et Base Sociale,Saluti e Socializzazione,Begrüßung & Soziales,问候与社交基础,Are you a student?,Você é estudante?,¿Eres estudiante?,Es-tu étudiant ?,Sei uno studente?,Bist du Student?,Nǐ shì xuéshēng ma?,你是学生吗？,"""Noticing language is the first step to learning it."" — Richard Schmidt"
9,A1,1,Greetings & Social Basics,Saudações e Socialização,Saludos y Socialización,Salutations et Base Sociale,Saluti e Socializzazione,Begrüßung & Soziales,问候与社交基础,He is not my brother.,Ele não é meu irmão.,Él no es mi hermano.,Ce n'est pas mon frère.,Non è mio fratello.,Er ist nicht mein Bruder.,Tā bùshì wǒ de gēge.,他不是我的哥哥。,"""What you notice today becomes what you can use tomorrow."" — Richard Schmidt"
10,A1,1,Greetings & Social Basics,Saudações e Socialização,Saludos y Socialización,Salutations et Base Sociale,Saluti e Socializzazione,Begrüßung & Soziales,问候与社交基础,She is my best friend.,Ela é minha melhor amiga.,Ella es mi mejor amiga.,C'est ma meilleure amie.,È la mia migliore amica.,Sie ist meine beste Freundin.,Tā shì wǒ zuì hǎo de péngyou.,她是我最好的朋友。,"""Practice turns knowledge into ability."" — Robert DeKeyser"
11,A1,1,Greetings & Social Basics,Saudações e Socialização,Saludos y Socialización,Salutations et Base Sociale,Saluti e Socializzazione,Begrüßung & Soziales,问候与社交基础,What is your name?,Qual é o seu nome?,¿Cuál es tu nombre?,Quel est ton nom ?,Come ti chiami?,Wie heißt du?,Nǐ jiào shénme míngzi.,你叫什么名字？,"""Repeated use strengthens language skills."" — Robert DeKeyser"
12,A1,1,Greetings & Social Basics,Saudações e Socialização,Saludos y Socialización,Salutations et Base Sociale,Saluti e Socializzazione,Begrüßung & Soziales,问候与社交基础,I speak a little English.,Eu falo um pouco de inglês.,Hablo un poco de inglés.,Je parle un peu anglais.,Parlo un po' di inglese.,Ich spreche ein wenig Englisch.,Wǒ huì shuō yīdiǎn Yīngyǔ.,我会说一点英语。,"""Output pushes learners to improve their language."" — Merrill Swain"
13,A1,1,Greetings & Social Basics,Saudações e Socialização,Saludos y Socialización,Salutations et Base Sociale,Saluti e Socializzazione,Begrüßung & Soziales,问候与社交基础,Do you speak English?,Você fala inglês?,¿Hablas inglés?,Parles-tu anglais ?,Parli inglese?,Sprichst du Englisch?,Nǐ huì shuō Yīngyǔ ma?,你会说英语吗？,"""Trying to express ideas reveals what you still need to learn."" — Merrill Swain"
14,A1,1,Greetings & Social Basics,Saudações e Socialização,Saludos y Socialización,Salutations et Base Sociale,Saluti e Socializzazione,Begrüßung & Soziales,问候与社交基础,I do not understand.,Eu não entendo.,No entiendo.,Je ne comprends pas.,Non capisco.,Ich verstehe das nicht.,Wǒ bù míngbai.,我不明白。,"""Language grows when learners actively build meaning."" — Jerome Bruner"
15,A1,1,Greetings & Social Basics,Saudações e Socialização,Saludos y Socialización,Salutations et Base Sociale,Saluti e Socializzazione,Begrüßung & Soziales,问候与社交基础,Please speak slowly.,"Por favor, fale devagar.","Por favor, habla despacio.","S'il te plaît, parle lentement.","Per favore, parla lentamente.",Bitte sprich langsam.,Qǐng shuō màn yīdiǎn.,请说慢一点。,"""Support from others helps learners reach the next level."" — Lev Vygotsky"
16,A1,1,Greetings & Social Basics,Saudações e Socialização,Saludos y Socialización,Salutations et Base Sociale,Saluti e Socializzazione,Begrüßung & Soziales,问候与社交基础,How do you spell that?,Como se soletra isso?,¿Cómo se deletrea eso?,Comment ça s'écrit ?,Come si scrive?,Wie schreibt man das?,Nàge zěnme pīn?,那个怎么拼？,"""Motivation drives successful language learning."" — Robert Gardner"
17,A1,1,Greetings & Social Basics,Saudações e Socialização,Saludos y Socialización,Salutations et Base Sociale,Saluti e Socializzazione,Begrüßung & Soziales,问候与社交基础,"Goodbye, see you later.","Adeus, vejo você mais tarde.","Adiós, nos vemos luego.","Au revoir, à plus tard.","Arrivederci, a dopo.","Auf Wiedersehen, bis später.","Zàijiàn, huítóu jiàn.",再见，回头见。,"""Interest and attitude shape language success."" — Robert Gardner"
18,A1,1,Greetings & Social Basics,Saudações e Socialização,Saludos y Socialización,Salutations et Base Sociale,Saluti e Socializzazione,Begrüßung & Soziales,问候与社交基础,Have a nice day.,Tenha um bom dia.,Que tengas un buen día.,Bonne journée.,Buona giornata.,Einen schönen Tag noch.,Zhù nǐ jīntiān guò de yúkuài.,祝你今天过得愉快。,"""Frequent exposure builds familiarity with language patterns."" — Nick Ellis"
19,A1,1,Greetings & Social Basics,Saudações e Socialização,Saludos y Socialización,Salutations et Base Sociale,Saluti e Socializzazione,Begrüßung & Soziales,问候与社交基础,This is my teacher.,Este é o meu professor.,Este es mi profesor.,C'est mon professeur.,Questo è il mio insegnante.,Das ist mein Lehrer.,Zhè shì wǒ de lǎoshī.,这是我的老师。,"""Language patterns emerge through repeated experience."" — Nick Ellis"
20,A1,1,Greetings & Social Basics,Saudações e Socialização,Saludos y Socialización,Salutations et Base Sociale,Saluti e Socializzazione,Begrüßung & Soziales,问候与社交基础,They are not from London.,Eles não são de Londres.,Ellos no son de Londres.,Ils ne sont pas de Londres.,Loro non sono di Londra.,Sie sind nicht aus London.,Tāmen bùshì láizì Lúndūn.,他们不是来自伦敦。,"""Learning improves when attention is focused on meaning."" — Rod Ellis"
21,A1,1,Greetings & Social Basics,Saudações e Socialização,Saludos y Socialización,Salutations et Base Sociale,Saluti e Socializzazione,Begrüßung & Soziales,问候与社交基础,Is he your friend?,Ele é seu amigo?,¿Él es tu amigo?,C'est ton ami ?,È il tuo amico?,Ist er dein Freund?,Tā shì nǐ de péngyou ma?,他是你的朋友吗？,"""Form becomes clearer through meaningful use."" — Rod Ellis"
22,A1,1,Greetings & Social Basics,Saudações e Socialização,Saludos y Socialización,Salutations et Base Sociale,Saluti e Socializzazione,Begrüßung & Soziales,问候与社交基础,Welcome to our house.,Bem-vindo à nossa casa.,Bienvenido a nuestra casa.,Bienvenue dans notre maison.,Benvenuti a casa nostra.,Willkommen in unserem Haus.,Huānyíng lái dào wǒmen jiā.,欢迎来到我们家。,"""Feedback helps learners adjust their language."" — Michael Long"
23,A1,1,Greetings & Social Basics,Saudações e Socialização,Saludos y Socialización,Salutations et Base Sociale,Saluti e Socializzazione,Begrüßung & Soziales,问候与社交基础,"Excuse me, what time is it?","Com licença, que horas são?","Disculpe, ¿qué hora es?","Excusez-moi, quelle heure est-il ?","Scusi, che ore sono?","Entschuldigung, wie spät ist es?","Dǎrǎo yīxià, xiànzài jǐ diǎn le?",打扰一下，现在几点了？,"""Errors are signs that learning is happening."" — Larry Selinker"
24,A1,1,Greetings & Social Basics,Saudações e Socialização,Saludos y Socialización,Salutations et Base Sociale,Saluti e Socializzazione,Begrüßung & Soziales,问候与社交基础,I am sorry I am late.,Sinto muito pelo atraso.,Siento mucho llegar tarde.,Je suis désolé d'être en retard.,"Mi dispiace, sono in ritardo.","Es tut mir leid, dass ich zu spät bin.","Duìbuqǐ, wǒ lái wǎn le.",对不起，我来晚了。,"""Learners build their own evolving language system."" — Larry Selinker"
25,A1,1,Greetings & Social Basics,Saudações e Socialização,Saludos y Socialización,Salutations et Base Sociale,Saluti e Socializzazione,Begrüßung & Soziales,问候与社交基础,"Can you help me, please?","Você pode me ajudar, por favor?","¿Puedes ayudarme, por favor?","Peux-tu m'aider, s'il te plaît ?","Puoi aiutarmi, per favore?",Kannst du mir bitte helfen?,Qǐng bāng bāng wǒ hǎo ma?,请帮帮我好吗？,"""Small improvements accumulate into fluency."" — Paul Nation"
26,A1,1,Greetings & Social Basics,Saudações e Socialização,Saludos y Socialización,Salutations et Base Sociale,Saluti e Socializzazione,Begrüßung & Soziales,问候与社交基础,It is a pleasure to meet you.,É um prazer conhecê-lo.,Es un placer conocerte.,C'est un plaisir de te rencontrer.,È un piacere conoscerti.,"Es ist mir ein Vergnügen, dich kennenzulernen.",Hěn gāoxìng jiàn dào nǐ.,很高兴见到你。,"""Knowing many words makes communication possible."" — Paul Nation"
27,A1,1,Greetings & Social Basics,Saudações e Socialização,Saludos y Socialización,Salutations et Base Sociale,Saluti e Socializzazione,Begrüßung & Soziales,问候与社交基础,Who is that man?,Quem é aquele homem?,¿Quién es ese hombre?,Qui est cet homme ?,Chi è quell'uomo?,Wer ist dieser Mann?,Nàge nánrén shì shéi?,那个男人是谁？,"""Learning a language is a gradual construction of knowledge."" — Jean Piaget"
28,A1,1,Greetings & Social Basics,Saudações e Socialização,Saludos y Socialización,Salutations et Base Sociale,Saluti e Socializzazione,Begrüßung & Soziales,问候与社交基础,We are very happy today.,Estamos muito felizes hoje.,Estamos muy felices hoy.,Nous sommes très heureux aujourd'hui.,Siamo molto felici oggi.,Wir sind heute sehr glücklich.,Wǒmen jīntiān hěn gāoxìng.,我们今天很高兴。,"""Regular contact with the language leads to progress."" — Paul Nation"
29,A1,1,Greetings & Social Basics,Saudações e Socialização,Saludos y Socialización,Salutations et Base Sociale,Saluti e Socializzazione,Begrüßung & Soziales,问候与社交基础,Are they your parents?,Eles são seus pais?,¿Ellos son tus padres?,Ce sont tes parents ?,Sono i tuoi genitori?,Sind das deine Eltern?,Tāmen shì nǐ de fùmǔ ma?,他们是你的父母吗？,"""Consistency matters more than intensity."" — Paul Nation"
30,A1,1,Greetings & Social Basics,Saudações e Socialização,Saludos y Socialización,Salutations et Base Sociale,Saluti e Socializzazione,Begrüßung & Soziales,问候与社交基础,Thank you very much.,Muito obrigado.,Muchas gracias.,Merci beaucoup.,Grazie mille.,Vielen Dank.,Fēicháng gǎnxiè.,非常感谢。,"""Understanding grows step by step."" — Jean Piaget"
31,A1,2,Personal Information,Informações Pessoais,Información Personal,Informations Personnelles,Informazioni Personali,Persönliche Infos,个人信息,I am twenty years old.,Eu tenho vinte anos.,Tengo veinte años.,J'ai vingt ans.,Ho vent'anni.,Ich bin zwanzig Jahre alt.,Wǒ èrshí suì le.,我二十岁了。,
32,A1,2,Personal Information,Informações Pessoais,Información Personal,Informations Personnelles,Informazioni Personali,Persönliche Infos,个人信息,She lives in a small flat.,Ela mora em um apartamento pequeno.,Ella vive en un piso pequeño.,Elle vit dans un petit appartement.,Lei vive in un piccolo appartamento.,Sie wohnt in einer kleinen Wohnung.,Tā zhù zài yīgè xiǎo gōngyù lǐ.,她住在一个小公寓里。,
33,A1,2,Personal Information,Informações Pessoais,Información Personal,Informations Personnelles,Informazioni Personali,Persönliche Infos,个人信息,Do you have any brothers?,Você tem irmãos?,¿Tienes hermanos?,As-tu des frères ?,Hai fratelli?,Hast du Brüder?,Nǐ yǒu xiōngdì ma?,你有兄弟吗？,
34,A1,2,Personal Information,Informações Pessoais,Información Personal,Informations Personnelles,Informazioni Personali,Persönliche Infos,个人信息,I do not have a sister.,Eu não tenho uma irmã.,No tengo una hermana.,Je n'ai pas de sœur.,Non ho una sorella.,Ich habe keine Schwester.,Wǒ méiyǒu jiěmèi.,我没有姐妹。,
35,A1,2,Personal Information,Informações Pessoais,Información Personal,Informations Personnelles,Informazioni Personali,Persönliche Infos,个人信息,My phone number is 5550192.,Meu número de telefone é 5550192.,Mi número de teléfono es 5550192.,Mon numéro de téléphone est le 5550192.,Il mio numero di telefono è 5550192.,Meine Telefonnummer ist 5550192.,Wǒ de diànhuà hàomǎ shì wǔ wǔ wǔ líng yāo jiǔ èr.,我的电话号码是五五五零一九二。,
36,A1,2,Personal Information,Informações Pessoais,Información Personal,Informations Personnelles,Informazioni Personali,Persönliche Infos,个人信息,What is your address?,Qual é o seu endereço?,¿Cuál es tu dirección?,Quelle est ton adresse ?,Qual è il tuo indirizzo?,Wie lautet deine Adresse?,Nǐ de dìzhǐ shì shénme?,你的地址是什么？,
37,A1,2,Personal Information,Informações Pessoais,Información Personal,Informations Personnelles,Informazioni Personali,Persönliche Infos,个人信息,He is married.,Ele é casado.,Él está casado.,Il est marié.,È sposato.,Er ist verheiratet.,Tā jiéhūn le.,他结婚了。,
38,A1,2,Personal Information,Informações Pessoais,Información Personal,Informations Personnelles,Informazioni Personali,Persönliche Infos,个人信息,They are not married.,Eles não são casados.,Ellos no están casados.,Ils ne sont pas mariés.,Non sono sposati.,Sie sind nicht verheiratet.,Tāmen méiyǒu jiéhūn.,他们没有结婚。,
39,A1,2,Personal Information,Informações Pessoais,Información Personal,Informations Personnelles,Informazioni Personali,Persönliche Infos,个人信息,Is she a doctor?,Ela é médica?,¿Ella es doctora?,Est-elle médecin ?,È una dottoressa?,Ist sie Ärztin?,Tā shì yīshēng ma?,她是医生吗？,
40,A1,2,Personal Information,Informações Pessoais,Información Personal,Informations Personnelles,Informazioni Personali,Persönliche Infos,个人信息,I am a teacher.,Eu sou professor.,Soy profesor.,Je suis professeur.,Sono un insegnante.,Ich bin Lehrer.,Wǒ shì lǎoshī.,我是老师。,
41,A1,2,Personal Information,Informações Pessoais,Información Personal,Informations Personnelles,Informazioni Personali,Persönliche Infos,个人信息,My birthday is in May.,Meu aniversário é em maio.,Mi cumpleaños es en mayo.,Mon anniversaire est en mai.,Il mio compleanno è a maggio.,Mein Geburtstag ist im Mai.,Wǒ de shēngrì shì wǔyuè.,我的生日是五月。,
42,A1,2,Personal Information,Informações Pessoais,Información Personal,Informations Personnelles,Informazioni Personali,Persönliche Infos,个人信息,When is your birthday?,Quando é o seu aniversário?,¿Cuándo es tu cumpleaños?,C'est quand ton anniversaire ?,Quando è il tuo compleanno?,Wann hast du Geburtstag?,Nǐ de shēngrì shì shénme shíhou?,你的生日是什么时候？,
43,A1,2,Personal Information,Informações Pessoais,Información Personal,Informations Personnelles,Informazioni Personali,Persönliche Infos,个人信息,I have a big family.,Eu tenho uma família grande.,Tengo una familia grande.,J'ai une grande famille.,Ho una famiglia numerosa.,Ich habe eine große Familie.,Wǒ yǒu yīgè dà jiātíng.,我有一个大家庭。,
44,A1,2,Personal Information,Informações Pessoais,Información Personal,Informations Personnelles,Informazioni Personali,Persönliche Infos,个人信息,Where does he live?,Onde ele mora?,¿Dónde vive él?,Où vit-il ?,Dove vive lui?,Wo wohnt er?,Tā zhù zài nǎlǐ?,他住在哪里？,
45,A1,2,Personal Information,Informações Pessoais,Información Personal,Informations Personnelles,Informazioni Personali,Persönliche Infos,个人信息,She does not have a car.,Ela não tem carro.,Ella no tiene coche.,Elle n'a pas de voiture.,Lei non ha la macchina.,Sie hat kein Auto.,Tā méiyǒu chē.,她没有车。,
46,A1,2,Personal Information,Informações Pessoais,Información Personal,Informations Personnelles,Informazioni Personali,Persönliche Infos,个人信息,Are you from a big city?,Você é de uma cidade grande?,¿Eres de una ciudad grande?,Viens-tu d'une grande ville ?,Vieni da una grande città?,Kommst du aus einer großen Stadt?,Nǐ láizì dà chéngshì ma?,你来自大城市吗？,
47,A1,2,Personal Information,Informações Pessoais,Información Personal,Informations Personnelles,Informazioni Personali,Persönliche Infos,个人信息,My favorite color is blue.,Minha cor favorita é azul.,Mi color favorito es el azul.,Ma couleur préférée est le bleu.,Il mio colore preferito è il blu.,Meine Lieblingsfarbe ist Blau.,Wǒ zuì xǐhuān de yánsè shì lánsè.,我最喜欢的颜色是蓝色。,
48,A1,2,Personal Information,Informações Pessoais,Información Personal,Informations Personnelles,Informazioni Personali,Persönliche Infos,个人信息,What is your job?,Qual é o seu trabalho?,¿Cuál es tu trabajo?,Quel est ton travail ?,Qual è il tuo lavoro?,Was ist dein Beruf?,Nǐ de gōngzuò shì shénme?,你的工作是什么？,
49,A1,2,Personal Information,Informações Pessoais,Información Personal,Informations Personnelles,Informazioni Personali,Persönliche Infos,个人信息,He works in a bank.,Ele trabalha em um banco.,Él trabaja en un banco.,Il travaille dans une banque.,Lui lavora in banca.,Er arbeitet in einer Bank.,Tā zài yínháng gōngzuò.,他在银行工作。,
50,A1,2,Personal Information,Informações Pessoais,Información Personal,Informations Personnelles,Informazioni Personali,Persönliche Infos,个人信息,I am tall.,Eu sou alto.,Soy alto.,Je suis grand.,Sono alto.,Ich bin groß.,Wǒ hěn gāo.,我很高。,
51,A1,2,Personal Information,Informações Pessoais,Información Personal,Informations Personnelles,Informazioni Personali,Persönliche Infos,个人信息,Is your father at home?,Seu pai está em casa?,¿Está tu padre en casa?,Ton père est-il à la maison ?,Tuo padre è a casa?,Ist dein Vater zu Hause?,Nǐ bàba zài jiā ma?,你爸爸在家吗？,
52,A1,2,Personal Information,Informações Pessoais,Información Personal,Informations Personnelles,Informazioni Personali,Persönliche Infos,个人信息,We live in an apartment.,Nós moramos em um apartamento.,Vivimos en un apartamento.,Nous vivons dans un appartement.,Viviamo in un appartamento.,Wir wohnen in einer Wohnung.,Wǒmen zhù zài gōngyù lǐ.,我们住在公寓里。,
53,A1,2,Personal Information,Informações Pessoais,Información Personal,Informations Personnelles,Informazioni Personali,Persönliche Infos,个人信息,Their house is very old.,A casa deles é muito antiga.,Su casa es muy vieja.,Leur maison est très vieille.,La loro casa è molto vecchia.,Ihr Haus ist sehr alt.,Tāmen de fángzi hěn jiù.,他们的房子很旧。,
54,A1,2,Personal Information,Informações Pessoais,Información Personal,Informations Personnelles,Informazioni Personali,Persönliche Infos,个人信息,What is his last name?,Qual é o sobrenome dele?,¿Cuál es su apellido?,Quel est son nom de famille ?,Qual è il suo cognome?,Wie ist sein Nachname?,Tā xìng shénme?,他姓什么？,
55,A1,2,Personal Information,Informações Pessoais,Información Personal,Informations Personnelles,Informazioni Personali,Persönliche Infos,个人信息,I am not a nurse.,Eu não sou enfermeiro.,No soy enfermero.,Je ne suis pas infirmier.,Non sono un infermiere.,Ich bin kein Krankenpfleger.,Wǒ bùshì hùshì.,我不是护士。,
56,A1,2,Personal Information,Informações Pessoais,Información Personal,Informations Personnelles,Informazioni Personali,Persönliche Infos,个人信息,Are you single or married?,Você é solteiro ou casado?,¿Eres soltero o casado?,Es-tu célibataire ou marié ?,Sei single o sposato?,Bist du ledig oder verheiratet?,Nǐ shì dānshēn háishì yǐhūn?,你是单身还是已婚？,
57,A1,2,Personal Information,Informações Pessoais,Información Personal,Informations Personnelles,Informazioni Personali,Persönliche Infos,个人信息,She is from Italy.,Ela é da Itália.,Ella es de Italia.,Elle vient d'Italie.,Lei viene dall'Italia.,Sie kommt aus Italien.,Tā láizì Yìdàlì.,她来自意大利。,
58,A1,2,Personal Information,Informações Pessoais,Información Personal,Informations Personnelles,Informazioni Personali,Persönliche Infos,个人信息,My mother is a chef.,Minha mãe é chef de cozinha.,Mi madre es chef.,Ma mère est chef.,Mia madre è una chef.,Meine Mutter ist Köchin.,Wǒ māma shì chúshī.,我妈妈是厨师。,
59,A1,2,Personal Information,Informações Pessoais,Información Personal,Informations Personnelles,Informazioni Personali,Persönliche Infos,个人信息,Do they have a dog?,Eles têm um cachorro?,¿Tienen un perro?,Ont-ils un chien ?,Hanno un cane?,Haben sie einen Hund?,Tāmen yǒu gǒu ma?,他们有狗吗？,
60,A1,2,Personal Information,Informações Pessoais,Información Personal,Informations Personnelles,Informazioni Personali,Persönliche Infos,个人信息,I have two children.,Eu tenho dois filhos.,Tengo dos hijos.,J'ai deux enfants.,Ho due figli.,Ich habe zwei Kinder.,Wǒ yǒu liǎng gè háizi.,我有两个孩子。,
61,A1,3,Daily Life & Routines,Vida Diária e Rotinas,Vida Diaria y Rutinas,Vie Quotidienne et Routines,Vita Quotidiana e Routine,Alltag & Routinen,日常生活与日常工作,I get up at seven o'clock.,Eu me levanto às sete horas.,Me levanto a las siete.,Je me lève à sept heures.,Mi alzo alle sette.,Ich stehe um sieben Uhr auf.,Wǒ qī diǎn qǐchuáng.,我七点起床。,
62,A1,3,Daily Life & Routines,Vida Diária e Rotinas,Vida Diaria y Rutinas,Vie Quotidienne et Routines,Vita Quotidiana e Routine,Alltag & Routinen,日常生活与日常工作,Do you drink coffee in the morning?,Você bebe café de manhã?,¿Bebes café por la mañana?,Bois-tu du café le matin ?,Bevi caffè al mattino?,Trinkst du morgens Kaffee?,Nǐ zǎoshang hē kāfēi ma?,你早上喝咖啡吗？,
63,A1,3,Daily Life & Routines,Vida Diária e Rotinas,Vida Diaria y Rutinas,Vie Quotidienne et Routines,Vita Quotidiana e Routine,Alltag & Routinen,日常生活与日常工作,He does not eat breakfast.,Ele não toma café da manhã.,Él no desayuna.,Il ne prend pas de petit-déjeuner.,Lui non fa colazione.,Er frühstückt nicht.,Tā bù chī zǎofàn.,他不吃早饭。,
64,A1,3,Daily Life & Routines,Vida Diária e Rotinas,Vida Diaria y Rutinas,Vie Quotidienne et Routines,Vita Quotidiana e Routine,Alltag & Routinen,日常生活与日常工作,She goes to work by bus.,Ela vai para o trabalho de ônibus.,Ella va al trabajo en autobús.,Elle va au travail en bus.,Lei va al lavoro in autobus.,Sie fährt mit dem Bus zur Arbeit.,Tā zuò gōnggòng qìchē qù shàngbān.,她坐公共汽车去上班。,
65,A1,3,Daily Life & Routines,Vida Diária e Rotinas,Vida Diaria y Rutinas,Vie Quotidienne et Routines,Vita Quotidiana e Routine,Alltag & Routinen,日常生活与日常工作,What do you do every day?,O que você faz todos os dias?,¿Qué haces todos los días?,Que fais-tu tous les jours ?,Cosa fai ogni giorno?,Was machst du jeden Tag?,Nǐ měitiān zuò shénme?,你每天做什么？,
66,A1,3,Daily Life & Routines,Vida Diária e Rotinas,Vida Diaria y Rutinas,Vie Quotidienne et Routines,Vita Quotidiana e Routine,Alltag & Routinen,日常生活与日常工作,I study English in the evening.,Eu estudo inglês à noite.,Estudio inglés por la tarde.,J'étudie l'anglais le soir.,Studio inglese la sera.,Ich lerne abends Englisch.,Wǒ wǎnshàng xuéxí Yīngyǔ.,我晚上学习英语。,
67,A1,3,Daily Life & Routines,Vida Diária e Rotinas,Vida Diaria y Rutinas,Vie Quotidienne et Routines,Vita Quotidiana e Routine,Alltag & Routinen,日常生活与日常工作,We watch TV at night.,Nós assistimos TV à noite.,Vemos la tele por la noche.,Nous regardons la télé le soir.,Guardiamo la TV la sera.,Wir schauen nachts fern.,Wǒmen wǎnshàng kàn diànshì.,我们晚上看电视。,
68,A1,3,Daily Life & Routines,Vida Diária e Rotinas,Vida Diaria y Rutinas,Vie Quotidienne et Routines,Vita Quotidiana e Routine,Alltag & Routinen,日常生活与日常工作,Does he play football on Sundays?,Ele joga futebol aos domingos?,¿Él juega al fútbol los domingos?,Joue-t-il au football le dimanche ?,Lui gioca a calcio la domenica?,Spielt er sonntags Fußball?,Tā zhōurì tī zúqiú ma?,他周日踢足球吗？,
69,A1,3,Daily Life & Routines,Vida Diária e Rotinas,Vida Diaria y Rutinas,Vie Quotidienne et Routines,Vita Quotidiana e Routine,Alltag & Routinen,日常生活与日常工作,I do not like Mondays.,Eu não gosto de segundas-feiras.,No me gustan los lunes.,Je n'aime pas le lundi.,Non mi piacciono i lunedì.,Ich mag Montage nicht.,Wǒ bù xǐhuān xīngqīyī.,我不喜欢星期一。,
70,A1,3,Daily Life & Routines,Vida Diária e Rotinas,Vida Diaria y Rutinas,Vie Quotidienne et Routines,Vita Quotidiana e Routine,Alltag & Routinen,日常生活与日常工作,They go to bed early.,Eles vão para a cama cedo.,Ellos se van a la cama temprano.,Ils se couchent tôt.,Vanno a dormire presto.,Sie gehen früh ins Bett.,Tāmen shuì de hěn zǎo.,他们睡得很早。,
71,A1,3,Daily Life & Routines,Vida Diária e Rotinas,Vida Diaria y Rutinas,Vie Quotidienne et Routines,Vita Quotidiana e Routine,Alltag & Routinen,日常生活与日常工作,When do you take a shower?,Quando você toma banho?,¿Cuándo te duchas?,Quand prends-tu ta douche ?,Quando fai la doccia?,Wann duschst du?,Nǐ shénme shíhou xǐzǎo?,你什么时候洗澡？,
72,A1,3,Daily Life & Routines,Vida Diária e Rotinas,Vida Diaria y Rutinas,Vie Quotidienne et Routines,Vita Quotidiana e Routine,Alltag & Routinen,日常生活与日常工作,I cook dinner for my family.,Eu cozinho o jantar para minha família.,Cocino la cena para mi familia.,Je prépare le dîner pour ma famille.,Cucino la cena per la mia famiglia.,Ich koche das Abendessen für meine Familie.,Wǒ gěi jiārén zuò wǎnfàn.,我给家人做晚饭。,
73,A1,3,Daily Life & Routines,Vida Diária e Rotinas,Vida Diaria y Rutinas,Vie Quotidienne et Routines,Vita Quotidiana e Routine,Alltag & Routinen,日常生活与日常工作,She reads a book before bed.,Ela lê um livro antes de dormir.,Ella lee un libro antes de dormir.,Elle lit un livre avant de dormir.,Lei legge un libro prima di dormire.,Sie liest vor dem Schlafengehen ein Buch.,Tā shuìjiào qián kàn shū.,她睡觉前看书。,
74,A1,3,Daily Life & Routines,Vida Diária e Rotinas,Vida Diaria y Rutinas,Vie Quotidienne et Routines,Vita Quotidiana e Routine,Alltag & Routinen,日常生活与日常工作,Do they listen to music?,Eles ouvem música?,¿Ellos escuchan música?,Écoutent-ils de la musique ?,Ascoltano musica?,Hören sie Musik?,Tāmen tīng yīnyuè ma?,他们听音乐吗？,
75,A1,3,Daily Life & Routines,Vida Diária e Rotinas,Vida Diaria y Rutinas,Vie Quotidienne et Routines,Vita Quotidiana e Routine,Alltag & Routinen,日常生活与日常工作,It rains a lot in winter.,Chove muito no inverno.,Llueve mucho en invierno.,Il pleut beaucoup en hiver.,Piove molto in inverno.,Im Winter regnet es viel.,Dōngtiān jīngcháng xià yǔ.,冬天经常下雨。,
76,A1,3,Daily Life & Routines,Vida Diária e Rotinas,Vida Diaria y Rutinas,Vie Quotidienne et Routines,Vita Quotidiana e Routine,Alltag & Routinen,日常生活与日常工作,I wash my face every morning.,Eu lavo meu rosto todas as manhãs.,Me lavo la cara cada mañana.,Je me lave le visage tous les matins.,Mi lavo il viso ogni mattina.,Ich wasche mir jeden Morgen das Gesicht.,Wǒ měitiān zǎoshang xǐliǎn.,我每天早上洗脸。,
77,A1,3,Daily Life & Routines,Vida Diária e Rotinas,Vida Diaria y Rutinas,Vie Quotidienne et Routines,Vita Quotidiana e Routine,Alltag & Routinen,日常生活与日常工作,He does not work on Saturdays.,Ele não trabalha aos sábados.,Él no trabaja los sábados.,Il ne travaille pas le samedi.,Lui non lavora il sabato.,Er arbeitet samstags nicht.,Tā xīngqīliù bù gōngzuò.,他星期六不工作。,
78,A1,3,Daily Life & Routines,Vida Diária e Rotinas,Vida Diaria y Rutinas,Vie Quotidienne et Routines,Vita Quotidiana e Routine,Alltag & Routinen,日常生活与日常工作,What time do you finish work?,A que horas você termina o trabalho?,¿A qué hora terminas de trabajar?,À quelle heure finis-tu le travail ?,A che ora finisci di lavorare?,Um wie viel Uhr hast du Feierabend?,Nǐ jǐ diǎn xiàbān?,你几点下班？,
79,A1,3,Daily Life & Routines,Vida Diária e Rotinas,Vida Diaria y Rutinas,Vie Quotidienne et Routines,Vita Quotidiana e Routine,Alltag & Routinen,日常生活与日常工作,I go shopping once a week.,Eu vou às compras uma vez por semana.,Voy de compras una vez a la semana.,Je fais les courses une fois par semaine.,Vado a fare la spesa una volta a settimana.,Ich gehe einmal pro Woche einkaufen.,Wǒ měi zhōu qù gòuwù yīcì.,我每周去购物一次。,
80,A1,3,Daily Life & Routines,Vida Diária e Rotinas,Vida Diaria y Rutinas,Vie Quotidienne et Routines,Vita Quotidiana e Routine,Alltag & Routinen,日常生活与日常工作,We eat lunch at noon.,Nós almoçamos ao meio-dia.,Almorzamos al mediodía.,Nous déjeunons à midi.,Pranziamo a mezzogiorno.,Wir essen um zwölf Uhr zu Mittag.,Wǒmen zhōngwǔ chī wǔfàn.,我们中午吃午饭。,
81,A1,3,Daily Life & Routines,Vida Diária e Rotinas,Vida Diaria y Rutinas,Vie Quotidienne et Routines,Vita Quotidiana e Routine,Alltag & Routinen,日常生活与日常工作,Does she exercise in the morning?,Ela se exercita de manhã?,¿Ella hace ejercicio por la mañana?,Fait-elle de l'exercice le matin ?,Lei si allena la mattina?,Treibt sie morgens Sport?,Tā zǎoshang duànliàn ma?,她早上锻炼吗？,
82,A1,3,Daily Life & Routines,Vida Diária e Rotinas,Vida Diaria y Rutinas,Vie Quotidienne et Routines,Vita Quotidiana e Routine,Alltag & Routinen,日常生活与日常工作,I always drink water.,Eu sempre bebo água.,Siempre bebo agua.,Je bois toujours de l'eau.,Bevo sempre acqua.,Ich trinke immer Wasser.,Wǒ zǒngshì hē shuǐ.,我总是喝水。,
83,A1,3,Daily Life & Routines,Vida Diária e Rotinas,Vida Diaria y Rutinas,Vie Quotidienne et Routines,Vita Quotidiana e Routine,Alltag & Routinen,日常生活与日常工作,They never arrive late.,Eles nunca chegam atrasados.,Ellos nunca llegan tarde.,Ils n'arrivent jamais en retard.,Non arrivano mai in ritardo.,Sie kommen nie zu spät.,Tāmen cónglái bù chídào.,他们从来不迟到。,
84,A1,3,Daily Life & Routines,Vida Diária e Rotinas,Vida Diaria y Rutinas,Vie Quotidienne et Routines,Vita Quotidiana e Routine,Alltag & Routinen,日常生活与日常工作,Do you clean your room?,Você limpa seu quarto?,¿Limpias tu habitación?,Nettoies-tu ta chambre ?,Pulisci la tua stanza?,Machst du dein Zimmer sauber?,Nǐ dǎsǎo fángjiān ma?,你打扫房间吗？,
85,A1,3,Daily Life & Routines,Vida Diária e Rotinas,Vida Diaria y Rutinas,Vie Quotidienne et Routines,Vita Quotidiana e Routine,Alltag & Routinen,日常生活与日常工作,I do not use a computer at home.,Eu não uso computador em casa.,No uso ordenador en casa.,Je n'utilise pas d'ordinateur à la maison.,Non uso il computer a casa.,Ich benutze zu Hause keinen Computer.,Wǒ zài jiā bù yòng diànnǎo.,我在家不用电脑。,
86,A1,3,Daily Life & Routines,Vida Diária e Rotinas,Vida Diaria y Rutinas,Vie Quotidienne et Routines,Vita Quotidiana e Routine,Alltag & Routinen,日常生活与日常工作,She brushes her teeth.,Ela escova os dentes.,Ella se cepilla los dientes.,Elle se brosse les dents.,Lei si lava i denti.,Sie putzt sich die Zähne.,Tā shuāyá.,她刷牙。,
87,A1,3,Daily Life & Routines,Vida Diária e Rotinas,Vida Diaria y Rutinas,Vie Quotidienne et Routines,Vita Quotidiana e Routine,Alltag & Routinen,日常生活与日常工作,He walks to the park.,Ele caminha até o parque.,Él camina hacia el parque.,Il marche jusqu'au parc.,Lui cammina fino al parco.,Er geht zu Fuß zum Park.,Tā zǒulù qù gōngyuán.,他走路去公园。,
88,A1,3,Daily Life & Routines,Vida Diária e Rotinas,Vida Diaria y Rutinas,Vie Quotidienne et Routines,Vita Quotidiana e Routine,Alltag & Routinen,日常生活与日常工作,What do you eat for lunch?,O que você come no almoço?,¿Qué comes en el almuerzo?,Que manges-tu pour le déjeuner ?,Cosa mangi a pranzo?,Was isst du zu Mittag?,Nǐ wǔfàn chī shénme?,你午饭吃什么？,
89,A1,3,Daily Life & Routines,Vida Diária e Rotinas,Vida Diaria y Rutinas,Vie Quotidienne et Routines,Vita Quotidiana e Routine,Alltag & Routinen,日常生活与日常工作,We sometimes go to the cinema.,Nós às vezes vamos ao cinema.,A veces vamos al cine.,Nous allons parfois au cinéma.,A volte andiamo al cinema.,Wir gehen manchmal ins Kino.,Wǒmen yǒushí qù kàn diànyǐng.,我们有时去看电影。,
90,A1,3,Daily Life & Routines,Vida Diária e Rotinas,Vida Diaria y Rutinas,Vie Quotidienne et Routines,Vita Quotidiana e Routine,Alltag & Routinen,日常生活与日常工作,I usually stay at home.,Eu geralmente fico em casa.,Normalmente me quedo en casa.,"D'habitude, je reste à la maison.",Di solito resto a casa.,Normalerweise bleibe ich zu Hause.,Wǒ tōngcháng dāi zài jiālǐ.,我通常待在家里。,
91,A1,4,Travel & Transportation,Viagem e Transporte,Viajes y Transporte,Voyage et Transport,Viaggi e Trasporti,Reisen & Verkehrsmittel,旅行与交通,Where is the bus station?,Onde fica a rodoviária?,¿Dónde está la estación de autobuses?,Où est la gare routière ?,Dov'è la stazione degli autobus?,Wo ist der Busbahnhof?,Gōnggòng qìchē zhàn zài nǎlǐ?,公共汽车站在哪里？,
92,A1,4,Travel & Transportation,Viagem e Transporte,Viajes y Transporte,Voyage et Transport,Viaggi e Trasporti,Reisen & Verkehrsmittel,旅行与交通,I want a ticket to London.,Eu quero uma passagem para Londres.,Quiero un billete para Londres.,Je veux un billet pour Londres.,Voglio un biglietto per Londra.,Ich möchte eine Fahrkarte nach London.,Wǒ yào yī zhāng qù Lúndūn de piào.,我要一张去伦敦的票。,
93,A1,4,Travel & Transportation,Viagem e Transporte,Viajes y Transporte,Voyage et Transport,Viaggi e Trasporti,Reisen & Verkehrsmittel,旅行与交通,Does this train go to the airport?,Este trem vai para o aeroporto?,¿Este tren va al aeropuerto?,Est-ce que ce train va à l'aéroport ?,Questo treno va all'aeroporto?,Fährt dieser Zug zum Flughafen?,Zhè tàng huǒchē qù jīchǎng ma?,这趟火车去机场吗？,
94,A1,4,Travel & Transportation,Viagem e Transporte,Viajes y Transporte,Voyage et Transport,Viaggi e Trasporti,Reisen & Verkehrsmittel,旅行与交通,The taxi is not here.,O táxi não está aqui.,El taxi no está aquí.,Le taxi n'est pas là.,Il taxi non è qui.,Das Taxi ist nicht hier.,Chūzūchē bù zài zhèlǐ.,出租车不在这里。,
95,A1,4,Travel & Transportation,Viagem e Transporte,Viajes y Transporte,Voyage et Transport,Viaggi e Trasporti,Reisen & Verkehrsmittel,旅行与交通,How much is a ticket?,Quanto custa uma passagem?,¿Cuánto cuesta un billete?,Combien coûte un billet ?,Quanto costa un biglietto?,Wie viel kostet eine Fahrkarte?,Yī zhāng piào duōshao qián?,一张票多少钱？,
96,A1,4,Travel & Transportation,Viagem e Transporte,Viajes y Transporte,Voyage et Transport,Viaggi e Trasporti,Reisen & Verkehrsmittel,旅行与交通,I travel by plane.,Eu viajo de avião.,Viajo en avión.,Je voyage en avion.,Viaggio in aereo.,Ich reise mit dem Flugzeug.,Wǒ zuò fēijī lǚxíng.,我坐飞机旅行。,
97,A1,4,Travel & Transportation,Viagem e Transporte,Viajes y Transporte,Voyage et Transport,Viaggi e Trasporti,Reisen & Verkehrsmittel,旅行与交通,Is the museum open?,O museu está aberto?,¿Está abierto el museo?,Le musée est-il ouvert ?,Il museo è aperto?,Ist das Museum geöffnet?,Bówùguǎn kāimén ma?,博物馆开门吗？,
98,A1,4,Travel & Transportation,Viagem e Transporte,Viajes y Transporte,Voyage et Transport,Viaggi e Trasporti,Reisen & Verkehrsmittel,旅行与交通,Where can I find a map?,Onde posso encontrar um mapa?,¿Dónde puedo encontrar un mapa?,Où puis-je trouver un plan ?,Dove posso trovare una mappa?,Wo finde ich einen Stadtplan?,Nǎlǐ kěyǐ zhǎodào dìtú?,哪里可以找到地图？,
99,A1,4,Travel & Transportation,Viagem e Transporte,Viajes y Transporte,Voyage et Transport,Viaggi e Trasporti,Reisen & Verkehrsmittel,旅行与交通,The hotel is near the station.,O hotel é perto da estação.,El hotel está cerca de la estación.,L'hôtel est près de la gare.,L'hotel è vicino alla stazione.,Das Hotel ist in der Nähe des Bahnhofs.,Jiǔdiàn zài huǒchēzhàn fùjìn.,酒店在火车站附近。,
100,A1,4,Travel & Transportation,Viagem e Transporte,Viajes y Transporte,Voyage et Transport,Viaggi e Trasporti,Reisen & Verkehrsmittel,旅行与交通,I do not have a passport.,Eu não tenho passaporte.,No tengo pasaporte.,Je n'ai pas de passeport.,Non ho il passaporto.,Ich habe keinen Reisepass.,Wǒ méiyǒu hùzhào.,我没有护照。,
101,A1,4,Travel & Transportation,Viagem e Transporte,Viajes y Transporte,Voyage et Transport,Viaggi e Trasporti,Reisen & Verkehrsmittel,旅行与交通,Do you have a suitcase?,Você tem uma mala?,¿Tienes una maleta?,As-tu une valise ?,Hai una valigia?,Hast du einen Koffer?,Nǐ yǒu xínglǐxiāng ma?,你有行李箱吗？,
102,A1,4,Travel & Transportation,Viagem e Transporte,Viajes y Transporte,Voyage et Transport,Viaggi e Trasporti,Reisen & Verkehrsmittel,旅行与交通,The car is very fast.,O carro é muito rápido.,El coche es muy rápido.,La voiture est très rapide.,L'auto è molto veloce.,Das Auto ist sehr schnell.,Zhè liàng chē hěn kuài.,这辆车很快。,
103,A1,4,Travel & Transportation,Viagem e Transporte,Viajes y Transporte,Voyage et Transport,Viaggi e Trasporti,Reisen & Verkehrsmittel,旅行与交通,Where is the bathroom?,Onde é o banheiro?,¿Dónde está el baño?,Où sont les toilettes ?,Dov'è il bagno?,Wo ist die Toilette?,Xǐshǒujiān zài nǎlǐ?,洗手间在哪里？,
104,A1,4,Travel & Transportation,Viagem e Transporte,Viajes y Transporte,Voyage et Transport,Viaggi e Trasporti,Reisen & Verkehrsmittel,旅行与交通,Is it far from here?,É longe daqui?,¿Está lejos de aquí?,Est-ce loin d'ici ?,È lontano da qui?,Ist es weit von hier?,Lí zhèlǐ yuǎn ma?,离这里远吗？,
105,A1,4,Travel & Transportation,Viagem e Transporte,Viajes y Transporte,Voyage et Transport,Viaggi e Trasporti,Reisen & Verkehrsmittel,旅行与交通,Turn left at the corner.,Vire à esquerda na esquina.,Gira a la izquierda en la esquina.,Tourne à gauche au coin de la rue.,Gira a sinistra all'angolo.,Biegen Sie an der Ecke links ab.,Zài guǎijiǎochù zuǒzhuǎn.,在拐角处左转。,
106,A1,4,Travel & Transportation,Viagem e Transporte,Viajes y Transporte,Voyage et Transport,Viaggi e Trasporti,Reisen & Verkehrsmittel,旅行与交通,Go straight ahead.,Siga em frente.,Sigue todo recto.,Va tout droit.,Vai dritto.,Gehen Sie geradeaus.,Yīzhí xiàng qián zǒu.,一直向前走。,
107,A1,4,Travel & Transportation,Viagem e Transporte,Viajes y Transporte,Voyage et Transport,Viaggi e Trasporti,Reisen & Verkehrsmittel,旅行与交通,The park is behind the school.,O parque é atrás da escola.,El parque está detrás de la escuela.,Le parc est derrière l'école.,Il parco è dietro la scuola.,Der Park ist hinter der Schule.,Gōngyuán zài xuéxiào hòumiàn.,公园在学校后面。,
108,A1,4,Travel & Transportation,Viagem e Transporte,Viajes y Transporte,Voyage et Transport,Viaggi e Trasporti,Reisen & Verkehrsmittel,旅行与交通,I am on the bus now.,Eu estou no ônibus agora.,Estoy en el autobús ahora.,Je suis dans le bus maintenant.,Sono sull'autobus ora.,Ich bin jetzt im Bus.,Wǒ xiànzài zài gōnggòng qìchē shàng.,我现在在公共汽车上。,
109,A1,4,Travel & Transportation,Viagem e Transporte,Viajes y Transporte,Voyage et Transport,Viaggi e Trasporti,Reisen & Verkehrsmittel,旅行与交通,When does the flight leave?,Quando o voo sai?,¿Cuándo sale el vuelo?,Quand le vol part-il ?,Quando parte il volo?,Wann geht der Flug?,Hángbān shénme shíhou qǐfēi?,航班什么时候起飞？,
110,A1,4,Travel & Transportation,Viagem e Transporte,Viajes y Transporte,Voyage et Transport,Viaggi e Trasporti,Reisen & Verkehrsmittel,旅行与交通,I do not like to travel by boat.,Eu não gosto de viajar de barco.,No me gusta viajar en barco.,Je n'aime pas voyager en bateau.,Non mi piace viaggiare in barca.,Ich reise nicht gerne mit dem Schiff.,Wǒ bù xǐhuān zuò chuán lǚxíng.,我不喜欢坐船旅行。,
111,A1,4,Travel & Transportation,Viagem e Transporte,Viajes y Transporte,Voyage et Transport,Viaggi e Trasporti,Reisen & Verkehrsmittel,旅行与交通,Is there a restaurant in the hotel?,Tem um restaurante no hotel?,¿Hay un restaurante en el hotel?,Y a-t-il un restaurant dans l'hôtel ?,C'è un ristorante nell'hotel?,Gibt es ein Restaurant im Hotel?,Jiǔdiàn lǐ yǒu cāntīng ma?,酒店里有餐厅吗？,
112,A1,4,Travel & Transportation,Viagem e Transporte,Viajes y Transporte,Voyage et Transport,Viaggi e Trasporti,Reisen & Verkehrsmittel,旅行与交通,Where is the tourist office?,Onde fica o posto de turismo?,¿Dónde está la oficina de turismo?,Où est l'office de tourisme ?,Dov'è l'ufficio turistico?,Wo ist das Tourismusbüro?,Yóukè zhōngxīn zài nǎlǐ?,游客中心在哪里？,
113,A1,4,Travel & Transportation,Viagem e Transporte,Viajes y Transporte,Voyage et Transport,Viaggi e Trasporti,Reisen & Verkehrsmittel,旅行与交通,"I need a taxi, please.","Eu preciso de um táxi, por favor.","Necesito un taxi, por favor.","J'ai besoin d'un taxi, s'il vous plaît.","Ho bisogno di un taxi, per favore.",Ich brauche bitte ein Taxi.,Qǐng bāng wǒ jiào yī liàng chūzūchē.,请帮我叫一辆出租车。,
114,A1,4,Travel & Transportation,Viagem e Transporte,Viajes y Transporte,Voyage et Transport,Viaggi e Trasporti,Reisen & Verkehrsmittel,旅行与交通,The train is late today.,O trem está atrasado hoje.,El tren llega tarde hoy.,Le train est en retard aujourd'hui.,Il treno è in ritardo oggi.,Der Zug hat heute Verspätung.,Huǒchē jīntiān wǎndiǎn le.,火车今天晚点了。,
115,A1,4,Travel & Transportation,Viagem e Transporte,Viajes y Transporte,Voyage et Transport,Viaggi e Trasporti,Reisen & Verkehrsmittel,旅行与交通,Do you like to travel?,Você gosta de viajar?,¿Te gusta viajar?,Aimes-tu voyager ?,Ti piace viaggiare?,Reist du gerne?,Nǐ xǐhuān lǚxíng ma?,你喜欢旅行吗？,
116,A1,4,Travel & Transportation,Viagem e Transporte,Viajes y Transporte,Voyage et Transport,Viaggi e Trasporti,Reisen & Verkehrsmittel,旅行与交通,I stay in a small hotel.,Eu fico em um hotel pequeno.,Me quedo en un hotel pequeño.,Je séjourne dans un petit hôtel.,Alloggio in un piccolo hotel.,Ich übernachte in einem kleinen Hotel.,Wǒ zhù zài yī jiā xiǎo jiǔdiàn.,我住在一家小酒店。,
117,A1,4,Travel & Transportation,Viagem e Transporte,Viajes y Transporte,Voyage et Transport,Viaggi e Trasporti,Reisen & Verkehrsmittel,旅行与交通,How do I get to the beach?,Como eu chego à praia?,¿Cómo llego a la playa?,Comment aller à la plage ?,Come arrivo alla spiaggia?,Wie komme ich zum Strand?,Wǒ zěnme qù hǎitān?,我怎么去海滩？,
118,A1,4,Travel & Transportation,Viagem e Transporte,Viajes y Transporte,Voyage et Transport,Viaggi e Trasporti,Reisen & Verkehrsmittel,旅行与交通,The bus stop is over there.,O ponto de ônibus é logo ali.,La parada de autobús está allí.,L'arrêt de bus est là-bas.,La fermata dell'autobus è laggiù.,Die Bushaltestelle ist dort drüben.,Gōnggòng qìchēzhàn zài nàbiān.,公共汽车站在那边。,
119,A1,4,Travel & Transportation,Viagem e Transporte,Viajes y Transporte,Voyage et Transport,Viaggi e Trasporti,Reisen & Verkehrsmittel,旅行与交通,Are we at the airport?,Nós estamos no aeroporto?,¿Estamos en el aeropuerto?,Sommes-nous à l'aéroport ?,Siamo all'aeroporto?,Sind wir am Flughafen?,Wǒmen zài jīchǎng ma?,我们在机场吗？,
120,A1,4,Travel & Transportation,Viagem e Transporte,Viajes y Transporte,Voyage et Transport,Viaggi e Trasporti,Reisen & Verkehrsmittel,旅行与交通,I want to visit Paris.,Eu quero visitar Paris.,Quiero visitar París.,Je veux visiter Paris.,Voglio visitare Parigi.,Ich möchte Paris besuchen.,Wǒ xiǎng qù Bālí lǚyóu.,我想去巴黎旅游。,
121,A1,5,Food & Restaurants,Comida e Restaurantes,Comida y Restaurantes,Nourriture et Restaurants,Cibo e Ristoranti,Essen & Restaurants,饮食与餐厅,I am hungry.,Eu estou com fome.,Tengo hambre.,J'ai faim.,Ho fame.,Ich habe Hunger.,Wǒ è le.,我饿了。,
122,A1,5,Food & Restaurants,Comida e Restaurantes,Comida y Restaurantes,Nourriture et Restaurants,Cibo e Ristoranti,Essen & Restaurants,饮食与餐厅,Do you like pizza?,Você gosta de pizza?,¿Te gusta la pizza?,Aimes-tu la pizza ?,Ti piace la pizza?,Magst du Pizza?,Nǐ xǐhuān pīsà ma?,你喜欢披萨吗？,
123,A1,5,Food & Restaurants,Comida e Restaurantes,Comida y Restaurantes,Nourriture et Restaurants,Cibo e Ristoranti,Essen & Restaurants,饮食与餐厅,I do not eat meat.,Eu não como carne.,No como carne.,Je ne mange pas de viande.,Non mangio carne.,Ich esse kein Fleisch.,Wǒ bù chī ròu.,我不吃肉。,
124,A1,5,Food & Restaurants,Comida e Restaurantes,Comida y Restaurantes,Nourriture et Restaurants,Cibo e Ristoranti,Essen & Restaurants,饮食与餐厅,"A table for two, please.","Uma mesa para dois, por favor.","Una mesa para dos, por favor.","Une table pour deux, s'il vous plaît.","Un tavolo per due, per favore.","Einen Tisch für zwei, bitte.",Qǐng gěi wǒmen yī zhāng liǎngrén zhuō.,请给我们一张两人桌。,
125,A1,5,Food & Restaurants,Comida e Restaurantes,Comida y Restaurantes,Nourriture et Restaurants,Cibo e Ristoranti,Essen & Restaurants,饮食与餐厅,Can I see the menu?,Posso ver o cardápio?,¿Puedo ver el menú?,Puis-je voir le menu ?,Posso vedere il menu?,Kann ich die Speisekarte sehen?,Wǒ kěyǐ kàn yīxià càidān ma?,我可以看一下菜单吗？,
126,A1,5,Food & Restaurants,Comida e Restaurantes,Comida y Restaurantes,Nourriture et Restaurants,Cibo e Ristoranti,Essen & Restaurants,饮食与餐厅,I want an orange juice.,Eu quero um suco de laranja.,Quiero un zumo de naranja.,Je veux un jus d'orange.,Voglio un succo d'arancia.,Ich möchte einen Orangensaft.,Wǒ yào yī bēi chéngzhī.,我要一杯橙汁。,
127,A1,5,Food & Restaurants,Comida e Restaurantes,Comida y Restaurantes,Nourriture et Restaurants,Cibo e Ristoranti,Essen & Restaurants,饮食与餐厅,Does he like spicy food?,Ele gosta de comida apimentada?,¿A él le gusta la comida picante?,Aime-t-il la nourriture épicée ?,Gli piace il cibo piccante?,Mag er scharfes Essen?,Tā xǐhuān chī là de ma?,他喜欢吃辣的吗？,
128,A1,5,Food & Restaurants,Comida e Restaurantes,Comida y Restaurantes,Nourriture et Restaurants,Cibo e Ristoranti,Essen & Restaurants,饮食与餐厅,We eat rice every day.,Nós comemos arroz todos os dias.,Comemos arroz todos los días.,Nous mangeons du riz tous les jours.,Mangiamo riso ogni giorno.,Wir essen jeden Tag Reis.,Wǒmen měitiān chī mǐfàn.,我们每天吃米饭。,
129,A1,5,Food & Restaurants,Comida e Restaurantes,Comida y Restaurantes,Nourriture et Restaurants,Cibo e Ristoranti,Essen & Restaurants,饮食与餐厅,The water is cold.,A água está gelada.,El agua está fría.,L'eau est froide.,L'acqua è fredda.,Das Wasser ist kalt.,Shuǐ hěn liáng.,水很凉。,
130,A1,5,Food & Restaurants,Comida e Restaurantes,Comida y Restaurantes,Nourriture et Restaurants,Cibo e Ristoranti,Essen & Restaurants,饮食与餐厅,I do not like milk.,Eu não gosto de leite.,No me gusta la leche.,Je n'aime pas le lait.,Non mi piace il latte.,Ich mag keine Milch.,Wǒ bù xǐhuān niúnǎi.,我不喜欢牛奶。,
131,A1,5,Food & Restaurants,Comida e Restaurantes,Comida y Restaurantes,Nourriture et Restaurants,Cibo e Ristoranti,Essen & Restaurants,饮食与餐厅,Is there any sugar?,Tem açúcar?,¿Hay azúcar?,Y a-t-il du sucre ?,C'è dello zucchero?,Gibt es Zucker?,Yǒu táng ma?,有糖吗？,
132,A1,5,Food & Restaurants,Comida e Restaurantes,Comida y Restaurantes,Nourriture et Restaurants,Cibo e Ristoranti,Essen & Restaurants,饮食与餐厅,I have an apple in my bag.,Eu tenho uma maçã na minha bolsa.,Tengo una manzana en mi bolsa.,J'ai une pomme dans mon sac.,Ho una mela nella borsa.,Ich habe einen Apfel in meiner Tasche.,Wǒ de bāo lǐ yǒu yīgè píngguǒ.,我的包里有一个苹果。,
133,A1,5,Food & Restaurants,Comida e Restaurantes,Comida y Restaurantes,Nourriture et Restaurants,Cibo e Ristoranti,Essen & Restaurants,饮食与餐厅,What is your favorite food?,Qual é a sua comida favorita?,¿Cuál es tu comida favorita?,Quel est ton plat préféré ?,Qual è il tuo cibo preferito?,Was ist dein Lieblingsessen?,Nǐ zuì xǐhuān de shíwù shì shénme?,你最喜欢的食物是什么？,
134,A1,5,Food & Restaurants,Comida e Restaurantes,Comida y Restaurantes,Nourriture et Restaurants,Cibo e Ristoranti,Essen & Restaurants,饮食与餐厅,The soup is hot.,A sopa está quente.,La sopa está caliente.,La soupe est chaude.,La zuppa è calda.,Die Suppe ist heiß.,Tāng hěn tàng.,汤很烫。,
135,A1,5,Food & Restaurants,Comida e Restaurantes,Comida y Restaurantes,Nourriture et Restaurants,Cibo e Ristoranti,Essen & Restaurants,饮食与餐厅,"I want the bill, please.","Eu quero a conta, por favor.","Quiero la cuenta, por favor.","L'addition, s'il vous plaît.","Vorrei il conto, per favore.","Die Rechnung, bitte.","Qǐng jiézhàng, xièxie.",请结账，谢谢。,
136,A1,5,Food & Restaurants,Comida e Restaurantes,Comida y Restaurantes,Nourriture et Restaurants,Cibo e Ristoranti,Essen & Restaurants,饮食与餐厅,Do you have any bread?,Você tem pão?,¿Tienes pan?,As-tu du pain ?,Hai del pane?,Hast du Brot?,Nǐ yǒu miànbāo ma?,你有面包吗？,
137,A1,5,Food & Restaurants,Comida e Restaurantes,Comida y Restaurantes,Nourriture et Restaurants,Cibo e Ristoranti,Essen & Restaurants,饮食与餐厅,She drinks tea with lemon.,Ela bebe chá com limão.,Ella bebe té con limón.,Elle boit du thé au citron.,Lei beve tè al limone.,Sie trinkt Tee mit Zitrone.,Tā hē níngméngchá.,她喝柠檬茶。,
138,A1,5,Food & Restaurants,Comida e Restaurantes,Comida y Restaurantes,Nourriture et Restaurants,Cibo e Ristoranti,Essen & Restaurants,饮食与餐厅,I do not want dessert.,Eu não quero sobremesa.,No quiero postre.,Je ne veux pas de dessert.,Non voglio il dessert.,Ich möchte keinen Nachtisch.,Wǒ bù yào tiándiǎn.,我不要甜点。,
139,A1,5,Food & Restaurants,Comida e Restaurantes,Comida y Restaurantes,Nourriture et Restaurants,Cibo e Ristoranti,Essen & Restaurants,饮食与餐厅,Is the food good?,A comida está boa?,¿Está buena la comida?,La nourriture est-elle bonne ?,Il cibo è buono?,Ist das Essen gut?,Cài hǎochī ma?,菜好吃吗？,
140,A1,5,Food & Restaurants,Comida e Restaurantes,Comida y Restaurantes,Nourriture et Restaurants,Cibo e Ristoranti,Essen & Restaurants,饮食与餐厅,I like vegetables.,Eu gosto de vegetais.,Me gustan las verduras.,J'aime les légumes.,Mi piacciono le verdure.,Ich mag Gemüse.,Wǒ xǐhuān shūcài.,我喜欢蔬菜。,
141,A1,5,Food & Restaurants,Comida e Restaurantes,Comida y Restaurantes,Nourriture et Restaurants,Cibo e Ristoranti,Essen & Restaurants,饮食与餐厅,They eat fish for dinner.,Eles comem peixe no jantar.,Ellos comen pescado para cenar.,Ils mangent du poisson pour le dîner.,Mangiano pesce per cena.,Sie essen Fisch zum Abendessen.,Tāmen wǎnfàn chī yú.,他们晚饭吃鱼。,
142,A1,5,Food & Restaurants,Comida e Restaurantes,Comida y Restaurantes,Nourriture et Restaurants,Cibo e Ristoranti,Essen & Restaurants,饮食与餐厅,Can I have some salt?,Pode me dar um pouco de sal?,¿Me das un poco de sal?,Puis-je avoir du sel ?,Posso avere del sale?,Kann ich etwas Salz haben?,Kěyǐ gěi wǒ yīdiǎn yán ma?,可以给我一点盐吗？,
143,A1,5,Food & Restaurants,Comida e Restaurantes,Comida y Restaurantes,Nourriture et Restaurants,Cibo e Ristoranti,Essen & Restaurants,饮食与餐厅,The restaurant is very busy.,O restaurante está muito cheio.,El restaurante está muy lleno.,Le restaurant est très fréquenté.,Il ristorante è molto affollato.,Das Restaurant ist sehr voll.,Fànguǎn lǐ rén hěn duō.,饭馆里人很多。,
144,A1,5,Food & Restaurants,Comida e Restaurantes,Comida y Restaurantes,Nourriture et Restaurants,Cibo e Ristoranti,Essen & Restaurants,饮食与餐厅,I do not drink alcohol.,Eu não bebo álcool.,No bebo alcohol.,Je ne bois pas d'alcool.,Non bevo alcolici.,Ich trinke keinen Alkohol.,Wǒ bù hē jiǔ.,我不喝酒。,
145,A1,5,Food & Restaurants,Comida e Restaurantes,Comida y Restaurantes,Nourriture et Restaurants,Cibo e Ristoranti,Essen & Restaurants,饮食与餐厅,Do you want some fruit?,Você quer um pouco de fruta?,¿Quieres algo de fruta?,Veux-tu des fruits ?,Vuoi della frutta?,Möchtest du etwas Obst?,Nǐ xiǎng chī diǎn shuǐguǒ ma?,你想吃点水果吗？,
146,A1,5,Food & Restaurants,Comida e Restaurantes,Comida y Restaurantes,Nourriture et Restaurants,Cibo e Ristoranti,Essen & Restaurants,饮食与餐厅,I like to cook pasta.,Eu gosto de cozinhar macarrão.,Me gusta cocinar pasta.,J'aime cuisiner des pâtes.,Mi piace cucinare la pasta.,Ich koche gerne Pasta.,Wǒ xǐhuān zuò Yìdàlìmiàn.,我喜欢做意大利面。,
147,A1,5,Food & Restaurants,Comida e Restaurantes,Comida y Restaurantes,Nourriture et Restaurants,Cibo e Ristoranti,Essen & Restaurants,饮食与餐厅,The coffee is too sweet.,O café está doce demais.,El café está demasiado dulce.,Le café est trop sucré.,Il caffè è troppo dolce.,Der Kaffee ist zu süß.,Kāfēi tài tián le.,咖啡太甜了。,
148,A1,5,Food & Restaurants,Comida e Restaurantes,Comida y Restaurantes,Nourriture et Restaurants,Cibo e Ristoranti,Essen & Restaurants,饮食与餐厅,What do you want to eat?,O que você quer comer?,¿Qué quieres comer?,Que veux-tu manger ?,Cosa vuoi mangiare?,Was möchtest du essen?,Nǐ xiǎng chī shénme?,你想吃什么？,
149,A1,5,Food & Restaurants,Comida e Restaurantes,Comida y Restaurantes,Nourriture et Restaurants,Cibo e Ristoranti,Essen & Restaurants,饮食与餐厅,We have some cheese.,Nós temos um pouco de queijo.,Tenemos algo de queso.,Nous avons du fromage.,Abbiamo del formaggio.,Wir haben etwas Käse.,Wǒmen yǒu yīdiǎn nǎilào.,我们有一点奶酪。,
150,A1,5,Food & Restaurants,Comida e Restaurantes,Comida y Restaurantes,Nourriture et Restaurants,Cibo e Ristoranti,Essen & Restaurants,饮食与餐厅,I eat eggs for breakfast.,Eu como ovos no café da manhã.,Como huevos para desayunar.,Je mange des œufs au petit-déjeuner.,Mangio uova a colazione.,Ich esse Eier zum Frühstück.,Wǒ zǎofàn chī jīdàn.,我早饭吃鸡蛋。,
151,A1,6,Shopping & Money,Compras e Dinheiro,Compras y Dinero,Achats et Argent,Acquisti e Denaro,Einkaufen & Geld,购物与金钱,How much is this shirt?,Quanto custa esta camisa?,¿Cuánto cuesta esta camisa?,Combien coûte cette chemise ?,Quanto costa questa camicia?,Wie viel kostet dieses Hemd?,Zhè jiàn chènshān duōshao qián?,这件衬衫多少钱？,
152,A1,6,Shopping & Money,Compras e Dinheiro,Compras y Dinero,Achats et Argent,Acquisti e Denaro,Einkaufen & Geld,购物与金钱,I like these shoes.,Eu gosto destes sapatos.,Me gustan estos zapatos.,J'aime ces chaussures.,Mi piacciono queste scarpe.,Ich mag diese Schuhe.,Wǒ xǐhuān zhèxiē xiézi.,我喜欢这些鞋子。,
153,A1,6,Shopping & Money,Compras e Dinheiro,Compras y Dinero,Achats et Argent,Acquisti e Denaro,Einkaufen & Geld,购物与金钱,Do you have a bigger size?,Você tem um tamanho maior?,¿Tienes una talla más grande?,Avez-vous une taille plus grande ?,Ha una taglia più grande?,Haben Sie eine Nummer größer?,Nǐ yǒu dà yīdiǎn de chǐmǎ ma?,你有大一点的尺码吗？,
154,A1,6,Shopping & Money,Compras e Dinheiro,Compras y Dinero,Achats et Argent,Acquisti e Denaro,Einkaufen & Geld,购物与金钱,I do not have any money.,Eu não tenho dinheiro nenhum.,No tengo dinero.,Je n'ai pas d'argent.,Non ho soldi.,Ich habe kein Geld.,Wǒ méiyǒu qián.,我没有钱。,
155,A1,6,Shopping & Money,Compras e Dinheiro,Compras y Dinero,Achats et Argent,Acquisti e Denaro,Einkaufen & Geld,购物与金钱,Where is the supermarket?,Onde fica o supermercado?,¿Dónde está el supermercado?,Où est le supermarché ?,Dov'è il supermercato?,Wo ist der Supermarkt?,Chāoshì zài nǎlǐ?,超市在哪里？,
156,A1,6,Shopping & Money,Compras e Dinheiro,Compras y Dinero,Achats et Argent,Acquisti e Denaro,Einkaufen & Geld,购物与金钱,The shop is closed.,A loja está fechada.,La tienda está cerrada.,Le magasin est fermé.,Il negozio è chiuso.,Das Geschäft ist geschlossen.,Shàngdiàn guānmén le.,商店关门了。,
157,A1,6,Shopping & Money,Compras e Dinheiro,Compras y Dinero,Achats et Argent,Acquisti e Denaro,Einkaufen & Geld,购物与金钱,Is there a bank near here?,Tem um banco perto daqui?,¿Hay un banco cerca de aquí?,Y a-t-il une banque près d'ici ?,C'è una banca qui vicino?,Gibt es eine Bank in der Nähe?,Fùjìn yǒu yínháng ma?,附近有银行吗？,
158,A1,6,Shopping & Money,Compras e Dinheiro,Compras y Dinero,Achats et Argent,Acquisti e Denaro,Einkaufen & Geld,购物与金钱,I want to buy a hat.,Eu quero comprar um chapéu.,Quiero comprar un sombrero.,Je veux acheter un chapeau.,Voglio comprare un cappello.,Ich möchte einen Hut kaufen.,Wǒ xiǎng mǎi yī dǐng màozi.,我想买一顶帽子。,
159,A1,6,Shopping & Money,Compras e Dinheiro,Compras y Dinero,Achats et Argent,Acquisti e Denaro,Einkaufen & Geld,购物与金钱,Does this cost ten pounds?,Isto custa dez libras?,¿Esto cuesta diez libras?,Est-ce que ça coûte dix livres ?,Questo costa dieci sterline?,Kostet das zehn Pfund?,Zhège yào shí yīngbàng ma?,这个要十英镑吗？,
160,A1,6,Shopping & Money,Compras e Dinheiro,Compras y Dinero,Achats et Argent,Acquisti e Denaro,Einkaufen & Geld,购物与金钱,I have a credit card.,Eu tenho um cartão de crédito.,Tengo una tarjeta de crédito.,J'ai une carte de crédit.,Ho una carta di credito.,Ich habe eine Kreditkarte.,Wǒ yǒu xìnyòngkǎ.,我有信用卡。,
161,A1,6,Shopping & Money,Compras e Dinheiro,Compras y Dinero,Achats et Argent,Acquisti e Denaro,Einkaufen & Geld,购物与金钱,The dress is very expensive.,O vestido é muito caro.,El vestido es muy caro.,La robe est très chère.,Il vestito è molto costoso.,Das Kleid ist sehr teuer.,Zhè jiàn liányīqún hěn guì.,这件连衣裙很贵。,
162,A1,6,Shopping & Money,Compras e Dinheiro,Compras y Dinero,Achats et Argent,Acquisti e Denaro,Einkaufen & Geld,购物与金钱,It is not cheap.,Não é barato.,No es barato.,Ce n'est pas bon marché.,Non è economico.,Es ist nicht billig.,Tā bù piányi.,它不便宜。,
163,A1,6,Shopping & Money,Compras e Dinheiro,Compras y Dinero,Achats et Argent,Acquisti e Denaro,Einkaufen & Geld,购物与金钱,Where can I buy milk?,Onde posso comprar leite?,¿Dónde puedo comprar leche?,Où puis-je acheter du lait ?,Dove posso comprare il latte?,Wo kann ich Milch kaufen?,Nǎlǐ kěyǐ mǎidào niúnǎi?,哪里可以买到牛奶？,
164,A1,6,Shopping & Money,Compras e Dinheiro,Compras y Dinero,Achats et Argent,Acquisti e Denaro,Einkaufen & Geld,购物与金钱,Do you sell newspapers?,Vocês vendem jornais?,¿Venden periódicos?,Vendez-vous des journaux ?,Vendete giornali?,Verkaufen Sie Zeitungen?,Nǐmen mài bàozhǐ ma?,你们卖报纸吗？,
165,A1,6,Shopping & Money,Compras e Dinheiro,Compras y Dinero,Achats et Argent,Acquisti e Denaro,Einkaufen & Geld,购物与金钱,I need some new clothes.,Eu preciso de algumas roupas novas.,Necesito ropa nueva.,J'ai besoin de nouveaux vêtements.,Ho bisogno di vestiti nuovi.,Ich brauche neue Kleidung.,Wǒ xūyào yīxiē xīn yīfu.,我需要一些新衣服。,
166,A1,6,Shopping & Money,Compras e Dinheiro,Compras y Dinero,Achats et Argent,Acquisti e Denaro,Einkaufen & Geld,购物与金钱,Can I pay with cash?,Posso pagar em dinheiro?,¿Puedo pagar en efectivo?,Puis-je payer en espèces ?,Posso pagare in contanti?,Kann ich bar bezahlen?,Kěyǐ fù xiànjīn ma?,可以付现金吗？,
167,A1,6,Shopping & Money,Compras e Dinheiro,Compras y Dinero,Achats et Argent,Acquisti e Denaro,Einkaufen & Geld,购物与金钱,This bag is very small.,Esta bolsa é muito pequena.,Este bolso es muy pequeño.,Ce sac est très petit.,Questa borsa è molto piccola.,Diese Tasche ist sehr klein.,Zhège bāo hěn xiǎo.,这个包很小。,
168,A1,6,Shopping & Money,Compras e Dinheiro,Compras y Dinero,Achats et Argent,Acquisti e Denaro,Einkaufen & Geld,购物与金钱,I do not like this color.,Eu não gosto desta cor.,No me gusta este color.,Je n'aime pas cette couleur.,Non mi piace questo colore.,Ich mag diese Farbe nicht.,Wǒ bù xǐhuān zhèzhǒng yánsè.,我不喜欢这种颜色。,
169,A1,6,Shopping & Money,Compras e Dinheiro,Compras y Dinero,Achats et Argent,Acquisti e Denaro,Einkaufen & Geld,购物与金钱,Is there a discount?,Tem algum desconto?,¿Hay algún descuento?,Y a-t-il une réduction ?,C'è uno sconto?,Gibt es einen Rabatt?,Dǎzhé ma?,打折吗？,
170,A1,6,Shopping & Money,Compras e Dinheiro,Compras y Dinero,Achats et Argent,Acquisti e Denaro,Einkaufen & Geld,购物与金钱,The mall is very big.,O shopping é muito grande.,El centro comercial es muy grande.,Le centre commercial est très grand.,Il centro commerciale è molto grande.,Das Einkaufszentrum ist sehr groß.,Gòuwù zhōngxīn hěn dà.,购物中心很大。,
171,A1,6,Shopping & Money,Compras e Dinheiro,Compras y Dinero,Achats et Argent,Acquisti e Denaro,Einkaufen & Geld,购物与金钱,I want that blue jacket.,Eu quero aquela jaqueta azul.,Quiero esa chaqueta azul.,Je veux cette veste bleue.,Voglio quella giacca blu.,Ich möchte die blaue Jacke da.,Wǒ yào nà jiàn lánsè jiákè.,我要那件蓝色夹克。,
172,A1,6,Shopping & Money,Compras e Dinheiro,Compras y Dinero,Achats et Argent,Acquisti e Denaro,Einkaufen & Geld,购物与金钱,Do you have any pens?,Você tem canetas?,¿Tienes bolígrafos?,As-tu des stylos ?,Hai delle penne?,Hast du Stifte?,Nǐ yǒu bǐ ma?,你有笔吗？,
173,A1,6,Shopping & Money,Compras e Dinheiro,Compras y Dinero,Achats et Argent,Acquisti e Denaro,Einkaufen & Geld,购物与金钱,The supermarket is open.,O supermercado está aberto.,El supermercado está abierto.,Le supermarché est ouvert.,Il supermercato è aperto.,Der Supermarkt ist geöffnet.,Chāoshì kāimén le.,超市开门了。,
174,A1,6,Shopping & Money,Compras e Dinheiro,Compras y Dinero,Achats et Argent,Acquisti e Denaro,Einkaufen & Geld,购物与金钱,I spend money on books.,Eu gasto dinheiro com livros.,Gasto dinero en libros.,Je dépense de l'argent pour des livres.,Spendo soldi per i libri.,Ich gebe Geld für Bücher aus.,Wǒ huā qián mǎi shū.,我花钱买书。,
175,A1,6,Shopping & Money,Compras e Dinheiro,Compras y Dinero,Achats et Argent,Acquisti e Denaro,Einkaufen & Geld,购物与金钱,How much are the oranges?,Quanto custam as laranjas?,¿Cuánto cuestan las naranjas?,Combien coûtent les oranges ?,Quanto costano le arance?,Wie viel kosten die Orangen?,Chéngzi duōshao qián?,橙子多少钱？,
176,A1,6,Shopping & Money,Compras e Dinheiro,Compras y Dinero,Achats et Argent,Acquisti e Denaro,Einkaufen & Geld,购物与金钱,I do not have a receipt.,Eu não tenho o recibo.,No tengo el recibo.,Je n'ai pas de reçu.,Non ho lo scontrino.,Ich habe keinen Beleg.,Wǒ méiyǒu shōujù.,我没有收据。,
177,A1,6,Shopping & Money,Compras e Dinheiro,Compras y Dinero,Achats et Argent,Acquisti e Denaro,Einkaufen & Geld,购物与金钱,Can I try this on?,Posso provar isto?,¿Puedo probarme esto?,Puis-je essayer ceci ?,Posso provarlo?,Kann ich das anprobieren?,Wǒ kěyǐ shìchuān yīxià ma?,我可以试穿一下吗？,
178,A1,6,Shopping & Money,Compras e Dinheiro,Compras y Dinero,Achats et Argent,Acquisti e Denaro,Einkaufen & Geld,购物与金钱,The store is next to the pharmacy.,A loja é ao lado da farmácia.,La tienda está al lado de la farmacia.,Le magasin est à côté de la pharmacie.,Il negozio è accanto alla farmacia.,Der Laden ist neben der Apotheke.,Shàngdiàn zài yàodiàn pángbiān.,商店在药店旁边。,
179,A1,6,Shopping & Money,Compras e Dinheiro,Compras y Dinero,Achats et Argent,Acquisti e Denaro,Einkaufen & Geld,购物与金钱,I need to go to the bank.,Eu preciso ir ao banco.,Necesito ir al banco.,Je dois aller à la banque.,Devo andare in banca.,Ich muss zur Bank gehen.,Wǒ yào qù yínháng.,我要去银行。,
180,A1,6,Shopping & Money,Compras e Dinheiro,Compras y Dinero,Achats et Argent,Acquisti e Denaro,Einkaufen & Geld,购物与金钱,Where are the changing rooms?,Onde ficam os provadores?,¿Dónde están los probadores?,Où sont les cabines d'essayage ?,Dove sono i camerini?,Wo sind die Umkleidekabinen?,Shìyījiān zài nǎlǐ?,试衣间在哪里？,
181,A1,7,Work & Study,Trabalho e Estudo,Trabajo y Estudio,Travail et Études,Lavoro e Studio,Arbeit & Studium,工作与学习,I am a student.,Eu sou um estudante.,Soy estudiante.,Je suis étudiant.,Sono uno studente.,Ich bin Student.,Wǒ shì xuéshēng.,我是学生。,
182,A1,7,Work & Study,Trabalho e Estudo,Trabajo y Estudio,Travail et Études,Lavoro e Studio,Arbeit & Studium,工作与学习,Where do you work?,Onde você trabalha?,¿Dónde trabajas?,Où travailles-tu ?,Dove lavori?,Wo arbeitest du?,Nǐ zài nǎlǐ gōngzuò?,你在哪里工作？,
183,A1,7,Work & Study,Trabalho e Estudo,Trabajo y Estudio,Travail et Études,Lavoro e Studio,Arbeit & Studium,工作与学习,I work in an office.,Eu trabalho em um escritório.,Trabajo en una oficina.,Je travaille dans un bureau.,Lavoro in un ufficio.,Ich arbeite in einem Büro.,Wǒ zài bàngōngshì gōngzuò.,我在办公室工作。,
184,A1,7,Work & Study,Trabalho e Estudo,Trabajo y Estudio,Travail et Études,Lavoro e Studio,Arbeit & Studium,工作与学习,He does not have a job.,Ele não tem um emprego.,Él no tiene trabajo.,Il n'a pas de travail.,Lui non ha un lavoro.,Er hat keine Arbeit.,Tā méiyǒu gōngzuò.,他没有工作。,
185,A1,7,Work & Study,Trabalho e Estudo,Trabajo y Estudio,Travail et Études,Lavoro e Studio,Arbeit & Studium,工作与学习,Do you like your boss?,Você gosta do seu chefe?,¿Te gusta tu jefe?,Aimes-tu ton patron ?,Ti piace il tuo capo?,Magst du deinen Chef?,Nǐ xǐhuān nǐ de lǎobǎn ma?,你喜欢你的老板吗？,
186,A1,7,Work & Study,Trabalho e Estudo,Trabajo y Estudio,Travail et Études,Lavoro e Studio,Arbeit & Studium,工作与学习,She studies every day.,Ela estuda todos os dias.,Ella estudia todos los días.,Elle étudie tous les jours.,Lei studia ogni giorno.,Sie lernt jeden Tag.,Tā měitiān xuéxí.,她每天学习。,
187,A1,7,Work & Study,Trabalho e Estudo,Trabajo y Estudio,Travail et Études,Lavoro e Studio,Arbeit & Studium,工作与学习,The school is very big.,A escola é muito grande.,La escuela es muy grande.,L'école est très grande.,La scuola è molto grande.,Die Schule ist sehr groß.,Xuéxiào hěn dà.,学校很大。,
188,A1,7,Work & Study,Trabalho e Estudo,Trabajo y Estudio,Travail et Études,Lavoro e Studio,Arbeit & Studium,工作与学习,I have a pen and paper.,Eu tenho caneta e papel.,Tengo bolígrafo y papel.,J'ai un stylo et du papier.,Ho una penna e della carta.,Ich habe Stift und Papier.,Wǒ yǒu bǐ hé zhǐ.,我有笔和纸。,
189,A1,7,Work & Study,Trabalho e Estudo,Trabajo y Estudio,Travail et Études,Lavoro e Studio,Arbeit & Studium,工作与学习,Is the homework difficult?,A lição de casa é difícil?,¿Es difícil la tarea?,Les devoirs sont-ils difficiles ?,I compiti sono difficili?,Sind die Hausaufgaben schwierig?,Zuòyè nán ma?,作业难吗？,
190,A1,7,Work & Study,Trabalho e Estudo,Trabajo y Estudio,Travail et Études,Lavoro e Studio,Arbeit & Studium,工作与学习,I do not understand the lesson.,Eu não entendo a lição.,No entiendo la lección.,Je ne comprends pas la leçon.,Non capisco la lezione.,Ich verstehe den Unterricht nicht.,Wǒ tīng bù dǒng zhè jié kè.,我听不懂这节课。,
191,A1,7,Work & Study,Trabalho e Estudo,Trabajo y Estudio,Travail et Études,Lavoro e Studio,Arbeit & Studium,工作与学习,What is your profession?,Qual é a sua profissão?,¿Cuál es tu profesión?,Quelle est ta profession ?,Qual è la tua professione?,Was ist dein Beruf?,Nǐ de zhíyè shì shénme?,你的职业是什么？,
192,A1,7,Work & Study,Trabalho e Estudo,Trabajo y Estudio,Travail et Études,Lavoro e Studio,Arbeit & Studium,工作与学习,He is a famous doctor.,Ele é um médico famoso.,Él es un médico famoso.,C'est un médecin célèbre.,È un medico famoso.,Er ist ein berühmter Arzt.,Tā shì yīgè hěn yǒumíng de yīshēng.,他是一个很有名的医生。,
193,A1,7,Work & Study,Trabalho e Estudo,Trabajo y Estudio,Travail et Études,Lavoro e Studio,Arbeit & Studium,工作与学习,We study English together.,Nós estudamos inglês juntos.,Estudiamos inglés juntos.,Nous étudions l'anglais ensemble.,Studiamo inglese insieme.,Wir lernen gemeinsam Englisch.,Wǒmen yīqǐ xuéxí Yīngyǔ.,我们一起学习英语。,
194,A1,7,Work & Study,Trabalho e Estudo,Trabajo y Estudio,Travail et Études,Lavoro e Studio,Arbeit & Studium,工作与学习,Do you work on weekends?,Você trabalha aos fins de semana?,¿Trabajas los fines de semana?,Travailles-tu le week-end ?,Lavori nei fine settimana?,Arbeitest du am Wochenende?,Nǐ zhōumò gōngzuò ma?,你周末工作吗？,
195,A1,7,Work & Study,Trabalho e Estudo,Trabajo y Estudio,Travail et Études,Lavoro e Studio,Arbeit & Studium,工作与学习,I have a meeting at ten.,Eu tenho uma reunião às dez.,Tengo una reunión a las diez.,J'ai une réunion à dix heures.,Ho una riunione alle dieci.,Ich habe um zehn Uhr eine Besprechung.,Wǒ shí diǎn yǒu gè huì.,我十点有个会。,
196,A1,7,Work & Study,Trabalho e Estudo,Trabajo y Estudio,Travail et Études,Lavoro e Studio,Arbeit & Studium,工作与学习,The teacher is very kind.,O professor é muito gentil.,El profesor es muy amable.,Le professeur est très gentil.,L'insegnante è molto gentile.,Der Lehrer ist sehr nett.,Lǎoshī rén hěn hǎo.,老师人很好。,
197,A1,7,Work & Study,Trabalho e Estudo,Trabajo y Estudio,Travail et Études,Lavoro e Studio,Arbeit & Studium,工作与学习,I write in my notebook.,Eu escrevo no meu caderno.,Escribo en mi cuaderno.,J'écris dans mon cahier.,Scrivo sul quaderno.,Ich schreibe in mein Notizbuch.,Wǒ zài bǐjìběn shàng xiězì.,我在笔记本上写字。,
198,A1,7,Work & Study,Trabalho e Estudo,Trabajo y Estudio,Travail et Études,Lavoro e Studio,Arbeit & Studium,工作与学习,She speaks three languages.,Ela fala três idiomas.,Ella habla tres idiomas.,Elle parle trois langues.,Lei parla tre lingue.,Sie spricht drei Sprachen.,Tā huì shuō sān zhǒng yǔyán.,她会说三种语言。,
199,A1,7,Work & Study,Trabalho e Estudo,Trabajo y Estudio,Travail et Études,Lavoro e Studio,Arbeit & Studium,工作与学习,I do not go to university.,Eu não vou para a universidade.,No voy a la universidad.,Je ne vais pas à l'université.,Non vado all'università.,Ich gehe nicht zur Universität.,Wǒ bù shàng dàxué.,我不上大学。,
200,A1,7,Work & Study,Trabalho e Estudo,Trabajo y Estudio,Travail et Études,Lavoro e Studio,Arbeit & Studium,工作与学习,Is there a library here?,Tem uma biblioteca aqui?,¿Hay una biblioteca aquí?,Y a-t-il une bibliothèque ici ?,C'è una biblioteca qui?,Gibt es hier eine Bibliothek?,Zhèlǐ yǒu túshūguǎn ma?,这里有图书馆吗？,
201,A1,7,Work & Study,Trabalho e Estudo,Trabajo y Estudio,Travail et Études,Lavoro e Studio,Arbeit & Studium,工作与学习,I use a pen for my exam.,Eu uso uma caneta para a minha prova.,Uso un bolígrafo para mi examen.,J'utilise un stylo pour mon examen.,Uso una penna per l'esame.,Ich benutze einen Stift für meine Prüfung.,Wǒ kǎoshì shí yòng bǐ.,我考试时用笔。,
202,A1,7,Work & Study,Trabalho e Estudo,Trabajo y Estudio,Travail et Études,Lavoro e Studio,Arbeit & Studium,工作与学习,What do you study?,O que você estuda?,¿Qué estudias?,Qu'étudies-tu ?,Cosa studi?,Was studierst du?,Nǐ xué shénme?,你学什么？,
203,A1,7,Work & Study,Trabalho e Estudo,Trabajo y Estudio,Travail et Études,Lavoro e Studio,Arbeit & Studium,工作与学习,The classroom is cold.,A sala de aula está fria.,El aula está fría.,La salle de classe est froide.,L'aula è fredda.,Das Klassenzimmer ist kalt.,Jiàoshì hěn lěng.,教室很冷。,
204,A1,7,Work & Study,Trabalho e Estudo,Trabajo y Estudio,Travail et Études,Lavoro e Studio,Arbeit & Studium,工作与学习,I need to finish my work.,Eu preciso terminar meu trabalho.,Necesito terminar mi trabajo.,Je dois finir mon travail.,Devo finire il mio lavoro.,Ich muss meine Arbeit beenden.,Wǒ yào zuò wán wǒ de gōngzuò.,我要做完我的工作。,
205,A1,7,Work & Study,Trabalho e Estudo,Trabajo y Estudio,Travail et Études,Lavoro e Studio,Arbeit & Studium,工作与学习,Do you have a computer?,Você tem um computador?,¿Tienes un ordenador?,As-tu un ordinateur ?,Hai un computer?,Hast du einen Computer?,Nǐ yǒu diànnǎo ma?,你有电脑吗？,
206,A1,7,Work & Study,Trabalho e Estudo,Trabajo y Estudio,Travail et Études,Lavoro e Studio,Arbeit & Studium,工作与学习,I read the newspaper.,Eu leio o jornal.,Leo el periódico.,Je lis le journal.,Leggo il giornale.,Ich lese die Zeitung.,Wǒ kàn bàozhǐ.,我看报纸。,
207,A1,7,Work & Study,Trabalho e Estudo,Trabajo y Estudio,Travail et Études,Lavoro e Studio,Arbeit & Studium,工作与学习,He is a hard worker.,Ele é um trabalhador esforçado.,Él es un trabajador incansable.,C'est un travailleur acharné.,È un gran lavoratore.,Er ist sehr fleißig.,Tā gōngzuò hěn nǔlì.,他工作很努力。,
208,A1,7,Work & Study,Trabalho e Estudo,Trabajo y Estudio,Travail et Études,Lavoro e Studio,Arbeit & Studium,工作与学习,I do not like my desk.,Eu não gosto da minha escrivaninha.,No me gusta mi escritorio.,Je n'aime pas mon bureau.,Non mi piace la mia scrivania.,Ich mag meinen Schreibtisch nicht.,Wǒ bù xǐhuān wǒ de bàngōngzhuō.,我不喜欢我的办公桌。,
209,A1,7,Work & Study,Trabalho e Estudo,Trabajo y Estudio,Travail et Études,Lavoro e Studio,Arbeit & Studium,工作与学习,Where is your office?,Onde fica o seu escritório?,¿Dónde está tu oficina?,Où est ton bureau ?,Dov'è il tuo ufficio?,Wo ist dein Büro?,Nǐ de bàngōngshì zài nǎlǐ?,你的办公室在哪里？,
210,A1,7,Work & Study,Trabalho e Estudo,Trabajo y Estudio,Travail et Études,Lavoro e Studio,Arbeit & Studium,工作与学习,The lesson starts now.,A lição começa agora.,La lección empieza ahora.,La leçon commence maintenant.,La lezione inizia ora.,Der Unterricht beginnt jetzt.,Xiànzài kāishǐ shàngkè.,现在开始上课。,
211,A1,8,Health & Emergencies,Saúde e Emergências,Salud y Emergencias,Santé et Urgences,Salute ed Emergenze,Gesundheit & Notfälle,健康与紧急情况,I feel sick.,Estou me sentindo mal.,Me siento mal.,Je me sens malade.,Mi sento male.,Ich fühle mich krank.,Wǒ juéde bù shūfu.,我觉得不舒服。,
212,A1,8,Health & Emergencies,Saúde e Emergências,Salud y Emergencias,Santé et Urgences,Salute ed Emergenze,Gesundheit & Notfälle,健康与紧急情况,Where is the hospital?,Onde fica o hospital?,¿Dónde está el hospital?,Où est l'hôpital ?,Dov'è l'ospedale?,Wo ist das Krankenhaus?,Yīyuàn zài nǎlǐ?,医院在哪里？,
213,A1,8,Health & Emergencies,Saúde e Emergências,Salud y Emergencias,Santé et Urgences,Salute ed Emergenze,Gesundheit & Notfälle,健康与紧急情况,I need a doctor.,Eu preciso de um médico.,Necesito un médico.,J'ai besoin d'un médecin.,Ho bisogno di un medico.,Ich brauche einen Arzt.,Wǒ xūyào kàn yīshēng.,我需要看医生。,
214,A1,8,Health & Emergencies,Saúde e Emergências,Salud y Emergencias,Santé et Urgences,Salute ed Emergenze,Gesundheit & Notfälle,健康与紧急情况,Do you have any medicine?,Você tem algum remédio?,¿Tienes alguna medicina?,As-tu des médicaments ?,Hai delle medicine?,Hast du Medikamente?,Nǐ yǒu yào ma?,你有药吗？,
215,A1,8,Health & Emergencies,Saúde e Emergências,Salud y Emergencias,Santé et Urgences,Salute ed Emergenze,Gesundheit & Notfälle,健康与紧急情况,My head hurts.,Minha cabeça dói.,Me duele la cabeza.,J'ai mal à la tête.,Mi fa male la testa.,Mein Kopf tut weh.,Wǒ tóuténg.,我头疼。,
216,A1,8,Health & Emergencies,Saúde e Emergências,Salud y Emergencias,Santé et Urgences,Salute ed Emergenze,Gesundheit & Notfälle,健康与紧急情况,I am very tired.,Eu estou muito cansado.,Estoy muy cansado.,Je suis très fatigué.,Sono molto stanco.,Ich bin sehr müde.,Wǒ hěn lèi.,我很累。,
217,A1,8,Health & Emergencies,Saúde e Emergências,Salud y Emergencias,Santé et Urgences,Salute ed Emergenze,Gesundheit & Notfälle,健康与紧急情况,Call an ambulance!,Chame uma ambulância!,¡Llama a una ambulancia!,Appelez une ambulance !,Chiami un'ambulanza!,Rufen Sie einen Krankenwagen!,Kuài jiào jiùhùchē!,快叫救护车！,
218,A1,8,Health & Emergencies,Saúde e Emergências,Salud y Emergencias,Santé et Urgences,Salute ed Emergenze,Gesundheit & Notfälle,健康与紧急情况,Is there a pharmacy nearby?,Tem uma farmácia por perto?,¿Hay una farmacia cerca?,Y a-t-il une pharmacie à proximité ?,C'è una farmacia qui vicino?,Gibt es eine Apotheke in der Nähe?,Fùjìn yǒu yàodiàn ma?,附近有药店吗？,
219,A1,8,Health & Emergencies,Saúde e Emergências,Salud y Emergencias,Santé et Urgences,Salute ed Emergenze,Gesundheit & Notfälle,健康与紧急情况,I have a cold.,Eu estou resfriado.,Tengo un resfriado.,J'ai un rhume.,Ho il raffreddore.,Ich habe eine Erkältung.,Wǒ gǎnmào le.,我感冒了。,
220,A1,8,Health & Emergencies,Saúde e Emergências,Salud y Emergencias,Santé et Urgences,Salute ed Emergenze,Gesundheit & Notfälle,健康与紧急情况,He is not feeling well.,Ele não está se sentindo bem.,Él no se siente bien.,Il ne se sent pas bien.,Lui non si sente bene.,Er fühlt sich nicht gut.,Tā juéde bù shūfu.,他觉得不舒服。,
221,A1,8,Health & Emergencies,Saúde e Emergências,Salud y Emergencias,Santé et Urgences,Salute ed Emergenze,Gesundheit & Notfälle,健康与紧急情况,Are you okay?,Você está bem?,¿Estás bien?,Est-ce que ça va ?,Stai bene?,Ist alles okay bei dir?,Nǐ méi shì ba?,你没事吧？,
222,A1,8,Health & Emergencies,Saúde e Emergências,Salud y Emergencias,Santé et Urgences,Salute ed Emergenze,Gesundheit & Notfälle,健康与紧急情况,I need some water.,Eu preciso de um pouco de água.,Necesito un poco de agua.,J'ai besoin d'un peu d'eau.,Ho bisogno di un po' d'acqua.,Ich brauche etwas Wasser.,Wǒ xiǎng hē diǎn shuǐ.,我想喝点水。,
223,A1,8,Health & Emergencies,Saúde e Emergências,Salud y Emergencias,Santé et Urgences,Salute ed Emergenze,Gesundheit & Notfälle,健康与紧急情况,"Help me, please!","Ajude-me, por favor!","¡Ayúdame, por favor!","Aidez-moi, s'il vous plaît !","Aiutatemi, per favore!","Hilf mir, bitte!",Qǐng bāng bāng wǒ!,请帮帮我！,
224,A1,8,Health & Emergencies,Saúde e Emergências,Salud y Emergencias,Santé et Urgences,Salute ed Emergenze,Gesundheit & Notfälle,健康与紧急情况,I lost my bag.,Eu perdi minha bolsa.,Perdí mi bolso.,J'ai perdu mon sac.,Ho perso la borsa.,Ich habe meine Tasche verloren.,Wǒ de bāo diū le.,我的包丢了。,
225,A1,8,Health & Emergencies,Saúde e Emergências,Salud y Emergencias,Santé et Urgences,Salute ed Emergenze,Gesundheit & Notfälle,健康与紧急情况,The police station is there.,A delegacia de polícia é ali.,La comisaría de policía está allí.,Le commissariat est là-bas.,Il commissariato è lì.,Die Polizeiwache ist dort.,Pàichūsuǒ zài nàbiān.,派出所在那边。,
226,A1,8,Health & Emergencies,Saúde e Emergências,Salud y Emergencias,Santé et Urgences,Salute ed Emergenze,Gesundheit & Notfälle,健康与紧急情况,I do not feel good.,Eu não me sinto bem.,No me siento bien.,Je ne me sens pas bien.,Non mi sento bene.,Ich fühle mich nicht gut.,Wǒ juéde bù tài hǎo.,我觉得不太好。,
227,A1,8,Health & Emergencies,Saúde e Emergências,Salud y Emergencias,Santé et Urgences,Salute ed Emergenze,Gesundheit & Notfälle,健康与紧急情况,My leg is broken.,Minha perna está quebrada.,Mi pierna está rota.,J'ai la jambe cassée.,Mi sono rotto la gamba.,Mein Bein ist gebrochen.,Wǒ de tuǐ duàn le.,我的腿断了。,
228,A1,8,Health & Emergencies,Saúde e Emergências,Salud y Emergencias,Santé et Urgences,Salute ed Emergenze,Gesundheit & Notfälle,健康与紧急情况,Do you have a bandage?,Você tem um curativo?,¿Tienes un vendaje?,As-tu un bandage ?,Hai una benda?,Hast du einen Verband?,Nǐ yǒu bēngdài ma?,你有绷带吗？,
229,A1,8,Health & Emergencies,Saúde e Emergências,Salud y Emergencias,Santé et Urgences,Salute ed Emergenze,Gesundheit & Notfälle,健康与紧急情况,I am allergic to cats.,Eu sou alérgico a gatos.,Soy alérgico a los gatos.,Je suis allergique aux chats.,Sono allergico ai gatti.,Ich bin allergisch gegen Katzen.,Wǒ duì māo guòmǐn.,我对猫过敏。,
230,A1,8,Health & Emergencies,Saúde e Emergências,Salud y Emergencias,Santé et Urgences,Salute ed Emergenze,Gesundheit & Notfälle,健康与紧急情况,The doctor is coming.,O médico está vindo.,El médico está viniendo.,Le médecin arrive.,Il medico sta arrivando.,Der Arzt kommt.,Yīshēng lái le.,医生来了。,
231,A1,8,Health & Emergencies,Saúde e Emergências,Salud y Emergencias,Santé et Urgences,Salute ed Emergenze,Gesundheit & Notfälle,健康与紧急情况,Where is the emergency exit?,Onde fica a saída de emergência?,¿Dónde está la salida de emergencia?,Où est la sortie de secours ?,Dov'è l'uscita di emergenza?,Wo ist der Notausgang?,Jǐnjí chūkǒu zài nǎlǐ?,紧急出口在哪里？,
232,A1,8,Health & Emergencies,Saúde e Emergências,Salud y Emergencias,Santé et Urgences,Salute ed Emergenze,Gesundheit & Notfälle,健康与紧急情况,I have a fever.,Eu estou com febre.,Tengo fiebre.,J'ai de la fièvre.,Ho la febbre.,Ich habe Fieber.,Wǒ fāshāo le.,我发烧了。,
233,A1,8,Health & Emergencies,Saúde e Emergências,Salud y Emergencias,Santé et Urgences,Salute ed Emergenze,Gesundheit & Notfälle,健康与紧急情况,Does it hurt here?,Dói aqui?,¿Duele aquí?,Est-ce que ça fait mal ici ?,Fa male qui?,Tut es hier weh?,Zhèlǐ téng ma?,这里疼吗？,
234,A1,8,Health & Emergencies,Saúde e Emergências,Salud y Emergencias,Santé et Urgences,Salute ed Emergenze,Gesundheit & Notfälle,健康与紧急情况,I need to sit down.,Eu preciso me sentar.,Necesito sentarme.,J'ai besoin de m'asseoir.,Ho bisogno di sedermi.,Ich muss mich setzen.,Wǒ xiǎng zuò xià.,我想坐下。,
235,A1,8,Health & Emergencies,Saúde e Emergências,Salud y Emergencias,Santé et Urgences,Salute ed Emergenze,Gesundheit & Notfälle,健康与紧急情况,"Stay calm, please.","Fique calmo, por favor.","Mantenga la calma, por favor.","Restez calme, s'il vous plaît.","Mantenga la calma, per favore.",Bleiben Sie bitte ruhig.,Qǐng bǎochí lěngjìng.,请保持冷静。,
236,A1,8,Health & Emergencies,Saúde e Emergências,Salud y Emergencias,Santé et Urgences,Salute ed Emergenze,Gesundheit & Notfälle,健康与紧急情况,Is he breathing?,Ele está respirando?,¿Él está respirando?,Est-ce qu'il respire ?,Lui respira?,Atmet er?,Tā hái yǒu hūxī ma?,他还有呼吸吗？,
237,A1,8,Health & Emergencies,Saúde e Emergências,Salud y Emergencias,Santé et Urgences,Salute ed Emergenze,Gesundheit & Notfälle,健康与紧急情况,I forgot my medicine.,Eu esqueci meu remédio.,Olvidé mi medicina.,J'ai oublié mes médicaments.,Ho dimenticato le mie medicine.,Ich habe meine Medikamente vergessen.,Wǒ wàngle dài yào.,我忘了带药。,
238,A1,8,Health & Emergencies,Saúde e Emergências,Salud y Emergencias,Santé et Urgences,Salute ed Emergenze,Gesundheit & Notfälle,健康与紧急情况,She is in the hospital.,Ela está no hospital.,Ella está en el hospital.,Elle est à l'hôpital.,Lei è in ospedale.,Sie ist im Krankenhaus.,Tā zài yīyuàn.,她在医院。,
239,A1,8,Health & Emergencies,Saúde e Emergências,Salud y Emergencias,Santé et Urgences,Salute ed Emergenze,Gesundheit & Notfälle,健康与紧急情况,I need help immediately.,Eu preciso de ajuda imediatamente.,Necesito ayuda inmediatamente.,J'ai besoin d'aide immédiatement.,Ho bisogno di aiuto subito.,Ich brauche sofort Hilfe.,Wǒ mǎshàng xūyào bāngzhù.,我马上需要帮助。,
240,A1,8,Health & Emergencies,Saúde e Emergências,Salud y Emergencias,Santé et Urgences,Salute ed Emergenze,Gesundheit & Notfälle,健康与紧急情况,Watch out!,Cuidado!,¡Cuidado!,Attention !,Attenzione!,Pass auf!,Xiǎoxīn!,小心！,
241,A1,9,Opinions & Feelings,Opiniões e Sentimentos,Opiniones y Sentimentos,Opinions et Sentiments,Opinioni e Sentimenti,Meinungen & Gefühle,意见与感受,I am very happy today.,Eu estou muito feliz hoje.,Estoy muy feliz hoy.,Je suis très heureux aujourd'hui.,Sono molto felice oggi.,Ich bin heute sehr glücklich.,Wǒ jīntiān hěn gāoxìng.,我今天很高兴。,
242,A1,9,Opinions & Feelings,Opiniões e Sentimentos,Opiniones y Sentimentos,Opinions et Sentiments,Opinioni e Sentimenti,Meinungen & Gefühle,意见与感受,Do you like this movie?,Você gosta deste filme?,¿Te gusta esta película?,Aimes-tu ce film ?,Ti piace questo film?,Magst du diesen Film?,Nǐ xǐhuān zhèbù diànyǐng ma?,你喜欢这部电影吗？,
243,A1,9,Opinions & Feelings,Opiniões e Sentimentos,Opiniones y Sentimentos,Opinions et Sentiments,Opinioni e Sentimenti,Meinungen & Gefühle,意见与感受,I do not like cold weather.,Eu não gosto de tempo frio.,No me gusta el clima frío.,Je n'aime pas le froid.,Non mi piace il freddo.,Ich mag kaltes Wetter nicht.,Wǒ bù xǐhuān lěng tiānqì.,我不喜欢冷天气。,
244,A1,9,Opinions & Feelings,Opiniões e Sentimentos,Opiniones y Sentimentos,Opinions et Sentiments,Opinioni e Sentimenti,Meinungen & Gefühle,意见与感受,This book is very interesting.,Este livro é muito interessante.,Este libro es muy interesante.,Ce livre est très intéressant.,Questo libro è molto interessante.,Dieses Buch ist sehr interessant.,Zhè běn shū hěn yǒu yisi.,这本书很有意思。,
245,A1,9,Opinions & Feelings,Opiniões e Sentimentos,Opiniones y Sentimentos,Opinions et Sentiments,Opinioni e Sentimenti,Meinungen & Gefühle,意见与感受,She is a beautiful woman.,Ela é uma mulher bonita.,Ella es una mujer hermosa.,C'est une belle femme.,È una bella donna.,Sie ist eine schöne Frau.,Tā shì yīgè piàoliang de nǚrén.,她是一个漂亮的女人。,
246,A1,9,Opinions & Feelings,Opiniões e Sentimentos,Opiniones y Sentimentos,Opinions et Sentiments,Opinioni e Sentimenti,Meinungen & Gefühle,意见与感受,I think it is a good idea.,Eu acho que é uma boa ideia.,Creo que es una buena idea.,Je pense que c'est une bonne idée.,Penso che sia una buona idea.,"Ich denke, das ist eine gute Idee.",Wǒ juéde zhè shì yīgè hǎo zhǔyi.,我觉得这是一个好主意。,
247,A1,9,Opinions & Feelings,Opiniões e Sentimentos,Opiniones y Sentimentos,Opinions et Sentiments,Opinioni e Sentimenti,Meinungen & Gefühle,意见与感受,Are you sad?,Você está triste?,¿Estás triste?,Es-tu triste ?,Sei triste?,Bist du traurig?,Nǐ nánguò ma?,你难过吗？,
248,A1,9,Opinions & Feelings,Opiniões e Sentimentos,Opiniones y Sentimentos,Opinions et Sentiments,Opinioni e Sentimenti,Meinungen & Gefühle,意见与感受,I am bored.,Eu estou entediado.,Estoy aburrido.,Je m'ennuie.,Mi annoio.,Mir ist langweilig.,Wǒ hěn wúliáo.,我很无聊。,
249,A1,9,Opinions & Feelings,Opiniões e Sentimentos,Opiniones y Sentimentos,Opinions et Sentiments,Opinioni e Sentimenti,Meinungen & Gefühle,意见与感受,The music is too loud.,A música está alta demais.,La música está demasiado alta.,La musique est trop forte.,La musica è troppo alta.,Die Musik ist zu laut.,Yīnyuè shēngyīn tài dà le.,音乐声音太大了。,
250,A1,9,Opinions & Feelings,Opiniões e Sentimentos,Opiniones y Sentimentos,Opinions et Sentiments,Opinioni e Sentimenti,Meinungen & Gefühle,意见与感受,I love my family.,Eu amo minha família.,Amo a mi familia.,J'aime ma famille.,Amo la mia famiglia.,Ich liebe meine Familie.,Wǒ ài wǒ de jiārén.,我爱我的家人。,
251,A1,9,Opinions & Feelings,Opiniões e Sentimentos,Opiniones y Sentimentos,Opinions et Sentiments,Opinioni e Sentimenti,Meinungen & Gefühle,意见与感受,It is a sunny day.,É um dia ensolarado.,Es un día soleado.,C'est une journée ensoleillée.,È una giornata di sole.,Es ist ein sonniger Tag.,Jīntiān shì qíngtiān.,今天是晴天。,
252,A1,9,Opinions & Feelings,Opiniões e Sentimentos,Opiniones y Sentimentos,Opinions et Sentiments,Opinioni e Sentimenti,Meinungen & Gefühle,意见与感受,I do not think so.,Eu acho que não.,No lo creo.,Je ne pense pas.,Non credo.,Das glaube ich nicht.,Wǒ bù zhème juéde.,我不这么觉得。,
253,A1,9,Opinions & Feelings,Opiniões e Sentimentos,Opiniones y Sentimentos,Opinions et Sentiments,Opinioni e Sentimenti,Meinungen & Gefühle,意见与感受,Is it a difficult question?,É uma pergunta difícil?,¿Es una pregunta difícil?,Est-ce une question difficile ?,È una domanda difficile?,Ist das eine schwierige Frage?,Zhè ge wèntí nán ma?,这个问题难吗？,
254,A1,9,Opinions & Feelings,Opiniões e Sentimentos,Opiniones y Sentimentos,Opinions et Sentiments,Opinioni e Sentimenti,Meinungen & Gefühle,意见与感受,I am afraid of spiders.,Eu tenho medo de aranhas.,Tengo miedo a las arañas.,J'ai peur des araignées.,Ho paura dei ragni.,Ich habe Angst vor Spinnen.,Wǒ pà zhīzhū.,我怕蜘蛛。,
255,A1,9,Opinions & Feelings,Opiniões e Sentimentos,Opiniones y Sentimentos,Opinions et Sentiments,Opinioni e Sentimenti,Meinungen & Gefühle,意见与感受,She is very intelligent.,Ela é muito inteligente.,Ella es muy inteligente.,Elle est très intelligente.,Lei è molto intelligente.,Sie ist sehr intelligent.,Tā hěn cōngming.,她很聪明。,
256,A1,9,Opinions & Feelings,Opiniões e Sentimentos,Opiniones y Sentimentos,Opinions et Sentiments,Opinioni e Sentimenti,Meinungen & Gefühle,意见与感受,The cake is delicious.,O bolo está delicioso.,El pastel está delicioso.,Le gâteau est délicieux.,La torta è deliziosa.,Der Kuchen ist köstlich.,Dàngāo hěn hǎochī.,蛋糕很好吃。,
257,A1,9,Opinions & Feelings,Opiniões e Sentimentos,Opiniones y Sentimentos,Opinions et Sentiments,Opinioni e Sentimenti,Meinungen & Gefühle,意见与感受,I am excited about the party.,Estou animado para a festa.,Estoy emocionado por la fiesta.,Je suis impatient d'aller à la fête.,Sono entusiasta per la festa.,Ich freue mich auf die Party.,Wǒ hěn qīdài zhège pàiduì.,我很期待这个派对。,
258,A1,9,Opinions & Feelings,Opiniões e Sentimentos,Opiniones y Sentimentos,Opinions et Sentiments,Opinioni e Sentimenti,Meinungen & Gefühle,意见与感受,Do you feel angry?,Você está com raiva?,¿Te sientes enojado?,Es-tu en colère ?,Sei arrabbiato?,Bist du wütend?,Nǐ shēngqì le ma?,你生气了吗？,
259,A1,9,Opinions & Feelings,Opiniões e Sentimentos,Opiniones y Sentimentos,Opinions et Sentiments,Opinioni e Sentimenti,Meinungen & Gefühle,意见与感受,The movie is very long.,O filme é muito longo.,La película es muy larga.,Le film est très long.,Il film è molto lungo.,Der Film ist sehr lang.,Diànyǐng hěn cháng.,电影很长。,
260,A1,9,Opinions & Feelings,Opiniões e Sentimentos,Opiniones y Sentimentos,Opinions et Sentiments,Opinioni e Sentimenti,Meinungen & Gefühle,意见与感受,I am not sure.,Eu não tenho certeza.,No estoy seguro.,Je ne suis pas sûr.,Non sono sicuro.,Ich bin mir nicht sicher.,Wǒ bù quèdìng.,我不确定。,
261,A1,9,Opinions & Feelings,Opiniões e Sentimentos,Opiniones y Sentimentos,Opinions et Sentiments,Opinioni e Sentimenti,Meinungen & Gefühle,意见与感受,It is a small problem.,É um problema pequeno.,Es un problema pequeño.,C'est un petit problème.,È un piccolo problema.,Es ist ein kleines Problem.,Zhè shì yīgè xiǎo wèntí.,这是一个小问题。,
262,A1,9,Opinions & Feelings,Opiniões e Sentimentos,Opiniones y Sentimentos,Opinions et Sentiments,Opinioni e Sentimenti,Meinungen & Gefühle,意见与感受,I like your new car.,Eu gosto do seu carro novo.,Me gusta tu coche nuevo.,J'aime ta nouvelle voiture.,Mi piace la tua nuova auto.,Ich mag dein neues Auto.,Wǒ xǐhuān nǐ de xīnchē.,我喜欢你的新车。,
263,A1,9,Opinions & Feelings,Opiniões e Sentimentos,Opiniones y Sentimentos,Opinions et Sentiments,Opinioni e Sentimenti,Meinungen & Gefühle,意见与感受,The water is warm.,A água está morna.,El agua está tibia.,L'eau est tiède.,L'acqua è tiepida.,Das Wasser ist warm.,Shuǐ hěn wēn.,水很温。,
264,A1,9,Opinions & Feelings,Opiniões e Sentimentos,Opiniones y Sentimentos,Opinions et Sentiments,Opinioni e Sentimenti,Meinungen & Gefühle,意见与感受,He is a funny man.,Ele é um homem engraçado.,Él es un hombre divertido.,C'est un homme drôle.,È un uomo divertente.,Er ist ein lustiger Mann.,Tā shì yīgè hěn yǒuqù de rén.,他是一个很有趣的人。,
265,A1,9,Opinions & Feelings,Opiniões e Sentimentos,Opiniones y Sentimentos,Opinions et Sentiments,Opinioni e Sentimenti,Meinungen & Gefühle,意见与感受,I do not like pizza.,Eu não gosto de pizza.,No me gusta la pizza.,Je n'aime pas la pizza.,Non mi piace la pizza.,Ich mag keine Pizza.,Wǒ bù xǐhuān pīsà.,我不喜欢披萨。,
266,A1,9,Opinions & Feelings,Opiniões e Sentimentos,Opiniones y Sentimentos,Opinions et Sentiments,Opinioni e Sentimenti,Meinungen & Gefühle,意见与感受,Is she your favorite singer?,Ela é sua cantora favorita?,¿Ella es tu cantante favorita?,Est-elle ta chanteuse préférée ?,È la tua cantante preferita?,Ist sie deine Lieblingssängerin?,Tā shì nǐ zuì xǐhuān de gēshǒu ma?,她是你最喜欢的歌手吗？,
267,A1,9,Opinions & Feelings,Opiniões e Sentimentos,Opiniones y Sentimentos,Opinions et Sentiments,Opinioni e Sentimenti,Meinungen & Gefühle,意见与感受,The city is very noisy.,A cidade está muito barulhenta.,La ciudad es muy ruidosa.,La ville est très bruyante.,La città è molto rumorosa.,Die Stadt ist sehr laut.,Chéngshì lǐ hěn chǎo.,城市里很吵。,
268,A1,9,Opinions & Feelings,Opiniões e Sentimentos,Opiniones y Sentimentos,Opinions et Sentiments,Opinioni e Sentimenti,Meinungen & Gefühle,意见与感受,I am tired of this game.,Estou cansado deste jogo.,Estoy cansado de este juego.,J'en ai assez de ce jeu.,Sono stanco di questo gioco.,Ich habe dieses Spiel satt.,Wǒ wán nì le zhège yóuxì.,我玩腻了这个游戏。,
269,A1,9,Opinions & Feelings,Opiniões e Sentimentos,Opiniones y Sentimentos,Opinions et Sentiments,Opinioni e Sentimenti,Meinungen & Gefühle,意见与感受,It is a beautiful day.,É um dia lindo.,Es un día hermoso.,C'est une belle journée.,È una bellissima giornata.,Es ist ein wunderschöner Tag.,Jīntiān tiānqì hěn hǎo.,今天天气很好。,
270,A1,9,Opinions & Feelings,Opiniões e Sentimentos,Opiniones y Sentimentos,Opinions et Sentiments,Opinioni e Sentimenti,Meinungen & Gefühle,意见与感受,What do you think?,O que você acha?,¿Qué piensas?,Qu'en penses-tu ?,Cosa ne pensi?,Was denkst du?,Nǐ zěnme kàn?,你怎么看？,
271,A1,10,Abstract  Concepts,Conceitos Abstratos,Conceptos Abstractos,Concepts Abstraits,Concetti Astratti,Abstrakte Konzepte,抽象概念,Time is very important.,O tempo é muito importante.,El tiempo es muy importante.,Le temps est très important.,Il tempo è molto importante.,Zeit ist sehr wichtig.,Shíjiān fēicháng zhòngyào.,时间非常重要。,
272,A1,10,Abstract  Concepts,Conceitos Abstratos,Conceptos Abstractos,Concepts Abstraits,Concetti Astratti,Abstrakte Konzepte,抽象概念,I have a dream.,Eu tenho um sonho.,Tengo un sueño.,J'ai un rêve.,Ho un sogno.,Ich habe einen Traum.,Wǒ yǒu yīgè mèngxiǎng.,我有一个梦想。,
273,A1,10,Abstract  Concepts,Conceitos Abstratos,Conceptos Abstractos,Concepts Abstraits,Concetti Astratti,Abstrakte Konzepte,抽象概念,Life is good.,A vida é boa.,La vida es buena.,La vie est belle.,La vita è bella.,Das Leben ist gut.,Shēnghuó hěn měihǎo.,生活很美好。,
274,A1,10,Abstract  Concepts,Conceitos Abstratos,Conceptos Abstractos,Concepts Abstraits,Concetti Astratti,Abstrakte Konzepte,抽象概念,The world is big.,O mundo é grande.,El mundo es grande.,Le monde est grand.,Il mondo è grande.,Die Welt ist groß.,Shìjiè hěn dà.,世界很大。,
275,A1,10,Abstract  Concepts,Conceitos Abstratos,Conceptos Abstractos,Concepts Abstraits,Concetti Astratti,Abstrakte Konzepte,抽象概念,Today is a new day.,Hoje é um novo dia.,Hoy es un nuevo día.,Aujourd'hui est un nouveau jour.,Oggi è un nuovo giorno.,Heute ist ein neuer Tag.,Jīntiān shì xīn de yītiān.,今天是新的一天。,
276,A1,10,Abstract  Concepts,Conceitos Abstratos,Conceptos Abstractos,Concepts Abstraits,Concetti Astratti,Abstrakte Konzepte,抽象概念,Is love important?,O amor é importante?,¿Es importante el amor?,L'amour est-il important ?,L'amore è importante?,Ist Liebe wichtig?,Àiqíng zhòngyào ma?,爱情重要吗？,
277,A1,10,Abstract  Concepts,Conceitos Abstratos,Conceptos Abstractos,Concepts Abstraits,Concetti Astratti,Abstrakte Konzepte,抽象概念,I do not have time.,Eu não tenho tempo.,No tengo tiempo.,Je n'ai pas le temps.,Non ho tempo.,Ich habe keine Zeit.,Wǒ méiyǒu shíjiān.,我没有时间。,
278,A1,10,Abstract  Concepts,Conceitos Abstratos,Conceptos Abstractos,Concepts Abstraits,Concetti Astratti,Abstrakte Konzepte,抽象概念,Knowledge is good.,O conhecimento é bom.,El conocimiento es bueno.,La connaissance est une bonne chose.,La conoscenza è un bene.,Wissen ist gut.,Xué zhīshi shì hǎoshì.,学知识是好事。,
279,A1,10,Abstract  Concepts,Conceitos Abstratos,Conceptos Abstractos,Concepts Abstraits,Concetti Astratti,Abstrakte Konzepte,抽象概念,The future is far.,O futuro está longe.,El futuro está lejos.,Le futur est loin.,Il futuro è lontano.,Die Zukunft ist fern.,Wèilái hái hěn yuǎn.,未来还很远。,
280,A1,10,Abstract  Concepts,Conceitos Abstratos,Conceptos Abstractos,Concepts Abstraits,Concetti Astratti,Abstrakte Konzepte,抽象概念,The sun is a star.,O sol é uma estrela.,El sol es una estrella.,Le soleil est une étoile.,Il sole è una stella.,Die Sonne ist ein Stern.,Tàiyáng shì yī kē héngxīng.,太阳是一颗恒星。,
281,A1,10,Abstract  Concepts,Conceitos Abstratos,Conceptos Abstractos,Concepts Abstraits,Concetti Astratti,Abstrakte Konzepte,抽象概念,Nature is beautiful.,A natureza é bela.,La naturaleza es hermosa.,La nature est belle.,La natura è bella.,Die Natur ist wunderschön.,Dàzìrán hěn měi.,大自然很美。,
282,A1,10,Abstract  Concepts,Conceitos Abstratos,Conceptos Abstractos,Concepts Abstraits,Concetti Astratti,Abstrakte Konzepte,抽象概念,Money is not everything.,Dinheiro não é tudo.,El dinero no lo es todo.,L'argent ne fait pas tout.,I soldi non sono tutto.,Geld ist nicht alles.,Qián bùshì yīqiè.,钱不是一切。,
283,A1,10,Abstract  Concepts,Conceitos Abstratos,Conceptos Abstractos,Concepts Abstraits,Concetti Astratti,Abstrakte Konzepte,抽象概念,Peace is good.,A paz é boa.,La paz es buena.,La paix est une bonne chose.,La pace è un bene.,Frieden ist gut.,Hépíng shì jiàn hǎoshì.,和平是件好事。,
284,A1,10,Abstract  Concepts,Conceitos Abstratos,Conceptos Abstractos,Concepts Abstraits,Concetti Astratti,Abstrakte Konzepte,抽象概念,Is the truth important?,A verdade é importante?,¿Es importante la verdad?,Est-ce que la vérité est importante ?,La verità è importante?,Ist die Wahrheit wichtig?,Zhēnxiàng zhòngyào ma?,真相重要吗？,
285,A1,10,Abstract  Concepts,Conceitos Abstratos,Conceptos Abstractos,Concepts Abstraits,Concetti Astratti,Abstrakte Konzepte,抽象概念,I have a question about life.,Eu tenho uma pergunta sobre a vida.,Tengo una pregunta sobre la vida.,J'ai une question sur la vie.,Ho una domanda sulla vita.,Ich habe eine Frage zum Leben.,Wǒ yǒu yīgè guānyú rénshēng de wèntí.,我有一个关于人生的问题。,
286,A1,10,Abstract  Concepts,Conceitos Abstratos,Conceptos Abstractos,Concepts Abstraits,Concetti Astratti,Abstrakte Konzepte,抽象概念,The sky is blue.,O céu é azul.,El cielo es azul.,Le ciel est bleu.,Il cielo è blu.,Der Himmel ist blau.,Tiānkōng shì lánsè de.,天空是蓝色的。,
287,A1,10,Abstract  Concepts,Conceitos Abstratos,Conceptos Abstractos,Concepts Abstraits,Concetti Astratti,Abstrakte Konzepte,抽象概念,People are different.,As pessoas são diferentes.,Las personas son diferentes.,Les gens sont différents.,Le persone sono diverse.,Menschen sind unterschiedlich.,Měigèrén dōu bùtóng.,每个人都不同。,
288,A1,10,Abstract  Concepts,Conceitos Abstratos,Conceptos Abstractos,Concepts Abstraits,Concetti Astratti,Abstrakte Konzepte,抽象概念,Friends are important.,Amigos são importantes.,Los amigos son importantes.,Les amis sont importants.,Gli amici sono importanti.,Freunde sind wichtig.,Péngyou hěn zhòngyào.,朋友很重要。,
289,A1,10,Abstract  Concepts,Conceitos Abstratos,Conceptos Abstractos,Concepts Abstraits,Concetti Astratti,Abstrakte Konzepte,抽象概念,Work is necessary.,O trabalho é necessário.,El trabajo es necesario.,Le travail est nécessaire.,Il lavoro è necessario.,Arbeit ist notwendig.,Gōngzuò shì bìyào de.,工作是必要的。,
290,A1,10,Abstract  Concepts,Conceitos Abstratos,Conceptos Abstractos,Concepts Abstraits,Concetti Astratti,Abstrakte Konzepte,抽象概念,History is interesting.,A história é interessante.,La historia es interesante.,L'histoire est intéressante.,La storia è interessante.,Geschichte ist interessant.,Lìshǐ hěn yǒu yisi.,历史很有意思。,
291,A1,10,Abstract  Concepts,Conceitos Abstratos,Conceptos Abstractos,Concepts Abstraits,Concetti Astratti,Abstrakte Konzepte,抽象概念,Music is my life.,Música é minha vida.,La música es mi vida.,"La musique, c'est ma vie.",La musica è la mia vita.,Musik ist mein Leben.,Yīnyuè shì wǒ de shēngmìng.,音乐是我的生命。,
292,A1,10,Abstract  Concepts,Conceitos Abstratos,Conceptos Abstractos,Concepts Abstraits,Concetti Astratti,Abstrakte Konzepte,抽象概念,Family is first.,A família vem em primeiro lugar.,La familia es lo primero.,La famille passe avant tout.,La famiglia viene prima di tutto.,Familie kommt an erster Stelle.,Jiārén dì yī.,家人第一。,
293,A1,10,Abstract  Concepts,Conceitos Abstratos,Conceptos Abstractos,Concepts Abstraits,Concetti Astratti,Abstrakte Konzepte,抽象概念,Is the answer right?,A resposta está certa?,¿Es correcta la respuesta?,La réponse est-elle juste ?,La risposta è giusta?,Ist die Antwort richtig?,Dá'àn duì ma?,答案对吗？,
294,A1,10,Abstract  Concepts,Conceitos Abstratos,Conceptos Abstractos,Concepts Abstraits,Concetti Astratti,Abstrakte Konzepte,抽象概念,I think about the future.,Eu penso sobre o futuro.,Pienso en el futuro.,Je pense au futur.,Penso al futuro.,Ich denke über die Zukunft nach.,Wǒ zài xiǎng wèilái.,我在想未来。,
295,A1,10,Abstract  Concepts,Conceitos Abstratos,Conceptos Abstractos,Concepts Abstraits,Concetti Astratti,Abstrakte Konzepte,抽象概念,The past is gone.,O passado já passou.,El pasado ya pasó.,Le passé est révolu.,Il passato è passato.,Die Vergangenheit ist vorbei.,Guòqù yǐjīng guòqù le.,过去已经过去了。,
296,A1,10,Abstract  Concepts,Conceitos Abstratos,Conceptos Abstractos,Concepts Abstraits,Concetti Astratti,Abstrakte Konzepte,抽象概念,Everything is okay.,Está tudo bem.,Todo está bien.,Tout va bien.,Tutto è a posto.,Alles ist okay.,Yīqiè dōu hǎo.,一切都好。,
297,A1,10,Abstract  Concepts,Conceitos Abstratos,Conceptos Abstractos,Concepts Abstraits,Concetti Astratti,Abstrakte Konzepte,抽象概念,Is change good?,A mudança é boa?,¿Es bueno el cambio?,Le changement est-il une bonne chose ?,Il cambiamento è un bene?,Ist Veränderung gut?,Biànhuà shì hǎoshì ma?,变化是好事吗？,
298,A1,10,Abstract  Concepts,Conceitos Abstratos,Conceptos Abstractos,Concepts Abstraits,Concetti Astratti,Abstrakte Konzepte,抽象概念,Ideas are powerful.,Ideias são poderosas.,Las ideas son poderosas.,Les idées sont puissantes.,Le idee sono potenti.,Ideen sind mächtig.,Xiǎngfǎ hěn yǒu lìliàng.,想法很有力量。,
299,A1,10,Abstract  Concepts,Conceitos Abstratos,Conceptos Abstractos,Concepts Abstraits,Concetti Astratti,Abstrakte Konzepte,抽象概念,Success is hard work.,Sucesso é trabalho duro.,El éxito es trabajo duro.,Le succès est le fruit du travail.,Il successo è frutto del duro lavoro.,Erfolg ist harte Arbeit.,Chénggōng láizì nǔlì.,成功来自努力。,
300,A1,10,Abstract  Concepts,Conceitos Abstratos,Conceptos Abstractos,Concepts Abstraits,Concetti Astratti,Abstrakte Konzepte,抽象概念,I want to learn more.,Eu quero aprender mais.,Quiero aprender más.,Je veux en apprendre davantage.,Voglio imparare di più.,Ich möchte mehr lernen.,Wǒ xiǎng xué gèng duō.,我想学更多。,
301,A2,11,Greetings & Social Basics,Saudações e Socialização,Saludos y Socialización,Salutations et Base Sociale,Saluti e Socializzazione,Begrüßung & Soziales,问候与社交基础,How have you been lately?,Como você tem passado ultimamente?,¿Cómo has estado últimamente?,Comment vas-tu ces derniers temps ?,Come sei stato ultimamente?,Wie ging es dir in letzter Zeit?,Nǐ zuìjìn hǎo ma?,你最近好吗？,
302,A2,11,Greetings & Social Basics,Saudações e Socialização,Saludos y Socialización,Salutations et Base Sociale,Saluti e Socializzazione,Begrüßung & Soziales,问候与社交基础,I would like to introduce my colleague.,Eu gostaria de apresentar meu colega.,Me gustaría presentar a mi colega.,Je voudrais présenter mon collègue.,Vorrei presentarti il mio collega.,Ich möchte dir meinen Kollegen vorstellen.,Wǒ xiǎng jièshào yīxià wǒ de tóngshì.,我想介绍一下我的同事。,
303,A2,11,Greetings & Social Basics,Saudações e Socialização,Saludos y Socialización,Salutations et Base Sociale,Saluti e Socializzazione,Begrüßung & Soziales,问候与社交基础,Can you tell me more about yourself?,Você pode me contar mais sobre você?,¿Puedes contarme más sobre ti?,Peux-tu m'en dire plus sur toi ?,Puoi dirmi di più su di te?,Kannst du mir mehr über dich erzählen?,Nǐ néng duō gēn wǒ jiǎngjiang nǐ zìjǐ ma?,你能多跟我讲讲你自己吗？,
304,A2,11,Greetings & Social Basics,Saudações e Socialização,Saludos y Socialización,Salutations et Base Sociale,Saluti e Socializzazione,Begrüßung & Soziales,问候与社交基础,It was nice talking to you yesterday.,Foi bom conversar com você ontem.,Fue un gusto hablar contigo ayer.,C'était agréable de te parler hier.,È stato bello parlare con te ieri.,"Es war nett, gestern mit dir zu sprechen.",Zuótiān gēn nǐ liáo de hěn kāixīn.,昨天跟你聊得很开心。,
305,A2,11,Greetings & Social Basics,Saudações e Socialização,Saludos y Socialización,Salutations et Base Sociale,Saluti e Socializzazione,Begrüßung & Soziales,问候与社交基础,Did you have a good weekend?,Você teve um bom fim de semana?,¿Tuviste un buen fin de semana?,As-tu passé un bon week-end ?,Hai passato un buon fine settimana?,Hattest du ein schönes Wochenende?,Nǐ zhōumò guò de hǎo ma?,你周末过得好吗？,
306,A2,11,Greetings & Social Basics,Saudações e Socialização,Saludos y Socialización,Salutations et Base Sociale,Saluti e Socializzazione,Begrüßung & Soziales,问候与社交基础,"I am sorry, I didn't catch your name.","Sinto muito, não entendi seu nome.","Lo siento, no entendí tu nombre.","Désolé, je n'ai pas saisi votre nom.","Scusa, non ho capito il tuo nome.","Entschuldigung, ich habe deinen Namen nicht mitbekommen.","Duìbuqǐ, wǒ méi tīngqīng nǐ de míngzi.",对不起，我没听清你的名字。,
307,A2,11,Greetings & Social Basics,Saudações e Socialização,Saludos y Socialización,Salutations et Base Sociale,Saluti e Socializzazione,Begrüßung & Soziales,问候与社交基础,Could you repeat that more slowly?,Você poderia repetir isso mais devagar?,¿Podrías repetir eso más despacio?,Pourriez-vous répéter plus lentement ?,Potresti ripeterlo più lentamente?,Könntest du das bitte langsamer wiederholen?,Nǐ néng màn yīdiǎn zài shuō yībiàn ma?,你能慢一点再说一遍吗？,
308,A2,11,Greetings & Social Basics,Saudações e Socialização,Saludos y Socialización,Salutations et Base Sociale,Saluti e Socializzazione,Begrüßung & Soziales,问候与社交基础,"We haven't met before, have we?","Nós não nos conhecemos antes, não é?","No nos hemos conocido antes, ¿verdad?","Nous ne nous sommes pas encore rencontrés, n'est-ce pas ?","Non ci siamo mai incontrati prima, vero?","Wir kennen uns noch nicht, oder?",Wǒmen yǐqián méi jiànguò ba?,我们以前没见过吧？,
309,A2,11,Greetings & Social Basics,Saudações e Socialização,Saludos y Socialización,Salutations et Base Sociale,Saluti e Socializzazione,Begrüßung & Soziales,问候与社交基础,I hope to see you again soon.,Espero ver você de novo em breve.,Espero verte pronto de nuevo.,J'espère te revoir bientôt.,Spero di rivederti presto.,"Ich hoffe, dich bald wiederzusehen.",Xīwàng hěn kuài néng zài jiàndào nǐ.,希望很快能再见到你。,
310,A2,11,Greetings & Social Basics,Saudações e Socialização,Saludos y Socialización,Salutations et Base Sociale,Saluti e Socializzazione,Begrüßung & Soziales,问候与社交基础,Would you like to join us for coffee?,Você gostaria de se juntar a nós para um café?,¿Te gustaría acompañarnos a tomar un café?,Aimerais-tu te joindre à nous pour un café ?,Ti andrebbe di prendere un caffè con noi?,Möchtest du mit uns einen Kaffee trinken gehen?,Nǐ xiǎng hé wǒmen yīqǐ qù hē kāfēi ma?,你想和我们一起去喝咖啡吗？,
311,A2,11,Greetings & Social Basics,Saudações e Socialização,Saludos y Socialización,Salutations et Base Sociale,Saluti e Socializzazione,Begrüßung & Soziales,问候与社交基础,What do you like to do in your free time?,O que você gosta de fazer no seu tempo livre?,¿Qué te gusta hacer en tu tiempo libre?,Qu'est-ce que tu aimes faire pendant ton temps libre ?,Cosa ti piace fare nel tuo tempo libero?,Was machst du gerne in deiner Freizeit?,Nǐ píngshí yǒu kòng xǐhuān zuò shénme?,你平时有空喜欢做什么？,
312,A2,11,Greetings & Social Basics,Saudações e Socialização,Saludos y Socialización,Salutations et Base Sociale,Saluti e Socializzazione,Begrüßung & Soziales,问候与社交基础,I am glad to see you again.,Estou feliz em ver você de novo.,Me alegra verte de nuevo.,Je suis ravi de te revoir.,Sono felice di rivederti.,"Ich freue mich, dich wiederzusehen.",Hěn gāoxìng yòu jiàndào nǐ.,很高兴又见到你。,
313,A2,11,Greetings & Social Basics,Saudações e Socialização,Saludos y Socialización,Salutations et Base Sociale,Saluti e Socializzazione,Begrüßung & Soziales,问候与社交基础,Please make yourself at home.,"Por favor, sinta-se em casa.","Por favor, siéntete como en casa.","S'il te plaît, fais comme chez toi.","Prego, fai come se fossi a casa tua.",Bitte fühl dich wie zu Hause.,"Bié kèqi, dàng zìjǐ jiā yīyàng.",别客气，当自己家一样。,
314,A2,11,Greetings & Social Basics,Saudações e Socialização,Saludos y Socialización,Salutations et Base Sociale,Saluti e Socializzazione,Begrüßung & Soziales,问候与社交基础,Can I get you anything to drink?,Posso te oferecer algo para beber?,¿Puedo ofrecerte algo de beber?,Puis-je t'offrir quelque chose à boire ?,Posso portarti qualcosa da bere?,Kann ich dir etwas zu trinken bringen?,Nǐ xiǎng hē diǎn shénme ma?,你想喝点什么吗？,
315,A2,11,Greetings & Social Basics,Saudações e Socialização,Saludos y Socialización,Salutations et Base Sociale,Saluti e Socializzazione,Begrüßung & Soziales,问候与社交基础,How is your family doing?,Como vai sua família?,¿Cómo está tu familia?,Comment va ta famille ?,Come sta la tua famiglia?,Wie geht es deiner Familie?,Nǐ jiālǐ rén dōu hǎo ma?,你家里人都好吗？,
316,A2,11,Greetings & Social Basics,Saudações e Socialização,Saludos y Socialización,Salutations et Base Sociale,Saluti e Socializzazione,Begrüßung & Soziales,问候与社交基础,I don't think we have met yet.,Acho que ainda não nos conhecemos.,Creo que aún no nos conocemos.,Je ne pense pas que nous nous soyons déjà rencontrés.,Non credo che ci siamo ancora presentati.,"Ich glaube, wir kennen uns noch nicht.",Wǒ xiǎng wǒmen hái méi jiànguò.,我想我们还没见过。,
317,A2,11,Greetings & Social Basics,Saudações e Socialização,Saludos y Socialización,Salutations et Base Sociale,Saluti e Socializzazione,Begrüßung & Soziales,问候与社交基础,Thank you for inviting me to your party.,Obrigado por me convidar para sua festa.,Gracias por invitarme a tu fiesta.,Merci de m'avoir invité à ta fête.,Grazie per avermi invitato alla tua festa.,Danke für die Einladung zu deiner Party.,Xièxie nǐ yāoqǐng wǒ cānjiā nǐ de pàiduì.,谢谢你邀请我参加你的派对。,
318,A2,11,Greetings & Social Basics,Saudações e Socialização,Saludos y Socialización,Salutations et Base Sociale,Saluti e Socializzazione,Begrüßung & Soziales,问候与社交基础,It is very kind of you to help.,É muita gentileza sua ajudar.,Es muy amable de tu parte ayudar.,C'est très gentil de votre part d'aider.,È molto gentile da parte tua aiutarmi.,"Es ist sehr nett von dir, zu helfen.",Nǐ néng bāngmáng zhēnshì tài hǎo le.,你能帮忙真是太好了。,
319,A2,11,Greetings & Social Basics,Saudações e Socialização,Saludos y Socialización,Salutations et Base Sociale,Saluti e Socializzazione,Begrüßung & Soziales,问候与社交基础,What brings you here today?,O que te traz aqui hoje?,¿Qué te trae por aquí hoy?,Qu'est-ce qui t'amène ici aujourd'hui ?,Cosa ti porta qui oggi?,Was führt dich heute hierher?,Jīntiān shénme fēng bǎ nǐ chuī lái le.,今天什么风把你吹来了？,
320,A2,11,Greetings & Social Basics,Saudações e Socialização,Saludos y Socialización,Salutations et Base Sociale,Saluti e Socializzazione,Begrüßung & Soziales,问候与社交基础,Are you enjoying the event so far?,Você está gostando do evento até agora?,¿Estás disfrutando del evento hasta ahora?,Est-ce que l'événement te plaît jusqu'à présent ?,Ti sta piacendo l'evento finora?,Gefällt dir die Veranstaltung bisher?,"Mùqián wéizhǐ, nǐ juéde zhège huódòng zěnmeyàng?",目前为止，你觉得这个活动怎么样？,
321,A2,11,Greetings & Social Basics,Saudações e Socialização,Saludos y Socialización,Salutations et Base Sociale,Saluti e Socializzazione,Begrüßung & Soziales,问候与社交基础,I am afraid I have to go now.,Receio que tenho que ir agora.,Me temo que tengo que irme ahora.,Je crains de devoir y aller maintenant.,Temo di dover andare adesso.,"Ich fürchte, ich muss jetzt gehen.",Wǒ xiǎng wǒ xiànzài děi zǒu le.,我想我现在得走了。,
322,A2,11,Greetings & Social Basics,Saudações e Socialização,Saludos y Socialización,Salutations et Base Sociale,Saluti e Socializzazione,Begrüßung & Soziales,问候与社交基础,Let’s keep in touch.,Vamos manter contato.,Mantengamos el contacto.,Restons en contact.,Restiamo in contatto.,Lass uns in Kontakt bleiben.,Wǒmen bǎochí liánxì ba.,我们保持联系吧。,
323,A2,11,Greetings & Social Basics,Saudações e Socialização,Saludos y Socialización,Salutations et Base Sociale,Saluti e Socializzazione,Begrüßung & Soziales,问候与社交基础,Do you have a business card?,Você tem um cartão de visitas?,¿Tienes una tarjeta de presentación?,Avez-vous une carte de visite ?,Hai un biglietto da visita?,Hast du eine Visitenkarte?,Nǐ yǒu míngpiàn ma?,你有名片吗？,
324,A2,11,Greetings & Social Basics,Saudações e Socialização,Saludos y Socialización,Salutations et Base Sociale,Saluti e Socializzazione,Begrüßung & Soziales,问候与社交基础,Give my regards to your parents.,Dê lembranças aos seus pais.,Dale mis saludos a tus padres.,Salue tes parents de ma part.,Saluta i tuoi genitori da parte mia.,Grüß deine Eltern von mir.,Dài wǒ xiàng nǐ fùmǔ wènhǎo.,代我向你父母问好。,
325,A2,11,Greetings & Social Basics,Saudações e Socialização,Saludos y Socialización,Salutations et Base Sociale,Saluti e Socializzazione,Begrüßung & Soziales,问候与社交基础,I really appreciate your advice.,Eu realmente agradeço seu conselho.,Realmente agradezco tu consejo.,J'apprécie vraiment tes conseils.,Apprezzo molto il tuo consiglio.,Ich weiß deinen Rat wirklich zu schätzen.,Wǒ hěn gǎnxiè nǐ de jiànyì.,我很感谢你的建议。,
326,A2,11,Greetings & Social Basics,Saudações e Socialização,Saludos y Socialización,Salutations et Base Sociale,Saluti e Socializzazione,Begrüßung & Soziales,问候与社交基础,Was it difficult to find the place?,Foi difícil encontrar o lugar?,¿Fue difícil encontrar el lugar?,Était-ce difficile de trouver l'endroit ?,È stato difficile trovare il posto?,"War es schwierig, den Ort zu finden?",Zhè dìfang hǎo zhǎo ma?,这地方好找吗？,
327,A2,11,Greetings & Social Basics,Saudações e Socialização,Saludos y Socialización,Salutations et Base Sociale,Saluti e Socializzazione,Begrüßung & Soziales,问候与社交基础,You look great today!,Você está ótimo hoje!,¡Te ves genial hoy!,Tu es superbe aujourd'hui !,Stai benissimo oggi!,Du siehst heute toll aus!,Nǐ jīntiān kànqǐlai hěn bàng!,你今天看起来很棒！,
328,A2,11,Greetings & Social Basics,Saudações e Socialização,Saludos y Socialización,Salutations et Base Sociale,Saluti e Socializzazione,Begrüßung & Soziales,问候与社交基础,I am sorry for the misunderstanding.,Sinto muito pelo mal-entendido.,Siento mucho el malentendido.,Je suis désolé pour le malentendu.,Mi dispiace per l'incomprensione.,Das Missverständnis tut mir leid.,Chǎnshēng wùhuì wǒ hěn bàoqiàn.,产生误会我很抱歉。,
329,A2,11,Greetings & Social Basics,Saudações e Socialização,Saludos y Socialización,Salutations et Base Sociale,Saluti e Socializzazione,Begrüßung & Soziales,问候与社交基础,Can I help you with your bags?,Posso te ajudar com suas malas?,¿Puedo ayudarte con tus maletas?,Puis-je t'aider avec tes bagages ?,Posso aiutarti con le valigie?,Kann ich dir mit deinen Taschen helfen?,Wǒ lái bāng nǐ ná xíngli ba?,我来帮您拿行李吧？,
330,A2,11,Greetings & Social Basics,Saudações e Socialização,Saludos y Socialización,Salutations et Base Sociale,Saluti e Socializzazione,Begrüßung & Soziales,问候与社交基础,Have a safe trip home.,Tenha uma boa viagem para casa.,Ten un buen viaje a casa.,Fais bon voyage pour rentrer chez toi.,Fai buon viaggio verso casa.,Komm gut nach Hause.,Huíjiā lùshang zhùyì ānquán.,回家路上注意安全。,
331,A2,12,Personal Information,Informações Pessoais,Información Personal,Informations Personnelles,Informazioni Personali,Persönliche Infos,个人信息,I was born in a small village.,Eu nasci em uma pequena vila.,Nací en un pueblo pequeño.,Je suis né dans un petit village.,Sono nato in un piccolo paese.,Ich bin in einem kleinen Dorf geboren.,Wǒ chūshēng zài yīgè xiǎo cūnzi lǐ.,我出生在一个小村子里。,
332,A2,12,Personal Information,Informações Pessoais,Información Personal,Informations Personnelles,Informazioni Personali,Persönliche Infos,个人信息,Where did you grow up?,Onde você cresceu?,¿Dónde creciste?,Où as-tu grandi ?,Dove sei cresciuto?,Wo bist du aufgewachsen?,Nǐ zài nǎlǐ zhǎng dà de?,你在哪里长大的？,
333,A2,12,Personal Information,Informações Pessoais,Información Personal,Informations Personnelles,Informazioni Personali,Persönliche Infos,个人信息,She has been a nurse for five years.,Ela é enfermeira há cinco anos.,Ella ha sido enfermera por cinco años.,Elle est infirmière depuis cinq ans.,Lei fa l'infermiera da cinque anni.,Sie ist seit fünf Jahren Krankenschwester.,Tā dāng hùshì yǐjīng wǔ nián le.,她当护士已经五年了。,
334,A2,12,Personal Information,Informações Pessoais,Información Personal,Informations Personnelles,Informazioni Personali,Persönliche Infos,个人信息,I am taller than my older brother.,Eu sou mais alto que meu irmão mais velho.,Soy más alto que mi hermano mayor.,Je suis plus grand que mon frère aîné.,Sono più alto di mio fratello maggiore.,Ich bin größer als mein älterer Bruder.,Wǒ bǐ wǒ gēge gāo.,我比我哥哥高。,
335,A2,12,Personal Information,Informações Pessoais,Información Personal,Informations Personnelles,Informazioni Personali,Persönliche Infos,个人信息,What kind of music do you prefer?,Que tipo de música você prefere?,¿Qué tipo de música prefieres?,Quel genre de musique préfères-tu ?,Che tipo di musica preferisci?,Welche Art von Musik bevorzugst du?,Nǐ gèng xǐhuān nǎ zhǒng yīnyuè?,你更喜欢哪种音乐？,
336,A2,12,Personal Information,Informações Pessoais,Información Personal,Informations Personnelles,Informazioni Personali,Persönliche Infos,个人信息,He doesn't live with his parents anymore.,Ele não mora mais com os pais.,Él ya no vive con sus padres.,Il ne vit plus chez ses parents.,Lui non vive più con i suoi genitori.,Er wohnt nicht mehr bei seinen Eltern.,Tā yǐjīng bù hé fùmǔ zhù zài yīqǐ le.,他已经不和父母住在一起了。,
337,A2,12,Personal Information,Informações Pessoais,Información Personal,Informations Personnelles,Informazioni Personali,Persönliche Infos,个人信息,My sister is getting married next month.,Minha irmã vai se casar no próximo mês.,Mi hermana se casará el próximo mes.,Ma sœur se marie le mois prochain.,Mia sorella si sposa il mese prossimo.,Meine Schwester heiratet nächsten Monat.,Wǒ jiějie xià gè yuè jiéhūn.,我姐姐下个月结婚。,
338,A2,12,Personal Information,Informações Pessoais,Información Personal,Informations Personnelles,Informazioni Personali,Persönliche Infos,个人信息,Do you have any pets at home?,Você tem algum animal de estimação em casa?,¿Tienes alguna mascota en casa?,As-tu des animaux de compagnie à la maison ?,Hai animali domestici in casa?,Hast du Haustiere zu Hause?,Nǐ jiālǐ yǎng chǒngwù ma?,你家里养宠物吗？,
339,A2,12,Personal Information,Informações Pessoais,Información Personal,Informations Personnelles,Informazioni Personali,Persönliche Infos,个人信息,I used to play the piano when I was young.,Eu costumava tocar piano quando era jovem.,Solía tocar el piano cuando era joven.,Je jouais du piano quand j'étais jeune.,Suonavo il pianoforte quando ero giovane.,"Als ich jung war, habe ich Klavier gespielt.",Wǒ xiǎoshíhou jīngcháng tán gāngqín.,我小时候经常弹钢琴。,
340,A2,12,Personal Information,Informações Pessoais,Información Personal,Informations Personnelles,Informazioni Personali,Persönliche Infos,个人信息,She is much younger than she looks.,Ela é muito mais jovem do que parece.,Ella es mucho más joven de lo que parece.,Elle est beaucoup plus jeune qu'elle n'en a l'air.,Lei è molto più giovane di quanto sembri.,"Sie ist viel jünger, als sie aussieht.",Tā bǐ kànqǐlai niánqīng de duō.,她比看起来年轻得多。,
341,A2,12,Personal Information,Informações Pessoais,Información Personal,Informations Personnelles,Informazioni Personali,Persönliche Infos,个人信息,What is your favorite childhood memory?,Qual é a sua memória de infância favorita?,¿Cuál es tu recuerdo favorito de la infancia?,Quel est ton souvenir d'enfance préféré ?,Qual è il tuo ricordo d'infanzia preferito?,Was ist deine liebste Kindheitserinnerung?,Nǐ zuì měihǎo de tóngnián huíyì shì shénme?,你最美好的童年回忆是什么？,
342,A2,12,Personal Information,Informações Pessoais,Información Personal,Informations Personnelles,Informazioni Personali,Persönliche Infos,个人信息,I am the youngest person in my family.,Eu sou a pessoa mais nova da minha família.,Soy la persona más joven de mi familia.,Je suis la plus jeune de ma famille.,Sono la persona più giovane della mia famiglia.,Ich bin der Jüngste in meiner Familie.,Wǒ shì jiālǐ zuì xiǎo de.,我是家里最小的。,
343,A2,12,Personal Information,Informações Pessoais,Información Personal,Informations Personnelles,Informazioni Personali,Persönliche Infos,个人信息,He is not as friendly as his sister.,Ele não é tão amigável quanto a irmã.,Él no es tan amable como su hermana.,Il n'est pas aussi amical que sa sœur.,Lui non è amichevole come sua sorella.,Er ist nicht so freundlich wie seine Schwester.,Tā méiyǒu tā jiějie nàme yǒuhǎo.,他没有他姐姐那么友好。,
344,A2,12,Personal Information,Informações Pessoais,Información Personal,Informations Personnelles,Informazioni Personali,Persönliche Infos,个人信息,How long have you lived in this city?,Há quanto tempo você mora nesta cidade?,¿Cuánto tiempo llevas viviendo en esta ciudad?,Depuis combien de temps habites-tu dans cette ville ?,Da quanto tempo vivi in questa città?,Wie lange lebst du schon in dieser Stadt?,Nǐ zài zhège chéngshì zhù le duōjiǔ le?,你在这个城市住了多久了？,
345,A2,12,Personal Information,Informações Pessoais,Información Personal,Informations Personnelles,Informazioni Personali,Persönliche Infos,个人信息,I moved here two years ago.,Eu me mudei para cá há dois anos.,Me mudé aquí hace dos años.,J'ai emménagé ici il y a deux ans.,Mi sono trasferito qui due anni fa.,Ich bin vor zwei Jahren hierher gezogen.,Wǒ shì liǎng nián qián bān dào zhèlǐ de.,我是两年前搬到这里的。,
346,A2,12,Personal Information,Informações Pessoais,Información Personal,Informations Personnelles,Informazioni Personali,Persönliche Infos,个人信息,Are you interested in photography?,Você tem interesse em fotografia?,¿Te interesa la fotografía?,Est-ce que la photographie t'intéresse ?,Ti interessa la fotografia?,Interessierst du dich für Fotografie?,Nǐ duì shèyǐng gǎn xìngqù ma?,你对摄影感兴趣吗？,
347,A2,12,Personal Information,Informações Pessoais,Información Personal,Informations Personnelles,Informazioni Personali,Persönliche Infos,个人信息,She wants to be an architect.,Ela quer ser arquiteta.,Ella quiere ser arquitecta.,Elle veut être architecte.,Lei vuole fare l'architetto.,Sie möchte Architektin werden.,Tā xiǎng dāng yīmíng jiànzhùshī.,她想当一名建筑师。,
348,A2,12,Personal Information,Informações Pessoais,Información Personal,Informations Personnelles,Informazioni Personali,Persönliche Infos,个人信息,I don't have much free time these days.,Não tenho muito tempo livre hoje em dia.,No tengo mucho tiempo libre hoy en día.,Je n'ai pas beaucoup de temps libre ces jours-ci.,Non ho molto tempo libero in questo periodo.,Ich habe zurzeit nicht viel Freizeit.,Wǒ zuìjìn méi shénme kòngxián shíjiān.,我最近没什么空闲时间。,
349,A2,12,Personal Information,Informações Pessoais,Información Personal,Informations Personnelles,Informazioni Personali,Persönliche Infos,个人信息,What does your father do for a living?,O que seu pai faz da vida?,¿A qué se dedica tu padre?,Que fait ton père dans la vie ?,Che lavoro fa tuo padre?,Was macht dein Vater beruflich?,Nǐ bàba shì zuò shénme de?,你爸爸是做什么的？,
350,A2,12,Personal Information,Informações Pessoais,Información Personal,Informations Personnelles,Informazioni Personali,Persönliche Infos,个人信息,We are planning a big family reunion.,Estamos planejando uma grande reunião de família.,Estamos planeando una gran reunión familiar.,Nous prévoyons une grande réunion de famille.,Stiamo pianificando una grande riunione di famiglia.,Wir planen ein großes Familientreffen.,Wǒmen zhèngzài jìhuà yī cì dà jiātíng jùhuì.,我们正在计划一次大家庭聚会。,
351,A2,12,Personal Information,Informações Pessoais,Información Personal,Informations Personnelles,Informazioni Personali,Persönliche Infos,个人信息,Does she look like her mother?,Ela se parece com a mãe?,¿Se parece ella a su madre?,Ressemble-t-elle à sa mère ?,Lei somiglia a sua madre?,Sieht sie ihrer Mutter ähnlich?,Tā zhǎng de xiàng tā māma ma?,她长得像她妈妈吗？,
352,A2,12,Personal Information,Informações Pessoais,Información Personal,Informations Personnelles,Informazioni Personali,Persönliche Infos,个人信息,I am not very good at sports.,Eu não sou muito bom em esportes.,No soy muy bueno en los deportes.,Je ne suis pas très bon en sport.,Non sono molto bravo negli sport.,Ich bin nicht sehr gut im Sport.,Wǒ bù tài shàncháng yùndòng.,我不太擅长运动。,
353,A2,12,Personal Information,Informações Pessoais,Información Personal,Informations Personnelles,Informazioni Personali,Persönliche Infos,个人信息,My grandparents live in the countryside.,Meus avós moram no interior.,Mis abuelos viven en el campo.,Mes grands-parents vivent à la campagne.,I miei nonni vivono in campagna.,Meine Großeltern leben auf dem Land.,Wǒ yéye nǎinai zhù zài xiāngxià.,我爷爷奶奶住在乡下。,
354,A2,12,Personal Information,Informações Pessoais,Información Personal,Informations Personnelles,Informazioni Personali,Persönliche Infos,个人信息,What is your middle name?,Qual é o seu nome do meio?,¿Cuál es tu segundo nombre?,Quel est ton deuxième prénom ?,Qual è il tuo secondo nome?,Was ist dein zweiter Vorname?,Nǐ de zhōngjiānmíng shì shénme?,你的中间名是什么？,
355,A2,12,Personal Information,Informações Pessoais,Información Personal,Informations Personnelles,Informazioni Personali,Persönliche Infos,个人信息,I have known him since high school.,Eu o conheço desde o ensino médio.,Lo conozco desde la escuela secundaria.,Je le connais depuis le lycée.,Lo conosco dalle superiori.,Ich kenne ihn seit der Schulzeit.,Wǒ cóng gāozhōng jiù rènshi tā le.,我从高中就认识他了。,
356,A2,12,Personal Information,Informações Pessoais,Información Personal,Informations Personnelles,Informazioni Personali,Persönliche Infos,个人信息,She is thinner than she was last year.,Ela está mais magra do que no ano passado.,Ella está más delgada que el año pasado.,Elle est plus mince que l'année dernière.,Lei è più magra rispetto all'anno scorso.,Sie ist dünner als letztes Jahr.,Tā bǐ qùnián shòu le.,她比去年瘦了。,
357,A2,12,Personal Information,Informações Pessoais,Información Personal,Informations Personnelles,Informazioni Personali,Persönliche Infos,个人信息,Are you a morning person?,Você é uma pessoa matinal?,¿Eres una persona madrugadora?,Es-tu du matin ?,Sei una persona mattiniera?,Bist du ein Morgenmensch?,Nǐ xíguàn zǎoqǐ ma?,你习惯早起吗？,
358,A2,12,Personal Information,Informações Pessoais,Información Personal,Informations Personnelles,Informazioni Personali,Persönliche Infos,个人信息,I prefer tea to coffee.,Eu prefiro chá a café.,Prefiero el té al café.,Je préfère le thé au café.,Preferisco il tè al caffè.,Ich mag Tee lieber als Kaffee.,"Bǐqǐ kāfēi, wǒ gèng xǐhuān hē chá.",比起咖啡，我更喜欢喝茶。,
359,A2,12,Personal Information,Informações Pessoais,Información Personal,Informations Personnelles,Informazioni Personali,Persönliche Infos,个人信息,He is a very hardworking student.,Ele é um aluno muito esforçado.,Él es un estudiante muy trabajador.,C'est un étudiant très travailleur.,È uno studente molto diligente.,Er ist ein sehr fleißiger Schüler.,Tā shì yīgè hěn nǔlì de xuésheng.,他是一个很努力的学生。,
360,A2,12,Personal Information,Informações Pessoais,Información Personal,Informations Personnelles,Informazioni Personali,Persönliche Infos,个人信息,My best friend lives in another country.,Meu melhor amigo mora em outro país.,Mi mejor amigo vive en otro país.,Mon meilleur ami vit dans un autre pays.,Il mio migliore amico vive in un altro paese.,Mein bester Freund lebt in einem anderen Land.,Wǒ zuì hǎo de péngyou zhù zài lìng yīgè guójiā.,我最好的朋友住在另一个国家。,
361,A2,13,Daily Life & Routines,Vida Diária e Rotinas,Vida Diaria y Rutinas,Vie Quotidienne et Routines,Vita Quotidiana e Routine,Alltag & Routinen,日常生活与日常工作,I usually wake up before the alarm goes off.,Eu costumo acordar antes do despertador tocar.,Suelo despertarme antes de que suene la alarma.,"D'habitude, je me réveille avant que le réveil ne sonne.",Di solito mi sveglio prima che suoni la sveglia.,"Normalerweise wache ich auf, bevor der Wecker klingelt.",Wǒ tōngcháng zài nàozhōng xiǎng zhīqián qǐchuáng.,我通常在闹钟响之前起床。,
362,A2,13,Daily Life & Routines,Vida Diária e Rotinas,Vida Diaria y Rutinas,Vie Quotidienne et Routines,Vita Quotidiana e Routine,Alltag & Routinen,日常生活与日常工作,What time do you usually finish your chores?,A que horas você costuma terminar suas tarefas?,¿A qué hora sueles terminar tus tareas?,À quelle heure termines-tu habituellement tes corvées ?,A che ora finisci di solito le faccende?,Wann erledigst du normalerweise deine Hausarbeit?,Nǐ tōngcháng jǐ diǎn zuòwán jiāwù?,你通常几点做完家务？,
363,A2,13,Daily Life & Routines,Vida Diária e Rotinas,Vida Diaria y Rutinas,Vie Quotidienne et Routines,Vita Quotidiana e Routine,Alltag & Routinen,日常生活与日常工作,She is currently looking for a new job.,Ela está procurando um emprego novo atualmente.,Ella está buscando un nuevo trabajo actualmente.,Elle cherche actuellement un nouvel emploi.,Al momento lei sta cercando un nuovo lavoro.,Sie sucht zurzeit einen neuen Job.,Tā mùqián zhèngzài zhǎo xīn gōngzuò.,她目前正在找新工作。,
364,A2,13,Daily Life & Routines,Vida Diária e Rotinas,Vida Diaria y Rutinas,Vie Quotidienne et Routines,Vita Quotidiana e Routine,Alltag & Routinen,日常生活与日常工作,I didn't have time to eat breakfast today.,Não tive tempo de tomar café da manhã hoje.,No tuve tiempo de desayunar hoy.,Je n'ai pas eu le temps de prendre mon petit-déjeuner aujourd'hui.,Non ho avuto tempo di fare colazione oggi.,Ich hatte heute keine Zeit zum Frühstücken.,Wǒ jīntiān méi shíjiān chī zǎofàn.,我今天没时间吃早饭。,
365,A2,13,Daily Life & Routines,Vida Diária e Rotinas,Vida Diaria y Rutinas,Vie Quotidienne et Routines,Vita Quotidiana e Routine,Alltag & Routinen,日常生活与日常工作,Do you always go to the gym after work?,Você sempre vai à academia depois do trabalho?,¿Siempre vas al gimnasio después del trabajo?,Vas-tu toujours à la salle de sport après le travail ?,Vai sempre in palestra dopo il lavoro?,Gehst du immer nach der Arbeit ins Fitnessstudio?,Nǐ zǒngshì xiàbān hòu qù jiànshēnfáng ma?,你总是下班后去健身房吗？,
366,A2,13,Daily Life & Routines,Vida Diária e Rotinas,Vida Diaria y Rutinas,Vie Quotidienne et Routines,Vita Quotidiana e Routine,Alltag & Routinen,日常生活与日常工作,He sometimes forgets to lock the door.,Às vezes ele esquece de trancar a porta.,Él a veces olvida cerrar la puerta con llave.,"Parfois, il oublie de fermer la porte à clé.",A volte lui dimentica di chiudere la porta a chiave.,"Manchmal vergisst er, die Tür abzuschließen.",Tā yǒushíhou huì wàngjì suǒmén.,他有时候会忘记锁门。,
367,A2,13,Daily Life & Routines,Vida Diária e Rotinas,Vida Diaria y Rutinas,Vie Quotidienne et Routines,Vita Quotidiana e Routine,Alltag & Routinen,日常生活与日常工作,We are meeting our friends at eight.,Vamos encontrar nossos amigos às oito.,Nos vamos a reunir con nuestros amigos a las ocho.,Nous retrouvons nos amis à huit heures.,Incontriamo i nostri amici alle otto.,Wir treffen unsere Freunde um acht.,Wǒmen bā diǎn hé péngyou jiànmiàn.,我们八点和朋友见面。,
368,A2,13,Daily Life & Routines,Vida Diária e Rotinas,Vida Diaria y Rutinas,Vie Quotidienne et Routines,Vita Quotidiana e Routine,Alltag & Routinen,日常生活与日常工作,I am cleaning the house at the moment.,Estou limpando a casa no momento.,Estoy limpiando la casa en este momento.,Je nettoie la maison en ce moment.,Sto pulendo la casa al momento.,Ich putze gerade das Haus.,Wǒ xiànzài zhèngzài dǎsǎo wūzi.,我现在正在打扫屋子。,
369,A2,13,Daily Life & Routines,Vida Diária e Rotinas,Vida Diaria y Rutinas,Vie Quotidienne et Routines,Vita Quotidiana e Routine,Alltag & Routinen,日常生活与日常工作,How often do you wash your car?,Com que frequência você lava seu carro?,¿Con qué frecuencia lavas tu coche?,À quelle fréquence laves-tu ta voiture ?,Ogni quanto lavi la macchina?,Wie oft wäschst du dein Auto?,Nǐ duōjiǔ xǐ yī cì chē?,你多久洗一次车？,
370,A2,13,Daily Life & Routines,Vida Diária e Rotinas,Vida Diaria y Rutinas,Vie Quotidienne et Routines,Vita Quotidiana e Routine,Alltag & Routinen,日常生活与日常工作,I prefer cooking at home to eating out.,Prefiro cozinhar em casa do que comer fora.,Prefiero cocinar en casa que comer fuera.,Je préfère cuisiner à la maison plutôt que de manger dehors.,Preferisco cucinare a casa piuttosto che mangiare fuori.,"Ich koche lieber zu Hause, als auswärts zu essen.","Bǐqǐ zài wàimiàn chī, wǒ gèng xǐhuān zài jiā zuòfàn.",比起在外面吃，我更喜欢在家做饭。,
371,A2,13,Daily Life & Routines,Vida Diária e Rotinas,Vida Diaria y Rutinas,Vie Quotidienne et Routines,Vita Quotidiana e Routine,Alltag & Routinen,日常生活与日常工作,She brushes her hair every morning.,Ela escova o cabelo todas as manhãs.,Ella se cepilla el pelo todas las mañanas.,Elle se brosse les cheveux tous les matins.,Lei si spazzola i capelli ogni mattina.,Sie bürstet sich jeden Morgen die Haare.,Tā měitiān zǎoshang shū tóufa.,她每天早上梳头发。,
372,A2,13,Daily Life & Routines,Vida Diária e Rotinas,Vida Diaria y Rutinas,Vie Quotidienne et Routines,Vita Quotidiana e Routine,Alltag & Routinen,日常生活与日常工作,Do you listen to the news on the radio?,Você ouve as notícias no rádio?,¿Escuchas las noticias en la radio?,Écoutes-tu les nouvelles à la radio ?,Ascolti le notizie alla radio?,Hörst du die Nachrichten im Radio?,Nǐ yòng shōuyīnjī tīng xīnwén ma?,你用收音机听新闻吗？,
373,A2,13,Daily Life & Routines,Vida Diária e Rotinas,Vida Diaria y Rutinas,Vie Quotidienne et Routines,Vita Quotidiana e Routine,Alltag & Routinen,日常生活与日常工作,I don't usually stay up late on weekdays.,Eu não costumo ficar acordado até tarde nos dias de semana.,No suelo quedarme despierto hasta tarde entre semana.,Je n'ai pas l'habitude de me coucher tard en semaine.,Di solito non resto alzato fino a tardi nei giorni feriali.,Wochentags bleibe ich normalerweise nicht lange auf.,Wǒ gōngzuòrì tōngcháng bù áoyè.,我工作日通常不熬夜。,
374,A2,13,Daily Life & Routines,Vida Diária e Rotinas,Vida Diaria y Rutinas,Vie Quotidienne et Routines,Vita Quotidiana e Routine,Alltag & Routinen,日常生活与日常工作,He is taking a shower right now.,Ele está tomando banho agora.,Él se está duchando ahora mismo.,Il prend une douche en ce moment.,Lui sta facendo la doccia proprio ora.,Er duscht gerade.,Tā xiànzài zhèngzài xǐzǎo.,他现在正在洗澡。,
375,A2,13,Daily Life & Routines,Vida Diária e Rotinas,Vida Diaria y Rutinas,Vie Quotidienne et Routines,Vita Quotidiana e Routine,Alltag & Routinen,日常生活与日常工作,We rarely go to the cinema these days.,Raramente vamos ao cinema hoje em dia.,Rara vez vamos al cine hoy en día.,Nous allons rarement au cinéma ces jours-ci.,Raramente andiamo al cinema in questo periodo.,Zurzeit gehen wir selten ins Kino.,Wǒmen xiànzài hěnshǎo qù kàn diànyǐng.,我们现在很少去看电影。,
376,A2,13,Daily Life & Routines,Vida Diária e Rotinas,Vida Diaria y Rutinas,Vie Quotidienne et Routines,Vita Quotidiana e Routine,Alltag & Routinen,日常生活与日常工作,What are you doing this weekend?,O que você vai fazer neste fim de semana?,¿Qué vas a hacer este fin de semana?,Que fais-tu ce week-end ?,Cosa fai questo fine settimana?,Was machst du dieses Wochenende?,Nǐ zhège zhōumò dǎsuàn zuò shénme?,你这个周末打算做什么？,
377,A2,13,Daily Life & Routines,Vida Diária e Rotinas,Vida Diaria y Rutinas,Vie Quotidienne et Routines,Vita Quotidiana e Routine,Alltag & Routinen,日常生活与日常工作,I need to do the laundry this afternoon.,Preciso lavar a roupa esta tarde.,Necesito lavar la ropa esta tarde.,Je dois faire la lessive cet après-midi.,Devo fare il bucato questo pomeriggio.,Ich muss heute Nachmittag Wäsche waschen.,Jīntiān xiàwǔ wǒ děi xǐ yīfu.,今天下午我得洗衣服。,
378,A2,13,Daily Life & Routines,Vida Diária e Rotinas,Vida Diaria y Rutinas,Vie Quotidienne et Routines,Vita Quotidiana e Routine,Alltag & Routinen,日常生活与日常工作,She always carries an umbrella in her bag.,Ela sempre carrega um guarda-chuva na bolsa.,Ella siempre lleva un paraguas en su bolso.,Elle a toujours un parapluie dans son sac.,Lei porta sempre un ombrello nella borsa.,Sie hat immer einen Regenschirm in ihrer Tasche.,Tā bāo lǐ zǒngshì dàizhe yī bǎ sǎn.,她包里总是带着一把伞。,
379,A2,13,Daily Life & Routines,Vida Diária e Rotinas,Vida Diaria y Rutinas,Vie Quotidienne et Routines,Vita Quotidiana e Routine,Alltag & Routinen,日常生活与日常工作,Do you ever walk to work?,Você alguma vez vai a pé para o trabalho?,¿Alguna vez caminas al trabajo?,Vas-tu parfois au travail à pied ?,Vai mai al lavoro a piedi?,Gehst du manchmal zu Fuß zur Arbeit?,Nǐ zǒulù qù shàngbān ma?,你走路去上班吗？,
380,A2,13,Daily Life & Routines,Vida Diária e Rotinas,Vida Diaria y Rutinas,Vie Quotidienne et Routines,Vita Quotidiana e Routine,Alltag & Routinen,日常生活与日常工作,I am trying to eat more vegetables.,Estou tentando comer mais vegetais.,Estoy intentando comer más verduras.,J'essaie de manger plus de légumes.,Sto cercando di mangiare più verdure.,"Ich versuche, mehr Gemüse zu essen.",Wǒ zhèngzài shìzhe duō chī shūcài.,我正在试着多吃蔬菜。,
381,A2,13,Daily Life & Routines,Vida Diária e Rotinas,Vida Diaria y Rutinas,Vie Quotidienne et Routines,Vita Quotidiana e Routine,Alltag & Routinen,日常生活与日常工作,He spends too much time on his phone.,Ele passa tempo demais no telefone.,Él pasa demasiado tiempo en el teléfono.,Il passe trop de temps sur son téléphone.,Lui passa troppo tempo al telefono.,Er verbringt zu viel Zeit am Handy.,Tā huā tài duō shíjiān wán shǒujī le.,他花太多时间玩手机了。,
382,A2,13,Daily Life & Routines,Vida Diária e Rotinas,Vida Diaria y Rutinas,Vie Quotidienne et Routines,Vita Quotidiana e Routine,Alltag & Routinen,日常生活与日常工作,We take the dog for a walk twice a day.,Levamos o cachorro para passear duas vezes por dia.,Sacamos al perro a pasear dos veces al día.,Nous emmenons le chien en promenade deux fois par jour.,Portiamo il cane a fare una passeggiata due volte al giorno.,Wir gehen zweimal am Tag mit dem Hund spazieren.,Wǒmen měitiān dài gǒu qù sànbù liǎng cì.,我们每天带狗去散步两次。,
383,A2,13,Daily Life & Routines,Vida Diária e Rotinas,Vida Diaria y Rutinas,Vie Quotidienne et Routines,Vita Quotidiana e Routine,Alltag & Routinen,日常生活与日常工作,How do you spend your Sunday afternoons?,Como você passa suas tardes de domingo?,¿Cómo pasas tus tardes de domingo?,Comment passes-tu tes après-midis du dimanche ?,Come passi i pomeriggi della domenica?,Wie verbringst du deine Sonntagnachmittage?,Nǐ zhōurì xiàwǔ yībān zěnme guò?,你周日下午一般怎么过？,
384,A2,13,Daily Life & Routines,Vida Diária e Rotinas,Vida Diaria y Rutinas,Vie Quotidienne et Routines,Vita Quotidiana e Routine,Alltag & Routinen,日常生活与日常工作,I don't like doing the dishes.,Eu não gosto de lavar a louça.,No me gusta lavar los platos.,Je n'aime pas faire la vaisselle.,Non mi piace lavare i piatti.,Ich spüle nicht gerne ab.,Wǒ bù xǐhuān xǐwǎn.,我不喜欢洗碗。,
385,A2,13,Daily Life & Routines,Vida Diária e Rotinas,Vida Diaria y Rutinas,Vie Quotidienne et Routines,Vita Quotidiana e Routine,Alltag & Routinen,日常生活与日常工作,She is studying for her exams this week.,Ela está estudando para as provas esta semana.,Ella está estudiando para sus exámenes esta semana.,Elle étudie pour ses examens cette semaine.,Lei sta studiando per gli esami questa settimana.,Sie lernt diese Woche für ihre Prüfungen.,Tā zhè zhōu zài zhǔnbèi kǎoshì.,她这周在准备考试。,
386,A2,13,Daily Life & Routines,Vida Diária e Rotinas,Vida Diaria y Rutinas,Vie Quotidienne et Routines,Vita Quotidiana e Routine,Alltag & Routinen,日常生活与日常工作,Do you usually take a nap after lunch?,Você costuma tirar uma soneca depois do almoço?,¿Sueles echarte una siesta después del almuerzo?,As-tu l'habitude de faire une sieste après le déjeuner ?,Di solito fai un pisolino dopo pranzo?,Machst du normalerweise nach dem Mittagessen ein Nickerchen?,Nǐ wǔfàn hòu tōngcháng huì shuì wǔjiào ma?,你午饭后通常会睡午觉吗？,
387,A2,13,Daily Life & Routines,Vida Diária e Rotinas,Vida Diaria y Rutinas,Vie Quotidienne et Routines,Vita Quotidiana e Routine,Alltag & Routinen,日常生活与日常工作,I am learning how to drive.,Estou aprendendo a dirigir.,Estoy aprendiendo a conducir.,J'apprends à conduire.,Sto imparando a guidare.,Ich lerne gerade Autofahren.,Wǒ zhèngzài xué kāichē.,我正在学开车。,
388,A2,13,Daily Life & Routines,Vida Diária e Rotinas,Vida Diaria y Rutinas,Vie Quotidienne et Routines,Vita Quotidiana e Routine,Alltag & Routinen,日常生活与日常工作,He never helps with the housework.,Ele nunca ajuda nas tarefas domésticas.,Él nunca ayuda con las tareas del hogar.,Il n'aide jamais aux tâches ménagères.,Lui non aiuta mai nelle faccende domestiche.,Er hilft nie im Haushalt.,Tā cóng bù bāngmáng zuò jiāwù.,他从不帮忙做家务。,
389,A2,13,Daily Life & Routines,Vida Diária e Rotinas,Vida Diaria y Rutinas,Vie Quotidienne et Routines,Vita Quotidiana e Routine,Alltag & Routinen,日常生活与日常工作,What is the first thing you do in the morning?,Qual é a primeira coisa que você faz de manhã?,¿Qué es lo primero que haces por la mañana?,Quelle est la première chose que tu fais le matin ?,Qual è la prima cosa che fai al mattino?,Was machst du morgens als Erstes?,Nǐ zǎoshang qǐchuáng zuò de dì-yī jiàn shì shì shénme?,你早上起床做的第一件事是什么？,
390,A2,13,Daily Life & Routines,Vida Diária e Rotinas,Vida Diaria y Rutinas,Vie Quotidienne et Routines,Vita Quotidiana e Routine,Alltag & Routinen,日常生活与日常工作,I always check my emails before starting work.,Eu sempre checo meus e-mails antes de começar a trabalhar.,Siempre reviso mis correos antes de empezar a trabajar.,Je vérifie toujours mes e-mails avant de commencer à travailler.,Controllo sempre le mie e-mail prima di iniziare a lavorare.,"Ich checke immer meine E-Mails, bevor ich mit der Arbeit beginne.",Wǒ kāishǐ gōngzuò qián zǒngshì xiān chá yóujiàn.,我开始工作前总是先查邮件。,
391,A2,14,Travel & Transportation,Viagem e Transporte,Viajes y Transporte,Voyage et Transport,Viaggi e Trasporti,Reisen & Verkehrsmittel,旅行与交通,Which platform does the train leave from?,De qual plataforma sai o trem?,¿De qué andén sale el tren?,De quel quai part le train ?,Da quale binario parte il treno?,Von welchem Gleis fährt der Zug ab?,Huǒchē zài nǎge zhàntái fāchē.,火车在哪个站台发车？,
392,A2,14,Travel & Transportation,Viagem e Transporte,Viajes y Transporte,Voyage et Transport,Viaggi e Trasporti,Reisen & Verkehrsmittel,旅行与交通,I missed the bus because I was late.,Eu perdi o ônibus porque estava atrasado.,Perdí el autobús porque llegué tarde.,J'ai raté le bus parce que j'étais en retard.,Ho perso l'autobus perché ero in ritardo.,"Ich habe den Bus verpasst, weil ich zu spät dran war.",Wǒ yīnwèi chídào méi gǎnshàng gōnggòng qìchē.,我因为迟到没赶上公共汽车。,
393,A2,14,Travel & Transportation,Viagem e Transporte,Viajes y Transporte,Voyage et Transport,Viaggi e Trasporti,Reisen & Verkehrsmittel,旅行与交通,Are you going to book the tickets online?,Você vai reservar as passagens online?,¿Vas a reservar los billetes por internet?,Allez-vous réserver les billets en ligne ?,Prenoterai i biglietti online?,Buchst du die Tickets online?,Nǐ dǎsuàn zài wǎngshàng dìng piào ma?,你打算在网上订票吗？,
394,A2,14,Travel & Transportation,Viagem e Transporte,Viajes y Transporte,Voyage et Transport,Viaggi e Trasporti,Reisen & Verkehrsmittel,旅行与交通,The flight was more expensive than I thought.,O voo foi mais caro do que eu pensava.,El vuelo fue más caro de lo que pensaba.,Le vol était plus cher que je ne le pensais.,Il volo è stato più costoso di quanto pensassi.,"Der Flug war teurer, als ich dachte.",Hángbān bǐ wǒ xiǎng de yào guì.,航班比我想的要贵。,
395,A2,14,Travel & Transportation,Viagem e Transporte,Viajes y Transporte,Voyage et Transport,Viaggi e Trasporti,Reisen & Verkehrsmittel,旅行与交通,We are staying in a guest house near the beach.,Estamos ficando em uma pousada perto da praia.,Nos estamos quedando en una casa de huéspedes cerca de la playa.,Nous séjournons dans une maison d'hôtes près de la plage.,Alloggiamo in una pensione vicino alla spiaggia.,Wir übernachten in einer Pension in Strandnähe.,Wǒmen zhù zài hǎibiān fùjìn de yī jiā mínsù.,我们住在海边附近的一家民宿。,
396,A2,14,Travel & Transportation,Viagem e Transporte,Viajes y Transporte,Voyage et Transport,Viaggi e Trasporti,Reisen & Verkehrsmittel,旅行与交通,How long does it take to get to the city center?,Quanto tempo leva para chegar ao centro da cidade?,¿Cuánto tiempo se tarda en llegar al centro de la ciudad?,Combien de temps faut-il pour aller au centre-ville ?,Quanto tempo ci vuole per arrivare in centro?,"Wie lange dauert es, bis man im Stadtzentrum ist?",Dào shìzhōngxīn yào duōjiǔ?,到市中心要多久？,
397,A2,14,Travel & Transportation,Viagem e Transporte,Viajes y Transporte,Voyage et Transport,Viaggi e Trasporti,Reisen & Verkehrsmittel,旅行与交通,I have never been to Italy before.,Eu nunca estive na Itália antes.,Nunca he estado en Italia antes.,Je n'ai jamais été en Italie auparavant.,Non sono mai stato in Italia prima d'ora.,Ich war noch nie in Italien.,Wǒ yǐqián cónglái méi qùguo Yìdàlì.,我以前从来没去过意大利。,
398,A2,14,Travel & Transportation,Viagem e Transporte,Viajes y Transporte,Voyage et Transport,Viaggi e Trasporti,Reisen & Verkehrsmittel,旅行与交通,Is there a car rental agency near the airport?,Existe alguma agência de aluguel de carros perto do aeroporto?,¿Hay alguna agencia de alquiler de coches cerca del aeropuerto?,Y a-t-il une agence de location de voitures près de l'aéroport ?,C'è un'agenzia di noleggio auto vicino all'aeroporto?,Gibt es eine Autovermietung in der Nähe des Flughafens?,Jīchǎng fùjìn yǒu zūchē gōngsī ma?,机场附近有租车公司吗？,
399,A2,14,Travel & Transportation,Viagem e Transporte,Viajes y Transporte,Voyage et Transport,Viaggi e Trasporti,Reisen & Verkehrsmittel,旅行与交通,You should buy a travel insurance policy.,Você deveria comprar uma apólice de seguro de viagem.,Deberías comprar una póliza de seguro de viaje.,Tu devrais souscrire une assurance voyage.,Dovresti fare un'assicurazione di viaggio.,Du solltest eine Reiseversicherung abschließen.,Nǐ yīnggāi mǎi fèn lǚyóu bǎoxiǎn.,你应该买份旅游保险。,
400,A2,14,Travel & Transportation,Viagem e Transporte,Viajes y Transporte,Voyage et Transport,Viaggi e Trasporti,Reisen & Verkehrsmittel,旅行与交通,Where is the nearest underground station?,Onde fica a estação de metrô mais próxima?,¿Dónde está la estación de metro más cercana?,Où se trouve la station de métro la plus proche ?,Dov'è la stazione della metropolitana più vicina?,Wo ist die nächste U-Bahn-Station?,Zuìjìn de dìtiězhàn zài nǎlǐ?,最近的地铁站在哪里？,
401,A2,14,Travel & Transportation,Viagem e Transporte,Viajes y Transporte,Voyage et Transport,Viaggi e Trasporti,Reisen & Verkehrsmittel,旅行与交通,I am looking for the departure lounge.,Estou procurando a sala de embarque.,Estoy buscando la sala de embarque.,Je cherche la salle d'embarquement.,Sto cercando l'area partenze.,Ich suche die Abflughalle.,Wǒ zhèngzài zhǎo hòujītīng.,我正在找候机厅。,
402,A2,14,Travel & Transportation,Viagem e Transporte,Viajes y Transporte,Voyage et Transport,Viaggi e Trasporti,Reisen & Verkehrsmittel,旅行与交通,Did you remember to pack your toothbrush?,Você se lembrou de levar sua escova de dentes?,¿Te acordaste de empacar tu cepillo de dientes?,As-tu pensé à prendre ta brosse à dents ?,Ti sei ricordato di mettere in valigia lo spazzolino?,"Hast du daran gedacht, deine Zahnbürste einzupacken?",Nǐ jìde dài yáshuā le ma?,你记得带牙刷了吗？,
403,A2,14,Travel & Transportation,Viagem e Transporte,Viajes y Transporte,Voyage et Transport,Viaggi e Trasporti,Reisen & Verkehrsmittel,旅行与交通,The hotel was not as comfortable as the last one.,O hotel não era tão confortável quanto o último.,El hotel no era tan cómodo como el último.,L'hôtel n'était pas aussi confortable que le précédent.,L'hotel non era confortevole come l'ultimo.,Das Hotel war nicht so komfortabel wie das letzte.,Zhè jiā jiǔdiàn méiyǒu shàng yī jiā shūfu.,这家酒店没有上一家舒服。,
404,A2,14,Travel & Transportation,Viagem e Transporte,Viajes y Transporte,Voyage et Transport,Viaggi e Trasporti,Reisen & Verkehrsmittel,旅行与交通,Can you show me the way on this map?,Você pode me mostrar o caminho neste mapa?,¿Puedes mostrarme el camino en este mapa?,Peux-tu me montrer le chemin sur cette carte ?,Puoi mostrarmi la strada su questa mappa?,Kannst du mir den Weg auf dieser Karte zeigen?,Nǐ néng zài dìtú shàng bāng wǒ zhǐ yīxià lù ma?,你能在地图上帮我指一下路吗？,
405,A2,14,Travel & Transportation,Viagem e Transporte,Viajes y Transporte,Voyage et Transport,Viaggi e Trasporti,Reisen & Verkehrsmittel,旅行与交通,We decided to go by train instead of driving.,Decidimos ir de trem em vez de dirigir.,Decidimos ir en tren en lugar de conducir.,Nous avons décidé de prendre le train plutôt que de conduire.,Abbiamo deciso di andare in treno invece di guidare.,"Wir haben uns entschieden, mit dem Zug zu fahren, anstatt mit dem Auto.","Wǒmen juédìng zuò huǒchē qù, bù kāichē.",我们决定坐火车去，不开车。,
406,A2,14,Travel & Transportation,Viagem e Transporte,Viajes y Transporte,Voyage et Transport,Viaggi e Trasporti,Reisen & Verkehrsmittel,旅行与交通,Is it cheaper to travel by coach?,É mais barato viajar de ônibus?,¿Es más barato viajar en autocar?,Est-ce moins cher de voyager en car ?,È più economico viaggiare in pullman?,"Ist es billiger, mit dem Reisebus zu fahren?",Zuò dàbā huì gèng piányi ma?,坐大巴会更便宜吗？,
407,A2,14,Travel & Transportation,Viagem e Transporte,Viajes y Transporte,Voyage et Transport,Viaggi e Trasporti,Reisen & Verkehrsmittel,旅行与交通,I forgot my passport at home!,Esqueci meu passaporte em casa!,¡Olvidé mi pasaporte en casa!,J'ai oublié mon passeport à la maison !,Ho dimenticato il passaporto a casa!,Ich habe meinen Reisepass zu Hause vergessen!,Wǒ bǎ hùzhào wàng zài jiālǐ le!,我把护照忘在家里了！,
408,A2,14,Travel & Transportation,Viagem e Transporte,Viajes y Transporte,Voyage et Transport,Viaggi e Trasporti,Reisen & Verkehrsmittel,旅行与交通,What is the best way to get around the city?,Qual é a melhor maneira de se locomover pela cidade?,¿Cuál es la mejor manera de moverse por la ciudad?,Quel est le meilleur moyen de se déplacer en ville ?,Qual è il modo migliore per girare la città?,Wie bewegt man sich in der Stadt am besten fort?,Zài shìqū zěnme chūxíng zuì fāngbiàn?,在市区怎么出行最方便？,
409,A2,14,Travel & Transportation,Viagem e Transporte,Viajes y Transporte,Voyage et Transport,Viaggi e Trasporti,Reisen & Verkehrsmittel,旅行与交通,The traffic was terrible this morning.,O trânsito estava terrível esta manhã.,El tráfico estaba terrible esta mañana.,La circulation était terrible ce matin.,Il traffico era terribile stamattina.,Der Verkehr war heute Morgen schrecklich.,Jīntiān zǎoshang lùshang tài dǔ le.,今天早上路上太堵了。,
410,A2,14,Travel & Transportation,Viagem e Transporte,Viajes y Transporte,Voyage et Transport,Viaggi e Trasporti,Reisen & Verkehrsmittel,旅行与交通,Are there any direct flights to New York?,Existem voos diretos para Nova York?,¿Hay vuelos directos a Nueva York?,Y a-t-il des vols directs pour New York ?,Ci sono voli diretti per New York?,Gibt es Direktflüge nach New York?,Yǒu zhífēi Niǔyuē de hángbān ma?,有直飞纽约的航班吗？,
411,A2,14,Travel & Transportation,Viagem e Transporte,Viajes y Transporte,Voyage et Transport,Viaggi e Trasporti,Reisen & Verkehrsmittel,旅行与交通,I would like to change my reservation.,Eu gostaria de alterar minha reserva.,Me gustaría cambiar mi reserva.,Je voudrais modifier ma réservation.,Vorrei modificare la mia prenotazione.,Ich möchte meine Reservierung ändern.,Wǒ xiǎng xiūgǎi wǒ de yùdìng.,我想修改我的预订。,
412,A2,14,Travel & Transportation,Viagem e Transporte,Viajes y Transporte,Voyage et Transport,Viaggi e Trasporti,Reisen & Verkehrsmittel,旅行与交通,The boat leaves at half past nine.,O barco sai às nove e meia.,El barco sale a las nueve y media.,Le bateau part à neuf heures et demie.,La barca parte alle nove e mezza.,Das Boot fährt um halb zehn ab.,Chuán jiǔ diǎn bàn kāi.,船九点半开。,
413,A2,14,Travel & Transportation,Viagem e Transporte,Viajes y Transporte,Voyage et Transport,Viaggi e Trasporti,Reisen & Verkehrsmittel,旅行与交通,Do I need a visa to visit your country?,Preciso de visto para visitar seu país?,¿Necesito una visa para visitar tu país?,Ai-je besoin d'un visa pour visiter votre pays ?,Ho bisogno di un visto per visitare il tuo paese?,"Brauche ich ein Visum, um dein Land zu besuchen?",Qù nǐ de guójiā xūyào qiānzhèng ma?,去你的国家需要签证吗？,
414,A2,14,Travel & Transportation,Viagem e Transporte,Viajes y Transporte,Voyage et Transport,Viaggi e Trasporti,Reisen & Verkehrsmittel,旅行与交通,We walked all day and felt very tired.,Caminhamos o dia todo e nos sentimos muito cansados.,Caminamos todo el día y nos sentimos muy cansados.,Nous avons marché toute la journée et nous étions très fatigués.,Abbiamo camminato tutto il giorno e ci sentivamo molto stanchi.,Wir sind den ganzen Tag gelaufen und waren sehr müde.,"Wǒmen zǒu le yī tiān lù, juéde hěn lèi.",我们走了一天路，觉得很累。,
415,A2,14,Travel & Transportation,Viagem e Transporte,Viajes y Transporte,Voyage et Transport,Viaggi e Trasporti,Reisen & Verkehrsmittel,旅行与交通,Is the museum within walking distance?,O museu fica a uma curta distância a pé?,¿El museo está a poca distancia a pie?,Le musée est-il accessible à pied ?,Il museo è raggiungibile a piedi?,Ist das Museum zu Fuß erreichbar?,Zǒuzhe qù bówùguǎn yuǎn ma?,走着去博物馆远吗？,
416,A2,14,Travel & Transportation,Viagem e Transporte,Viajes y Transporte,Voyage et Transport,Viaggi e Trasporti,Reisen & Verkehrsmittel,旅行与交通,I prefer window seats to aisle seats.,Prefiro assentos na janela a assentos no corredor.,Prefiero los asientos de ventana a los de pasillo.,Je préfère les sièges côté fenêtre aux sièges côté couloir.,Preferisco i posti vicino al finestrino rispetto a quelli in corridoio.,Ich mag Fensterplätze lieber als Gangplätze.,"Bǐqǐ guòdào zuòwèi, wǒ gèng xǐhuān kàochuāng de zuòwèi.",比起过道座位，我更喜欢靠窗的座位。,
417,A2,14,Travel & Transportation,Viagem e Transporte,Viajes y Transporte,Voyage et Transport,Viaggi e Trasporti,Reisen & Verkehrsmittel,旅行与交通,How many bags are you checking in?,Quantas malas você está despachando?,¿Cuántas maletas vas a facturar?,Combien de bagages enregistrez-vous ?,Quante valigie sta imbarcando?,Wie viele Koffer geben Sie auf?,Nǐ yào tuōyùn jǐ jiàn xíngli?,你要托运几件行李？,
418,A2,14,Travel & Transportation,Viagem e Transporte,Viajes y Transporte,Voyage et Transport,Viaggi e Trasporti,Reisen & Verkehrsmittel,旅行与交通,The taxi driver was very helpful.,O motorista de táxi foi muito prestativo.,El taxista fue muy amable.,Le chauffeur de taxi a été très serviable.,Il tassista è stato molto d'aiuto.,Der Taxifahrer war sehr hilfsbereit.,Chūzūchē sījī hěn rèxīn.,出租车司机很热心。,
419,A2,14,Travel & Transportation,Viagem e Transporte,Viajes y Transporte,Voyage et Transport,Viaggi e Trasporti,Reisen & Verkehrsmittel,旅行与交通,Where can I buy a city pass?,Onde posso comprar um passe para a cidade?,¿Dónde puedo comprar un pase para la ciudad?,Où puis-je acheter un pass pour la ville ?,Dove posso comprare un pass per la città?,Wo kann ich einen City-Pass kaufen?,Nǎlǐ kěyǐ mǎidào chéngshì tōngpiào.,哪里可以买到城市通票？,
420,A2,14,Travel & Transportation,Viagem e Transporte,Viajes y Transporte,Voyage et Transport,Viaggi e Trasporti,Reisen & Verkehrsmittel,旅行与交通,We arrived at the station just in time.,Chegamos à estação bem a tempo.,Llegamos a la estación justo a tiempo.,Nous sommes arrivés à la gare juste à temps.,Siamo arrivati alla stazione giusto in tempo.,Wir sind gerade noch rechtzeitig am Bahnhof angekommen.,Wǒmen jíshí gǎndào le huǒchēzhàn.,我们及时赶到了火车站。,
421,A2,15,Food & Restaurants,Comida e Restaurantes,Comida y Restaurantes,Nourriture et Restaurants,Cibo e Ristoranti,Essen & Restaurants,饮食与餐厅,I would like to book a table for four.,Eu gostaria de reservar uma mesa para quatro.,Me gustaría reservar una mesa para cuatro.,Je voudrais réserver une table pour quatre.,Vorrei prenotare un tavolo per quattro.,Ich möchte einen Tisch für vier Personen reservieren.,Wǒ xiǎng yùdìng yī zhāng sìrén zhuō.,我想预订一张四人桌。,
422,A2,15,Food & Restaurants,Comida e Restaurantes,Comida y Restaurantes,Nourriture et Restaurants,Cibo e Ristoranti,Essen & Restaurants,饮食与餐厅,Is there anything vegetarian on the menu?,Tem alguma coisa vegetariana no cardápio?,¿Hay algo vegetariano en el menú?,Y a-t-il des plats végétariens au menu ?,C'è qualcosa di vegetariano nel menu?,Gibt es etwas Vegetarisches auf der Speisekarte?,Càidān shàng yǒu sùcài ma?,菜单上有素菜吗？,
423,A2,15,Food & Restaurants,Comida e Restaurantes,Comida y Restaurantes,Nourriture et Restaurants,Cibo e Ristoranti,Essen & Restaurants,饮食与餐厅,I think the steak is better than the chicken.,Acho que o bife é melhor que o frango.,Creo que el filete es mejor que el pollo.,Je pense que le steak est meilleur que le poulet.,Penso che la bistecca sia migliore del pollo.,"Ich glaube, das Steak ist besser als das Hähnchen.",Wǒ juéde niúpái bǐ jīròu hǎochī.,我觉得牛排比鸡肉好吃。,
424,A2,15,Food & Restaurants,Comida e Restaurantes,Comida y Restaurantes,Nourriture et Restaurants,Cibo e Ristoranti,Essen & Restaurants,饮食与餐厅,"Can we have some tap water, please?","Pode nos trazer um pouco de água da torneira, por favor?","¿Nos puede traer un poco de agua del grifo, por favor?","Pouvons-nous avoir de l'eau du robinet, s'il vous plaît ?","Possiamo avere dell'acqua del rubinetto, per favore?",Können wir bitte Leitungswasser haben?,"Qǐng gěi wǒmen dào diǎn wēnshuǐ, xièxie.",请给我们倒点温水，谢谢。,
425,A2,15,Food & Restaurants,Comida e Restaurantes,Comida y Restaurantes,Nourriture et Restaurants,Cibo e Ristoranti,Essen & Restaurants,饮食与餐厅,How would you like your eggs cooked?,Como você gostaria que seus ovos fossem preparados?,¿Cómo le gustaría que le preparen sus huevos?,Comment voudriez-vous vos œufs ?,Come vorresti le uova?,Wie möchten Sie Ihre Eier haben?,Jīdàn nǐ xiǎng zěnme zuò?,鸡蛋你想怎么做？,
426,A2,15,Food & Restaurants,Comida e Restaurantes,Comida y Restaurantes,Nourriture et Restaurants,Cibo e Ristoranti,Essen & Restaurants,饮食与餐厅,I am allergic to nuts and seafood.,Sou alérgico a nozes e frutos do mar.,Soy alérgico a los frutos secos y al marisco.,Je suis allergique aux noix et aux fruits de mer.,Sono allergico alla frutta a guscio e ai frutti di mare.,Ich bin allergisch gegen Nüsse und Meeresfrüchte.,Wǒ duì jiānguǒ hé hǎixiān guòmǐn.,我对坚果和海鲜过敏。,
427,A2,15,Food & Restaurants,Comida e Restaurantes,Comida y Restaurantes,Nourriture et Restaurants,Cibo e Ristoranti,Essen & Restaurants,饮食与餐厅,The service in this restaurant is excellent.,O serviço neste restaurante é excelente.,El servicio en este restaurante es excelente.,Le service dans ce restaurant est excellent.,Il servizio in questo ristorante è eccellente.,Der Service in diesem Restaurant ist ausgezeichnet.,Zhè jiā cāntīng de fúwù fēicháng hǎo.,这家餐厅的服务非常好。,
428,A2,15,Food & Restaurants,Comida e Restaurantes,Comida y Restaurantes,Nourriture et Restaurants,Cibo e Ristoranti,Essen & Restaurants,饮食与餐厅,Do you have any daily specials?,Vocês têm algum prato especial do dia?,¿Tienen alguna especialidad del día?,Avez-vous des suggestions du jour ?,Avete delle specialità del giorno?,Haben Sie Tagesgerichte?,Nǐmen yǒu jīntiān de tèsè cài ma?,你们有今天的特色菜吗？,
429,A2,15,Food & Restaurants,Comida e Restaurantes,Comida y Restaurantes,Nourriture et Restaurants,Cibo e Ristoranti,Essen & Restaurants,饮食与餐厅,I don't like my food too spicy.,Não gosto da minha comida apimentada demais.,No me gusta la comida demasiado picante.,Je n'aime pas que ma nourriture soit trop épicée.,Non mi piace il cibo troppo piccante.,Ich mag mein Essen nicht zu scharf.,Wǒ bù xǐhuān tài là de cài.,我不喜欢太辣的菜。,
430,A2,15,Food & Restaurants,Comida e Restaurantes,Comida y Restaurantes,Nourriture et Restaurants,Cibo e Ristoranti,Essen & Restaurants,饮食与餐厅,Could we have the bill separately?,Poderíamos pagar a conta separadamente?,¿Podría traernos la cuenta por separado?,Pourrions-nous avoir l'addition séparément ?,Possiamo fare conti separati?,Könnten wir getrennt bezahlen?,Wǒmen kěyǐ fēnkāi jiézhàng ma?,我们可以分开结账吗？,
431,A2,15,Food & Restaurants,Comida e Restaurantes,Comida y Restaurantes,Nourriture et Restaurants,Cibo e Ristoranti,Essen & Restaurants,饮食与餐厅,What do you recommend for the main course?,O que você recomenda para o prato principal?,¿Qué recomiendas para el plato principal?,Que recommandez-vous pour le plat principal ?,Cosa consiglia come piatto principale?,Was empfehlen Sie als Hauptgericht?,Zhǔcài nǐ yǒu shénme tuījiàn ma?,主菜你有什么推荐吗？,
432,A2,15,Food & Restaurants,Comida e Restaurantes,Comida y Restaurantes,Nourriture et Restaurants,Cibo e Ristoranti,Essen & Restaurants,饮食与餐厅,The soup is a bit too salty for me.,A sopa está um pouco salgada demais para mim.,La sopa está un poco demasiado salada para mí.,La soupe est un peu trop salée pour moi.,La zuppa è un po' troppo salata per me.,Die Suppe ist mir ein bisschen zu salzig.,Zhè tāng duì wǒ lái shuō yǒu yīdiǎn xián.,这汤对我来说有一点咸。,
433,A2,15,Food & Restaurants,Comida e Restaurantes,Comida y Restaurantes,Nourriture et Restaurants,Cibo e Ristoranti,Essen & Restaurants,饮食与餐厅,I have already finished my meal.,Eu já terminei minha refeição.,Ya he terminado mi comida.,J'ai déjà fini mon repas.,Ho già finito il mio pasto.,Ich bin schon fertig mit dem Essen.,Wǒ yǐjīng chī wán le.,我已经吃完了。,
434,A2,15,Food & Restaurants,Comida e Restaurantes,Comida y Restaurantes,Nourriture et Restaurants,Cibo e Ristoranti,Essen & Restaurants,饮食与餐厅,Are you ready to order now?,Você está pronto para fazer o pedido agora?,¿Estás listo para pedir ahora?,Êtes-vous prêt à commander maintenant ?,Siete pronti per ordinare?,Sind Sie bereit zu bestellen?,Nǐmen xiànzài zhǔnbèi hǎo diǎncài le ma?,你们现在准备好点菜了吗？,
435,A2,15,Food & Restaurants,Comida e Restaurantes,Comida y Restaurantes,Nourriture et Restaurants,Cibo e Ristoranti,Essen & Restaurants,饮食与餐厅,I would prefer a table by the window.,Eu preferiria uma mesa perto da janela.,Preferiría una mesa junto a la ventana.,Je préférerais une table près de la fenêtre.,Preferirei un tavolo vicino alla finestra.,Ich hätte lieber einen Tisch am Fenster.,Wǒ xiǎng yào yī zhāng kàochuāng de zhuōzi.,我想要一张靠窗的桌子。,
436,A2,15,Food & Restaurants,Comida e Restaurantes,Comida y Restaurantes,Nourriture et Restaurants,Cibo e Ristoranti,Essen & Restaurants,饮食与餐厅,This is the most delicious cake I've ever eaten!,Este é o bolo mais delicioso que já comi!,¡Este es el pastel más delicioso que he comido nunca!,C'est le gâteau le plus délicieux que j'aie jamais mangé !,Questa è la torta più deliziosa che abbia mai mangiato!,"Das ist der leckerste Kuchen, den ich je gegessen habe!",Zhè shì wǒ chīguo zuì hǎochī de dàngāo!,这是我吃过最好吃的蛋糕！,
437,A2,15,Food & Restaurants,Comida e Restaurantes,Comida y Restaurantes,Nourriture et Restaurants,Cibo e Ristoranti,Essen & Restaurants,饮食与餐厅,Do you have any fresh fruit juice?,Você tem algum suco de fruta fresca?,¿Tienes algún zumo de fruta fresca?,Avez-vous des jus de fruits frais ?,Avete dei succhi di frutta fresca?,Haben Sie frischen Fruchtsaft?,Nǐmen yǒu xiānzhà guǒzhī ma?,你们有鲜榨果汁吗？,
438,A2,15,Food & Restaurants,Comida e Restaurantes,Comida y Restaurantes,Nourriture et Restaurants,Cibo e Ristoranti,Essen & Restaurants,饮食与餐厅,I am not very hungry right now.,Não estou com muita fome agora.,No tengo mucha hambre ahora mismo.,Je n'ai pas très faim pour le moment.,Non ho molta fame in questo momento.,Ich habe gerade nicht viel Hunger.,Wǒ xiànzài bù tài è.,我现在不太饿。,
439,A2,15,Food & Restaurants,Comida e Restaurantes,Comida y Restaurantes,Nourriture et Restaurants,Cibo e Ristoranti,Essen & Restaurants,饮食与餐厅,We enjoyed the dinner very much.,Nós gostamos muito do jantar.,Disfrutamos mucho de la cena.,Nous avons beaucoup apprécié le dîner.,Ci è piaciuta molto la cena.,Das Abendessen hat uns sehr gut gefallen.,Wǒmen jīnwǎn chī de hěn kāixīn.,我们今晚吃得很开心。,
440,A2,15,Food & Restaurants,Comida e Restaurantes,Comida y Restaurantes,Nourriture et Restaurants,Cibo e Ristoranti,Essen & Restaurants,饮食与餐厅,Can I pay by credit card?,Posso pagar com cartão de crédito?,¿Puedo pagar con tarjeta de crédito?,Puis-je payer par carte de crédit ?,Posso pagare con carta di credito?,Kann ich mit Kreditkarte bezahlen?,Kěyǐ shuā xìnyòngkǎ ma?,可以刷信用卡吗？,
441,A2,15,Food & Restaurants,Comida e Restaurantes,Comida y Restaurantes,Nourriture et Restaurants,Cibo e Ristoranti,Essen & Restaurants,饮食与餐厅,The waiter forgot to bring our drinks.,O garçom esqueceu de trazer nossas bebidas.,El camarero se olvidó de traer nuestras bebidas.,Le serveur a oublié de nous apporter nos boissons.,Il cameriere ha dimenticato di portare le nostre bevande.,"Der Kellner hat vergessen, unsere Getränke zu bringen.",Fúwùyuán wàng le gěi wǒmen shàng yǐnliào.,服务员忘了给我们上饮料。,
442,A2,15,Food & Restaurants,Comida e Restaurantes,Comida y Restaurantes,Nourriture et Restaurants,Cibo e Ristoranti,Essen & Restaurants,饮食与餐厅,I’ll have the same thing as my friend.,Vou querer a mesma coisa que meu amigo.,Tomaré lo mismo que mi amigo.,Je vais prendre la même chose que mon ami.,Prendo la stessa cosa del mio amico.,Ich nehme das Gleiche wie mein Freund.,Wǒ hé wǒ péngyou yào yīyàng de.,我和我朋友要一样的。,
443,A2,15,Food & Restaurants,Comida e Restaurantes,Comida y Restaurantes,Nourriture et Restaurants,Cibo e Ristoranti,Essen & Restaurants,饮食与餐厅,Is the tip included in the price?,A gorjeta está incluída no preço?,¿Está incluida la propina en el precio?,Le pourboire est-il inclus dans le prix ?,La mancia è inclusa nel prezzo?,Ist das Trinkgeld im Preis inbegriffen?,Jiàgé lǐ bāohán xiǎofèi ma?,价格里包含小费吗？,
444,A2,15,Food & Restaurants,Comida e Restaurantes,Comida y Restaurantes,Nourriture et Restaurants,Cibo e Ristoranti,Essen & Restaurants,饮食与餐厅,How much is a large bottle of water?,Quanto custa uma garrafa grande de água?,¿Cuánto cuesta una botella grande de agua?,Combien coûte une grande bouteille d'eau ?,Quanto costa una bottiglia d'acqua grande?,Wie viel kostet eine große Flasche Wasser?,Yī dà píng shuǐ duōshao qián?,一大瓶水多少钱？,
445,A2,15,Food & Restaurants,Comida e Restaurantes,Comida y Restaurantes,Nourriture et Restaurants,Cibo e Ristoranti,Essen & Restaurants,饮食与餐厅,I don't eat pork for religious reasons.,Não como carne de porco por motivos religiosos.,No como cerdo por razones religiosas.,Je ne mange pas de porc pour des raisons religieuses.,Non mangio maiale per motivi religiosi.,Aus religiösen Gründen esse ich kein Schweinefleisch.,Yīnwèi zōngjiào yuányīn wǒ bù chī zhūròu.,因为宗教原因我不吃猪肉。,
446,A2,15,Food & Restaurants,Comida e Restaurantes,Comida y Restaurantes,Nourriture et Restaurants,Cibo e Ristoranti,Essen & Restaurants,饮食与餐厅,Could you bring us some more bread?,Você poderia nos trazer mais um pouco de pão?,¿Podría traernos algo más de pan?,Pourriez-vous nous apporter encore un peu de pain ?,Potrebbe portarci ancora del pane?,Könnten Sie uns noch etwas Brot bringen?,Néng zài bāng wǒmen jiā diǎn miànbāo ma?,能再帮我们加点面包吗？,
447,A2,15,Food & Restaurants,Comida e Restaurantes,Comida y Restaurantes,Nourriture et Restaurants,Cibo e Ristoranti,Essen & Restaurants,饮食与餐厅,The restaurant was too noisy for a conversation.,O restaurante estava barulhento demais para uma conversa.,El restaurante era demasiado ruidoso para conversar.,Le restaurant était trop bruyant pour discuter.,Il ristorante era troppo rumoroso per conversare.,Im Restaurant war es zu laut für eine Unterhaltung.,"Fàndiàn tài chǎo le, méifǎ liáotiān.",饭店太吵了，没法聊天。,
448,A2,15,Food & Restaurants,Comida e Restaurantes,Comida y Restaurantes,Nourriture et Restaurants,Cibo e Ristoranti,Essen & Restaurants,饮食与餐厅,I want to try the local food.,Quero experimentar a comida local.,Quiero probar la comida local.,Je veux goûter la nourriture locale.,Voglio provare il cibo locale.,Ich möchte das lokale Essen probieren.,Wǒ xiǎng chángchang dāngdì de měishí.,我想尝尝当地的美食。,
449,A2,15,Food & Restaurants,Comida e Restaurantes,Comida y Restaurantes,Nourriture et Restaurants,Cibo e Ristoranti,Essen & Restaurants,饮食与餐厅,Is this dish served with salad?,Este prato é servido com salada?,¿Este plato se sirve con ensalada?,Ce plat est-il servi avec de la salade ?,Questo piatto è servito con l'insalata?,Wird dieses Gericht mit Salat serviert?,Zhè dào cài pèi shālā ma?,这道菜配沙拉吗？,
450,A2,15,Food & Restaurants,Comida e Restaurantes,Comida y Restaurantes,Nourriture et Restaurants,Cibo e Ristoranti,Essen & Restaurants,饮食与餐厅,We are looking for a quiet cafe.,Estamos procurando um café tranquilo.,Estamos buscando una cafetería tranquila.,Nous cherchons un café calme.,Stiamo cercando un caffè tranquillo.,Wir suchen ein ruhiges Café.,Wǒmen zhèngzài zhǎo yī jiā ānjìng de kāfēiguǎn.,我们正在找一家安静的咖啡馆。,
451,A2,16,Shopping & Money,Compras e Dinheiro,Compras y Dinero,Achats et Argent,Acquisti e Denaro,Einkaufen & Geld,购物与金钱,"I am just looking, thank you.","Estou apenas olhando, obrigado.","Solo estoy mirando, gracias.","Je regarde juste, merci.","Sto solo guardando, grazie.","Ich schaue mich nur um, danke.","Wǒ zhǐshì kànkan, xièxie.",我只是看看，谢谢。,
452,A2,16,Shopping & Money,Compras e Dinheiro,Compras y Dinero,Achats et Argent,Acquisti e Denaro,Einkaufen & Geld,购物与金钱,Does this jacket come in a different color?,Esta jaqueta vem em uma cor diferente?,¿Viene esta chaqueta en un color diferente?,Cette veste existe-t-elle dans une autre couleur ?,Questa giacca è disponibile in un altro colore?,Gibt es diese Jacke auch in einer anderen Farbe?,Zhè jiàn jiákè yǒu bié de yánsè ma?,这件夹克有别的颜色吗？,
453,A2,16,Shopping & Money,Compras e Dinheiro,Compras y Dinero,Achats et Argent,Acquisti e Denaro,Einkaufen & Geld,购物与金钱,Where can I find the men’s department?,Onde posso encontrar a seção masculina?,¿Dónde puedo encontrar el departamento de hombres?,Où se trouve le rayon hommes ?,Dove posso trovare il reparto uomo?,Wo finde ich die Herrenabteilung?,Nánzhuāngqū zài nǎlǐ?,男装区在哪里？,
454,A2,16,Shopping & Money,Compras e Dinheiro,Compras y Dinero,Achats et Argent,Acquisti e Denaro,Einkaufen & Geld,购物与金钱,This pair of jeans is too tight for me.,Esta calça jeans está apertada demais para mim.,Estos vaqueros me quedan demasiado ajustados.,Ce jean est trop serré pour moi.,Questi jeans sono troppo stretti per me.,Diese Jeans ist mir zu eng.,Zhè tiáo niúzǎikù wǒ chuān tài jǐn le.,这条牛仔裤我穿太紧了。,
455,A2,16,Shopping & Money,Compras e Dinheiro,Compras y Dinero,Achats et Argent,Acquisti e Denaro,Einkaufen & Geld,购物与金钱,I would like to return this item.,Eu gostaria de devolver este item.,Me gustaría devolver este artículo.,Je voudrais retourner cet article.,Vorrei restituire questo articolo.,Ich möchte diesen Artikel zurückgeben.,Wǒ xiǎng tuìhuò.,我想退货。,
456,A2,16,Shopping & Money,Compras e Dinheiro,Compras y Dinero,Achats et Argent,Acquisti e Denaro,Einkaufen & Geld,购物与金钱,Can I have a bag for these things?,Pode me dar uma sacola para estas coisas?,¿Me puede dar una bolsa para estas cosas?,Puis-je avoir un sac pour ces choses ?,Posso avere un sacchetto per queste cose?,Kann ich dafür eine Tüte haben?,Néng gěi wǒ yī gè dàizi zhuāng zhèxiē dōngxi ma?,能给我一个袋子装这些东西吗？,
457,A2,16,Shopping & Money,Compras e Dinheiro,Compras y Dinero,Achats et Argent,Acquisti e Denaro,Einkaufen & Geld,购物与金钱,The shop is having a big sale this week.,A loja está em promoção esta semana.,La tienda tiene una gran liquidación esta semana.,Le magasin fait de grands soldes cette semaine.,Il negozio fa dei grandi saldi questa settimana.,Der Laden hat diese Woche einen großen Ausverkauf.,Zhè jiā diàn zhè zhōu zhékòu hěn dà.,这家店这周折扣很大。,
458,A2,16,Shopping & Money,Compras e Dinheiro,Compras y Dinero,Achats et Argent,Acquisti e Denaro,Einkaufen & Geld,购物与金钱,Is there a pharmacy inside the mall?,Existe uma farmácia dentro do shopping?,¿Hay una farmacia dentro del centro comercial?,Y a-t-il une pharmacie à l'intérieur du centre commercial ?,C'è una farmacia all'interno del centro commerciale?,Gibt es eine Apotheke im Einkaufszentrum?,Shāngchǎng lǐ yǒu yàodiàn ma?,商场里有药店吗？,
459,A2,16,Shopping & Money,Compras e Dinheiro,Compras y Dinero,Achats et Argent,Acquisti e Denaro,Einkaufen & Geld,购物与金钱,I spent too much money yesterday.,Gastei dinheiro demais ontem.,Gasté demasiado dinero ayer.,J'ai dépensé trop d'argent hier.,Ho speso troppi soldi ieri.,Ich habe gestern zu viel Geld ausgegeben.,Wǒ zuótiān huā le tài duō qián.,我昨天花了太多钱。,
460,A2,16,Shopping & Money,Compras e Dinheiro,Compras y Dinero,Achats et Argent,Acquisti e Denaro,Einkaufen & Geld,购物与金钱,How much does the delivery cost?,Quanto custa a entrega?,¿Cuánto cuesta la entrega?,Combien coûtent les frais de livraison ?,Quanto costa la consegna?,Wie viel kostet die Lieferung?,Pèisòngfèi duōshao qián?,配送费多少钱？,
461,A2,16,Shopping & Money,Compras e Dinheiro,Compras y Dinero,Achats et Argent,Acquisti e Denaro,Einkaufen & Geld,购物与金钱,Do you have this shirt in a medium size?,Você tem esta camisa no tamanho médio?,¿Tienes esta camisa en una talla mediana?,Avez-vous cette chemise en taille M ?,Avete questa camicia in taglia media?,Haben Sie dieses Hemd in Größe M?,Zhè jiàn chènshān yǒu zhōnghào ma?,这件衬衫有中号吗？,
462,A2,16,Shopping & Money,Compras e Dinheiro,Compras y Dinero,Achats et Argent,Acquisti e Denaro,Einkaufen & Geld,购物与金钱,I am looking for a gift for my mother.,Estou procurando um presente para minha mãe.,Estoy buscando un regalo para mi madre.,Je cherche un cadeau pour ma mère.,Sto cercando un regalo per mia madre.,Ich suche ein Geschenk für meine Mutter.,Wǒ xiǎng gěi wǒ māma tiāo gè lǐwù.,我想给我妈妈挑个礼物。,
463,A2,16,Shopping & Money,Compras e Dinheiro,Compras y Dinero,Achats et Argent,Acquisti e Denaro,Einkaufen & Geld,购物与金钱,Can I try these shoes on in a size 38?,Posso experimentar estes sapatos no tamanho 38?,¿Puedo probarme estos zapatos en la talla 38?,Puis-je essayer ces chaussures en taille 38 ?,Posso provare queste scarpe numero 38?,Kann ich diese Schuhe in Größe 38 anprobieren?,Wǒ kěyǐ shì yīxià 38 mǎ de ma?,我可以试一下38码的吗？,
464,A2,16,Shopping & Money,Compras e Dinheiro,Compras y Dinero,Achats et Argent,Acquisti e Denaro,Einkaufen & Geld,购物与金钱,This laptop is cheaper than the other one.,Este laptop é mais barato que o outro.,Este portátil es más barato que el otro.,Cet ordinateur portable est moins cher que l'autre.,Questo laptop è più economico dell'altro.,Dieser Laptop ist billiger als der andere.,Zhè tái bǐjìběndiànnǎo bǐ nà tái piányi.,这台笔记本电脑比那台便宜。,
465,A2,16,Shopping & Money,Compras e Dinheiro,Compras y Dinero,Achats et Argent,Acquisti e Denaro,Einkaufen & Geld,购物与金钱,Where is the nearest cash machine?,Onde fica o caixa eletrônico mais próximo?,¿Dónde está el cajero automático más cercano?,Où se trouve le distributeur de billets le plus proche ?,Dov'è il bancomat più vicino?,Wo ist der nächste Geldautomat?,Zuìjìn de qǔkuǎnjī zài nǎlǐ?,最近的取款机在哪里？,
466,A2,16,Shopping & Money,Compras e Dinheiro,Compras y Dinero,Achats et Argent,Acquisti e Denaro,Einkaufen & Geld,购物与金钱,I don't have enough money with me.,Não tenho dinheiro suficiente comigo.,No tengo suficiente dinero conmigo.,Je n'ai pas assez d'argent sur moi.,Non ho abbastanza soldi con me.,Ich habe nicht genug Geld dabei.,Wǒ shēnshang de qián bù gòu.,我身上的钱不够。,
467,A2,16,Shopping & Money,Compras e Dinheiro,Compras y Dinero,Achats et Argent,Acquisti e Denaro,Einkaufen & Geld,购物与金钱,Are these products on sale?,Estes produtos estão em promoção?,¿Están estos productos en oferta?,Ces produits sont-ils en promotion ?,Questi prodotti sono in offerta?,Sind diese Produkte im Angebot?,Zhèxiē shāngpǐn dǎzhé ma?,这些商品打折吗？,
468,A2,16,Shopping & Money,Compras e Dinheiro,Compras y Dinero,Achats et Argent,Acquisti e Denaro,Einkaufen & Geld,购物与金钱,I would like to buy some stamps.,Eu gostaria de comprar alguns selos.,Me gustaría comprar algunos sellos.,Je voudrais acheter des timbres.,Vorrei comprare dei francobolli.,Ich möchte ein paar Briefmarken kaufen.,Wǒ xiǎng mǎi jǐ zhāng yóupiào.,我想买几张邮票。,
469,A2,16,Shopping & Money,Compras e Dinheiro,Compras y Dinero,Achats et Argent,Acquisti e Denaro,Einkaufen & Geld,购物与金钱,The changing rooms are over there.,Os provadores ficam logo ali.,Los probadores están por allá.,Les cabines d'essayage sont là-bas.,I camerini sono laggiù.,Die Umkleidekabinen sind dort drüben.,Shìyījiān zài nàbiān.,试衣间在那边。,
470,A2,16,Shopping & Money,Compras e Dinheiro,Compras y Dinero,Achats et Argent,Acquisti e Denaro,Einkaufen & Geld,购物与金钱,Could you give me a discount?,Você poderia me dar um desconto?,¿Podría hacerme un descuento?,Pourriez-vous me faire une remise ?,Potrebbe farmi uno sconto?,Könnten Sie mir einen Rabatt geben?,Néng dǎ gè zhé ma?,能打个折吗？,
471,A2,16,Shopping & Money,Compras e Dinheiro,Compras y Dinero,Achats et Argent,Acquisti e Denaro,Einkaufen & Geld,购物与金钱,I need to buy a new pair of glasses.,Preciso comprar um par de óculos novo.,Necesito comprar un nuevo par de gafas.,J'ai besoin d'acheter une nouvelle paire de lunettes.,Devo comprare un nuovo paio di occhiali.,Ich muss mir eine neue Brille kaufen.,Wǒ děi mǎi yī fù xīn yǎnjìng.,我得买一副新眼镜。,
472,A2,16,Shopping & Money,Compras e Dinheiro,Compras y Dinero,Achats et Argent,Acquisti e Denaro,Einkaufen & Geld,购物与金钱,Do you accept foreign currency?,Vocês aceitam moeda estrangeira?,¿Aceptan moneda extranjera?,Acceptez-vous les devises étrangères ?,Accettate valuta estera?,Akzeptieren Sie Fremdwährungen?,Nǐmen shōu wàibì ma?,你们收外币吗？,
473,A2,16,Shopping & Money,Compras e Dinheiro,Compras y Dinero,Achats et Argent,Acquisti e Denaro,Einkaufen & Geld,购物与金钱,This watch is not working properly.,Este relógio não está funcionando corretamente.,Este reloj no funciona correctamente.,Cette montre ne fonctionne pas correctement.,Questo orologio non funziona bene.,Diese Uhr funktioniert nicht richtig.,Zhè kuài shǒubiǎo bù zǒu le.,这块手表不走了。,
474,A2,16,Shopping & Money,Compras e Dinheiro,Compras y Dinero,Achats et Argent,Acquisti e Denaro,Einkaufen & Geld,购物与金钱,I lost my wallet in the supermarket.,Perdi minha carteira no supermercado.,Perdí mi billetera en el supermercado.,J'ai perdu mon portefeuille au supermarché.,Ho perso il portafoglio al supermercato.,Ich habe meinen Geldbeutel im Supermarkt verloren.,Wǒ de qiánbāo zài chāoshì diū le.,我的钱包在超市丢了。,
475,A2,16,Shopping & Money,Compras e Dinheiro,Compras y Dinero,Achats et Argent,Acquisti e Denaro,Einkaufen & Geld,购物与金钱,How much is the total?,Quanto é o total?,¿Cuánto es el total?,Quel est le montant total ?,Quanto viene in totale?,Wie hoch ist der Gesamtbetrag?,Yīgòng duōshao qián?,一共多少钱？,
476,A2,16,Shopping & Money,Compras e Dinheiro,Compras y Dinero,Achats et Argent,Acquisti e Denaro,Einkaufen & Geld,购物与金钱,"I would like a receipt, please.","Eu gostaria de um recibo, por favor.","Me gustaría un recibo, por favor.","Je voudrais un reçu, s'il vous plaît.","Vorrei la ricevuta, per favore.","Ich hätte gerne eine Quittung, bitte.","Qǐng gěi wǒ shōujù, xièxie.",请给我收据，谢谢。,
477,A2,16,Shopping & Money,Compras e Dinheiro,Compras y Dinero,Achats et Argent,Acquisti e Denaro,Einkaufen & Geld,购物与金钱,The quality of this fabric is very good.,A qualidade deste tecido é muito boa.,La calidad de esta tela es muy buena.,La qualité de ce tissu est très bonne.,La qualità di questo tessuto è molto buona.,Die Qualität dieses Stoffes ist sehr gut.,Zhèzhǒng bùliào de zhìliàng hěn hǎo.,这种布料的质量很好。,
478,A2,16,Shopping & Money,Compras e Dinheiro,Compras y Dinero,Achats et Argent,Acquisti e Denaro,Einkaufen & Geld,购物与金钱,Is there a warranty on this camera?,Existe garantia para esta câmera?,¿Tiene garantía esta cámara?,Y a-t-il une garantie sur cet appareil photo ?,C'è una garanzia su questa fotocamera?,Gibt es eine Garantie auf diese Kamera?,Zhè tái xiàngjī yǒu bǎoxiū ma?,这台相机有保修吗？,
479,A2,16,Shopping & Money,Compras e Dinheiro,Compras y Dinero,Achats et Argent,Acquisti e Denaro,Einkaufen & Geld,购物与金钱,I am going to save money for a new car.,Vou economizar dinheiro para um carro novo.,Voy a ahorrar dinero para un coche nuevo.,Je vais économiser de l'argent pour une nouvelle voiture.,Risparmierò i soldi per una macchina nuova.,Ich werde Geld für ein neues Auto sparen.,Wǒ yào zǎn qián mǎi liàng xīn chē.,我要攒钱买辆新车。,
480,A2,16,Shopping & Money,Compras e Dinheiro,Compras y Dinero,Achats et Argent,Acquisti e Denaro,Einkaufen & Geld,购物与金钱,The store opens at ten o'clock.,A loja abre às dez horas.,La tienda abre a las diez.,Le magasin ouvre à dix heures.,Il negozio apre alle dieci.,Das Geschäft öffnet um zehn Uhr.,Shàngdiàn shí diǎn kāimén.,商店十点开门。,
481,A2,17,Work & Study,Trabalho e Estudo,Trabajo y Estudio,Travail et Études,Lavoro e Studio,Arbeit & Studium,工作与学习,I have a lot of work to do today.,Tenho muito trabalho para fazer hoje.,Tengo mucho trabajo que hacer hoy.,J'ai beaucoup de travail à faire aujourd'hui.,Ho molto lavoro da fare oggi.,Ich habe heute viel Arbeit zu erledigen.,Wǒ jīntiān yǒu hěnduō gōngzuò yào zuò.,我今天有很多工作要做。,
482,A2,17,Work & Study,Trabalho e Estudo,Trabajo y Estudio,Travail et Études,Lavoro e Studio,Arbeit & Studium,工作与学习,What is your favorite subject at school?,Qual é a sua matéria favorita na escola?,¿Cuál es tu asignatura favorita en la escuela?,Quelle est ta matière préférée à l'école ?,Qual è la tua materia preferita a scuola?,Was ist dein Lieblingsfach in der Schule?,Nǐ zài xuéxiào zuì xǐhuan nǎ mén kè?,你在学校最喜欢哪门课？,
483,A2,17,Work & Study,Trabalho e Estudo,Trabajo y Estudio,Travail et Études,Lavoro e Studio,Arbeit & Studium,工作与学习,She is studying history at university.,Ela está estudando história na universidade.,Ella está estudiando historia en la universidad.,Elle étudie l'histoire à l'université.,Lei studia storia all'università.,Sie studiert Geschichte an der Universität.,Tā zài dàxué dú lǐshǐ.,她在大学读历史。,
484,A2,17,Work & Study,Trabalho e Estudo,Trabajo y Estudio,Travail et Études,Lavoro e Studio,Arbeit & Studium,工作与学习,I am looking for a part-time job.,Estou procurando um emprego de meio período.,Estoy buscando un trabajo a tiempo parcial.,Je cherche un travail à mi-temps.,Sto cercando un lavoro part-time.,Ich suche einen Teilzeitjob.,Wǒ zhèngzài zhǎo yī fèn jiānzhí.,我正在找一份兼职。,
485,A2,17,Work & Study,Trabalho e Estudo,Trabajo y Estudio,Travail et Études,Lavoro e Studio,Arbeit & Studium,工作与学习,Do you have to wear a uniform at work?,Você tem que usar uniforme no trabalho?,¿Tienes que llevar uniforme en el trabajo?,Dois-tu porter un uniforme au travail ?,Devi indossare la divisa al lavoro?,Musst du bei der Arbeit eine Uniform tragen?,Nǐ shàngbān yào chuān gōngzuòfú ma?,你上班要穿工作服吗？,
486,A2,17,Work & Study,Trabalho e Estudo,Trabajo y Estudio,Travail et Études,Lavoro e Studio,Arbeit & Studium,工作与学习,He is much better at math than I am.,Ele é muito melhor em matemática do que eu.,Él es mucho mejor en matemáticas que yo.,Il est bien meilleur que moi en maths.,Lui è molto più bravo di me in matematica.,Er ist viel besser in Mathe als ich.,Tā de shùxué bǐ wǒ hǎo de duō.,他的数学比我好得多。,
487,A2,17,Work & Study,Trabalho e Estudo,Trabajo y Estudio,Travail et Études,Lavoro e Studio,Arbeit & Studium,工作与学习,I didn't pass my driving test.,Eu não passei no meu teste de direção.,No pasé mi examen de conducir.,J'ai raté mon examen de conduite.,Non ho superato l'esame di guida.,Ich habe meine Fahrprüfung nicht bestanden.,Wǒ jiàzhào méi kǎoguò.,我驾照没考过。,
488,A2,17,Work & Study,Trabalho e Estudo,Trabajo y Estudio,Travail et Études,Lavoro e Studio,Arbeit & Studium,工作与学习,Are you going to the meeting this afternoon?,Você vai à reunião esta tarde?,¿Vas a la reunión esta tarde?,Vas-tu à la réunion cet après-midi ?,Vai alla riunione oggi pomeriggio?,Gehst du heute Nachmittag zur Besprechung?,Nǐ jīntiān xiàwǔ qù kāihuì ma?,你今天下午去开会吗？,
489,A2,17,Work & Study,Trabalho e Estudo,Trabajo y Estudio,Travail et Études,Lavoro e Studio,Arbeit & Studium,工作与学习,I need to improve my English skills.,Preciso melhorar minhas habilidades em inglês.,Necesito mejorar mis habilidades en inglés.,Je dois améliorer mes compétences en anglais.,Devo migliorare il mio inglese.,Ich muss meine Englischkenntnisse verbessern.,Wǒ xūyào tígāo Yīngyǔ shuǐpíng.,我需要提高英语水平。,
490,A2,17,Work & Study,Trabalho e Estudo,Trabajo y Estudio,Travail et Études,Lavoro e Studio,Arbeit & Studium,工作与学习,She works in the marketing department.,Ela trabalha no departamento de marketing.,Ella trabaja en el departamento de marketing.,Elle travaille au département marketing.,Lei lavora nel dipartimento marketing.,Sie arbeitet in der Marketingabteilung.,Tā zài shìchǎngbù gōngzuò.,她在市场部工作。,
491,A2,17,Work & Study,Trabalho e Estudo,Trabajo y Estudio,Travail et Études,Lavoro e Studio,Arbeit & Studium,工作与学习,I am tired because I worked late last night.,Estou cansado porque trabalhei até tarde ontem à noite.,Estoy cansado porque trabajé hasta tarde anoche.,Je suis fatigué parce que j'ai travaillé tard hier soir.,Sono stanco perché ho lavorato fino a tardi ieri sera.,"Ich bin müde, weil ich gestern Abend lange gearbeitet habe.","Wǒ hěn lèi, yīnwèi wǒ zuówǎn jiābān le.",我很累，因为我昨晚加班了。,
492,A2,17,Work & Study,Trabalho e Estudo,Trabajo y Estudio,Travail et Études,Lavoro e Studio,Arbeit & Studium,工作与学习,What time does the lecture start?,A que horas começa a palestra?,¿A qué hora empieza la conferencia?,À quelle heure commence la conférence ?,A che ora inizia la lezione?,Wann beginnt die Vorlesung?,Jiǎngzuò jǐ diǎn kāishǐ?,讲座几点开始？,
493,A2,17,Work & Study,Trabalho e Estudo,Trabajo y Estudio,Travail et Études,Lavoro e Studio,Arbeit & Studium,工作与学习,He is the most intelligent person in the class.,Ele é a pessoa mais inteligente da classe.,Él es la persona más inteligente de la clase.,C'est la personne la plus intelligente de la classe.,Lui è la persona più intelligente della classe.,Er ist der Intelligenteste in der Klasse.,Tā shì bān shàng zuì cōngming de rén.,他是班上最聪明的人。,
494,A2,17,Work & Study,Trabalho e Estudo,Trabajo y Estudio,Travail et Études,Lavoro e Studio,Arbeit & Studium,工作与学习,I don't like working under pressure.,Não gosto de trabalhar sob pressão.,No me gusta trabajar bajo presión.,Je n'aime pas travailler sous pression.,Non mi piace lavorare sotto pressione.,Ich arbeite nicht gerne unter Druck.,Wǒ bù xǐhuan zài gāoyā xià gōngzuò.,我不喜欢在高压下工作。,
495,A2,17,Work & Study,Trabalho e Estudo,Trabajo y Estudio,Travail et Études,Lavoro e Studio,Arbeit & Studium,工作与学习,Do you have any experience in sales?,Você tem alguma experiência em vendas?,¿Tienes alguna experiencia en ventas?,As-tu de l'expérience dans la vente ?,Hai esperienza nelle vendite?,Hast du Erfahrung im Verkauf?,Nǐ yǒu xiāoshòu jīngyàn ma?,你有销售经验吗？,
496,A2,17,Work & Study,Trabalho e Estudo,Trabajo y Estudio,Travail et Études,Lavoro e Studio,Arbeit & Studium,工作与学习,I am writing a report for my boss.,Estou escrevendo um relatório para meu chefe.,Estoy escribiendo un informe para mi jefe.,J'écris un rapport pour mon patron.,Sto scrivendo una relazione per il mio capo.,Ich schreibe einen Bericht für meinen Chef.,Wǒ zhèngzài gěi lǎobǎn xiě bàogào.,我正在给老板写报告。,
497,A2,17,Work & Study,Trabalho e Estudo,Trabajo y Estudio,Travail et Études,Lavoro e Studio,Arbeit & Studium,工作与学习,She is going to quit her job next month.,Ela vai pedir demissão no próximo mês.,Ella va a dejar su trabajo el mes que viene.,Elle va démissionner le mois prochain.,Lei si dimetterà dal lavoro il mese prossimo.,Sie wird nächsten Monat kündigen.,Tā xià gè yuè yào cízhí.,她下个月要辞职。,
498,A2,17,Work & Study,Trabalho e Estudo,Trabajo y Estudio,Travail et Études,Lavoro e Studio,Arbeit & Studium,工作与学习,We have a break at half past ten.,Temos um intervalo às dez e meia.,Tenemos un descanso a las diez y media.,Nous avons une pause à dix heures et demie.,Abbiamo una pausa alle dieci e mezza.,Wir haben um halb elf eine Pause.,Wǒmen shí diǎn bàn xiūxi.,我们十点半休息。,
499,A2,17,Work & Study,Trabalho e Estudo,Trabajo y Estudio,Travail et Études,Lavoro e Studio,Arbeit & Studium,工作与学习,Is the exam going to be difficult?,A prova vai ser difícil?,¿Va a ser difícil el examen?,L'examen va-t-il être difficile ?,L'esame sarà difficile?,Wird die Prüfung schwierig sein?,Kǎoshì huì hěn nán ma?,考试会很难吗？,
500,A2,17,Work & Study,Trabalho e Estudo,Trabajo y Estudio,Travail et Études,Lavoro e Studio,Arbeit & Studium,工作与学习,I need to use the printer.,Preciso usar a impressora.,Necesito usar la impresora.,J'ai besoin d'utiliser l'imprimante.,Devo usare la stampante.,Ich muss den Drucker benutzen.,Wǒ yào yòng yīxià dǎyìnjī.,我要用一下打印机。,
501,A2,17,Work & Study,Trabalho e Estudo,Trabajo y Estudio,Travail et Études,Lavoro e Studio,Arbeit & Studium,工作与学习,He is looking for a promotion.,Ele está buscando uma promoção.,Él está buscando un ascenso.,Il cherche une promotion.,Lui sta cercando una promozione.,Er hofft auf eine Beförderung.,Tā zhèngzài zhēngqǔ shēngzhí.,他正在争取升职。,
502,A2,17,Work & Study,Trabalho e Estudo,Trabajo y Estudio,Travail et Études,Lavoro e Studio,Arbeit & Studium,工作与学习,I have been working here for six months.,Trabalho aqui há seis meses.,He estado trabajando aquí durante seis meses.,Je travaille ici depuis six mois.,Lavoro qui da sei mesi.,Ich arbeite hier seit sechs Monaten.,Wǒ zài zhèlǐ gōngzuò liù ge yuè le.,我在这里工作六个月了。,
503,A2,17,Work & Study,Trabalho e Estudo,Trabajo y Estudio,Travail et Études,Lavoro e Studio,Arbeit & Studium,工作与学习,Do you prefer working alone or in a team?,Você prefere trabalhar sozinho ou em equipe?,¿Prefieres trabajar solo o en equipo?,Préfères-tu travailler seul ou en équipe ?,Preferisci lavorare da solo o in squadra?,Arbeitest du lieber alleine oder im Team?,Nǐ xǐhuan dúlì gōngzuò háishì tuánduì hézuò?,你喜欢独立工作还是团队合作？,
504,A2,17,Work & Study,Trabalho e Estudo,Trabajo y Estudio,Travail et Études,Lavoro e Studio,Arbeit & Studium,工作与学习,The office is located in the city center.,O escritório fica no centro da cidade.,La oficina está ubicada en el centro de la ciudad.,Le bureau est situé au centre-ville.,L'ufficio si trova in centro città.,Das Büro befindet sich im Stadtzentrum.,Bàngōngshì zài shìzhōngxīn.,办公室在市中心。,
505,A2,17,Work & Study,Trabalho e Estudo,Trabajo y Estudio,Travail et Études,Lavoro e Studio,Arbeit & Studium,工作与学习,I am taking an online course.,Estou fazendo um curso online.,Estoy haciendo un curso por internet.,Je suis un cours en ligne.,Sto seguendo un corso online.,Ich mache einen Online-Kurs.,Wǒ zhèngzài shàng wǎngkè.,我正在上网课。,
506,A2,17,Work & Study,Trabalho e Estudo,Trabajo y Estudio,Travail et Études,Lavoro e Studio,Arbeit & Studium,工作与学习,She is very good at explaining things.,Ela é muito boa em explicar as coisas.,Ella es muy buena explicando cosas.,Elle est très douée pour expliquer les choses.,Lei è bravissima a spiegare le cose.,Sie kann Dinge sehr gut erklären.,Tā hěn shàncháng bǎ shìqing jiǎng qīngchu.,她很擅长把事情讲清楚。,
507,A2,17,Work & Study,Trabalho e Estudo,Trabajo y Estudio,Travail et Études,Lavoro e Studio,Arbeit & Studium,工作与学习,I have a job interview tomorrow morning.,Tenho uma entrevista de emprego amanhã de manhã.,Tengo una entrevista de trabajo mañana por la mañana.,J'ai un entretien d'embauche demain matin.,Ho un colloquio di lavoro domani mattina.,Ich habe morgen früh ein Vorstellungsgespräch.,Wǒ míngtiān zǎoshang yǒu gè gōngzuò miànshì.,我明天早上有个工作面试。,
508,A2,17,Work & Study,Trabalho e Estudo,Trabajo y Estudio,Travail et Études,Lavoro e Studio,Arbeit & Studium,工作与学习,What are your main responsibilities?,Quais são suas principais responsabilidades?,¿Cuáles son sus principales responsabilidades?,Quelles sont vos principales responsabilités ?,Quali sono le tue responsabilità principali?,Was sind deine Hauptaufgaben?,Nǐ de zhǔyào zhízé shì shénme?,你的主要职责是什么？,
509,A2,17,Work & Study,Trabalho e Estudo,Trabajo y Estudio,Travail et Études,Lavoro e Studio,Arbeit & Studium,工作与学习,I need some help with this project.,Preciso de ajuda com este projeto.,Necesito algo de ayuda con este proyecto.,J'ai besoin d'aide pour ce projet.,Ho bisogno di aiuto con questo progetto.,Ich brauche Hilfe bei diesem Projekt.,Zhège xiàngmù wǒ xūyào yīxiē bāngzhù.,这个项目我需要一些帮助。,
510,A2,17,Work & Study,Trabalho e Estudo,Trabajo y Estudio,Travail et Études,Lavoro e Studio,Arbeit & Studium,工作与学习,The library is a good place to study.,A biblioteca é um bom lugar para estudar.,La biblioteca es un buen lugar para estudiar.,La bibliothèque est un bon endroit pour étudier.,La biblioteca è un buon posto dove studiare.,Die Bibliothek ist ein guter Ort zum Lernen.,Túshūguǎn shì gè xuéxí de hǎo dìfang.,图书馆是个学习的好地方。,
511,A2,18,Health & Emergencies,Saúde e Emergências,Salud y Emergencias,Santé et Urgences,Salute ed Emergenze,Gesundheit & Notfälle,健康与紧急情况,I have a terrible headache today.,Tenho uma dor de cabeça terrível hoje.,Tengo un dolor de cabeza terrible hoy.,J'ai un mal de tête terrible aujourd'hui.,Ho un terribile mal di testa oggi.,Ich habe heute schreckliche Kopfschmerzen.,Wǒ jīntiān tóuténg de lìhai.,我今天头疼得厉害。,
512,A2,18,Health & Emergencies,Saúde e Emergências,Salud y Emergencias,Santé et Urgences,Salute ed Emergenze,Gesundheit & Notfälle,健康与紧急情况,You should go to the doctor.,Você deveria ir ao médico.,Deberías ir al médico.,Tu devrais aller chez le médecin.,Dovresti andare dal dottore.,Du solltest zum Arzt gehen.,Nǐ yīnggāi qù kàn yīshēng.,你应该去看医生。,
513,A2,18,Health & Emergencies,Saúde e Emergências,Salud y Emergencias,Santé et Urgences,Salute ed Emergenze,Gesundheit & Notfälle,健康与紧急情况,"I feel much better now, thank you.","Me sinto muito melhor agora, obrigado.","Me siento mucho mejor ahora, gracias.","Je me sens beaucoup mieux maintenant, merci.","Mi sento molto meglio ora, grazie.","Ich fühle mich jetzt viel besser, danke.","Wǒ xiànzài juéde hǎoduō le, xièxie.",我现在觉得好多了，谢谢。,
514,A2,18,Health & Emergencies,Saúde e Emergências,Salud y Emergencias,Santé et Urgences,Salute ed Emergenze,Gesundheit & Notfälle,健康与紧急情况,She has a sore throat and a cough.,Ela está com dor de garganta e tosse.,Ella tiene dolor de garganta y tos.,Elle a mal à la gorge et elle tousse.,Lei ha mal di gola e la tosse.,Sie hat Halsschmerzen und Husten.,"Tā sǎngzi téng, hái késou.",她嗓子疼，还咳嗽。,
515,A2,18,Health & Emergencies,Saúde e Emergências,Salud y Emergencias,Santé et Urgences,Salute ed Emergenze,Gesundheit & Notfälle,健康与紧急情况,Are you taking any medication?,Você está tomando algum medicamento?,¿Estás tomando alguna medicina?,Prends-tu des médicaments ?,Stai prendendo dei farmaci?,Nimmst du Medikamente?,Nǐ zài chī yào ma?,你在吃药吗？,
516,A2,18,Health & Emergencies,Saúde e Emergências,Salud y Emergencias,Santé et Urgences,Salute ed Emergenze,Gesundheit & Notfälle,健康与紧急情况,I need to make an appointment with the dentist.,Preciso marcar uma consulta com o dentista.,Necesito pedir una cita con el dentista.,Je dois prendre rendez-vous chez le dentiste.,Devo fissare un appuntamento dal dentista.,Ich muss einen Termin beim Zahnarzt machen.,Wǒ děi yùyuē kàn yáyī.,我得预约看牙医。,
517,A2,18,Health & Emergencies,Saúde e Emergências,Salud y Emergencias,Santé et Urgences,Salute ed Emergenze,Gesundheit & Notfälle,健康与紧急情况,He broke his arm while playing football.,Ele quebrou o braço enquanto jogava futebol.,Él se rompió el brazo mientras jugaba al fútbol.,Il s'est cassé le bras en jouant au football.,Lui si è rotto il braccio giocando a calcio.,Er hat sich beim Fußballspielen den Arm gebrochen.,Tā tī zúqiú shí bǎ gēbo shuāi duàn le.,他踢足球时把胳膊摔断了。,
518,A2,18,Health & Emergencies,Saúde e Emergências,Salud y Emergencias,Santé et Urgences,Salute ed Emergenze,Gesundheit & Notfälle,健康与紧急情况,I am allergic to some types of medicine.,Sou alérgico a alguns tipos de remédios.,Soy alérgico a algunos tipos de medicina.,Je suis allergique à certains types de médicaments.,Sono allergico ad alcuni tipi di medicine.,Ich bin gegen einige Medikamente allergisch.,Wǒ duì mǒuxiē yào guòmǐn.,我对某些药过敏。,
519,A2,18,Health & Emergencies,Saúde e Emergências,Salud y Emergencias,Santé et Urgences,Salute ed Emergenze,Gesundheit & Notfälle,健康与紧急情况,Is there a 24-hour pharmacy nearby?,Existe alguma farmácia 24 horas perto?,¿Hay alguna farmacia de 24 horas cerca?,Y a-t-il une pharmacie ouverte 24h/24 par ici ?,C'è una farmacia aperta 24 ore su 24 qui vicino?,Gibt es hier in der Nähe eine 24-Stunden-Apotheke?,Zhè fùjìn yǒu èrshísì xiǎoshí yàodiàn ma?,这附近有24小时药店吗？,
520,A2,18,Health & Emergencies,Saúde e Emergências,Salud y Emergencias,Santé et Urgences,Salute ed Emergenze,Gesundheit & Notfälle,健康与紧急情况,I feel a bit dizzy and weak.,Me sinto um pouco tonto e fraco.,Me siento un poco mareado y débil.,Je me sens un peu étourdi et faible.,Mi sento un po' stordito e debole.,Mir ist ein bisschen schwindelig und ich fühle mich schwach.,"Wǒ juéde yǒudiǎn tóuyūn, méi lìqi.",我觉得有点头晕，没力气。,
521,A2,18,Health & Emergencies,Saúde e Emergências,Salud y Emergencias,Santé et Urgences,Salute ed Emergenze,Gesundheit & Notfälle,健康与紧急情况,You must rest for a few days.,Você deve descansar por alguns dias.,Debes descansar unos días.,Tu dois te reposer pendant quelques jours.,Devi riposare per qualche giorno.,Du musst dich ein paar Tage ausruhen.,Nǐ děi xiūxi jǐ tiān.,你得休息几天。,
522,A2,18,Health & Emergencies,Saúde e Emergências,Salud y Emergencias,Santé et Urgences,Salute ed Emergenze,Gesundheit & Notfälle,健康与紧急情况,Where does it hurt exactly?,Onde dói exatamente?,¿Dónde te duele exactamente?,Où as-tu mal exactement ?,Dove ti fa male esattamente?,Wo genau tut es weh?,Nǐ jùtǐ nǎlǐ téng?,你具体哪里疼？,
523,A2,18,Health & Emergencies,Saúde e Emergências,Salud y Emergencias,Santé et Urgences,Salute ed Emergenze,Gesundheit & Notfälle,健康与紧急情况,I have a pain in my back.,Tenho uma dor nas costas.,Tengo un dolor en la espalda.,J'ai mal au dos.,Ho mal di schiena.,Ich habe Rückenschmerzen.,Wǒ bèi téng.,我背疼。,
524,A2,18,Health & Emergencies,Saúde e Emergências,Salud y Emergencias,Santé et Urgences,Salute ed Emergenze,Gesundheit & Notfälle,健康与紧急情况,Did you call the police?,Você chamou a polícia?,¿Llamaste a la policía?,As-tu appelé la police ?,Hai chiamato la polizia?,Hast du die Polizei gerufen?,Nǐ bàojǐng le ma?,你报警了吗？,
525,A2,18,Health & Emergencies,Saúde e Emergências,Salud y Emergencias,Santé et Urgences,Salute ed Emergenze,Gesundheit & Notfälle,健康与紧急情况,The emergency room is very crowded.,O pronto-socorro está muito cheio.,La sala de emergencias está muy llena.,Les urgences sont bondées.,Il pronto soccorso è molto affollato.,Die Notaufnahme ist sehr voll.,Jízhěnshì rén hěn duō.,急诊室人很多。,
526,A2,18,Health & Emergencies,Saúde e Emergências,Salud y Emergencias,Santé et Urgences,Salute ed Emergenze,Gesundheit & Notfälle,健康与紧急情况,I need to buy some painkillers.,Preciso comprar alguns analgésicos.,Necesito comprar algunos analgésicos.,Je dois acheter des analgésiques.,Devo comprare degli antidolorifici.,Ich muss Schmerzmittel kaufen.,Wǒ děi mǎi diǎn zhǐténgyào.,我得买点止疼药。,
527,A2,18,Health & Emergencies,Saúde e Emergências,Salud y Emergencias,Santé et Urgences,Salute ed Emergenze,Gesundheit & Notfälle,健康与紧急情况,She is suffering from a bad cold.,Ela está sofrendo de um resfriado forte.,Ella está sufriendo de un fuerte resfriado.,Elle souffre d'un gros rhume.,Lei soffre di un brutto raffreddore.,Sie hat eine schlimme Erkältung.,Tā gǎnmào hěn yánzhòng.,她感冒很严重。,
528,A2,18,Health & Emergencies,Saúde e Emergências,Salud y Emergencias,Santé et Urgences,Salute ed Emergenze,Gesundheit & Notfälle,健康与紧急情况,Don't touch that; it's dangerous!,Não toque nisso; é perigoso!,¡No toques eso; es peligroso!,"Ne touche pas à ça, c'est dangereux !",Non toccarlo; è pericoloso!,"Fass das nicht an, das ist gefährlich!","Bié pèng nàge, hěn wéixiǎn!",别碰那个，很危险！,
529,A2,18,Health & Emergencies,Saúde e Emergências,Salud y Emergencias,Santé et Urgences,Salute ed Emergenze,Gesundheit & Notfälle,健康与紧急情况,I cut my finger while cooking.,Cortei meu dedo enquanto cozinhava.,Me corté el dedo mientras cocinaba.,Je me suis coupé le doigt en cuisinant.,Mi sono tagliato il dito mentre cucinavo.,Ich habe mir beim Kochen in den Finger geschnitten.,Wǒ zuòfàn shí bǎ shǒuzhǐ qiē pò le.,我做饭时把手指切破了。,
530,A2,18,Health & Emergencies,Saúde e Emergências,Salud y Emergencias,Santé et Urgences,Salute ed Emergenze,Gesundheit & Notfälle,健康与紧急情况,Is anyone hurt in the accident?,Alguém se machucou no acidente?,¿Hay alguien herido en el accidente?,Y a-t-il des blessés dans l'accident ?,Qualcuno si è fatto male nell'incidente?,Wurde bei dem Unfall jemand verletzt?,Shìgù zhōng yǒu rén shòushāng ma?,事故中有人受伤吗？,
531,A2,18,Health & Emergencies,Saúde e Emergências,Salud y Emergencias,Santé et Urgences,Salute ed Emergenze,Gesundheit & Notfälle,健康与紧急情况,I need to see a specialist.,Preciso ver um especialista.,Necesito ver a un especialista.,Je dois voir un spécialiste.,Devo vedere uno specialista.,Ich muss zu einem Facharzt.,Wǒ xūyào kàn zhuānkē yīshēng.,我需要看专科医生。,
532,A2,18,Health & Emergencies,Saúde e Emergências,Salud y Emergencias,Santé et Urgences,Salute ed Emergenze,Gesundheit & Notfälle,健康与紧急情况,You should drink plenty of water.,Você deve beber bastante água.,Deberías beber mucha agua.,Tu devrais boire beaucoup d'eau.,Dovresti bere molta acqua.,Du solltest viel Wasser trinken.,Nǐ yīnggāi duō hē shuǐ.,你应该多喝水。,
533,A2,18,Health & Emergencies,Saúde e Emergências,Salud y Emergencias,Santé et Urgences,Salute ed Emergenze,Gesundheit & Notfälle,健康与紧急情况,He is recovering from a surgery.,Ele está se recuperando de uma cirurgia.,Él se está recuperando de una cirugía.,Il se remet d'une opération.,Lui si sta riprendendo da un intervento chirurgico.,Er erholt sich von einer Operation.,Tā shǒushù hòu zhèngzài huīfù.,他手术后正在恢复。,
534,A2,18,Health & Emergencies,Saúde e Emergências,Salud y Emergencias,Santé et Urgences,Salute ed Emergenze,Gesundheit & Notfälle,健康与紧急情况,I have a high temperature.,Estou com febre alta.,Tengo fiebre alta.,J'ai une température élevée.,Ho la febbre alta.,Ich habe hohes Fieber.,Wǒ fā gāoshāo le.,我发高烧了。,
535,A2,18,Health & Emergencies,Saúde e Emergências,Salud y Emergencias,Santé et Urgences,Salute ed Emergenze,Gesundheit & Notfälle,健康与紧急情况,Can you tell me where the nearest clinic is?,Você pode me dizer onde fica a clínica mais próxima?,¿Puede decirme dónde está la clínica más cercana?,Pouvez-vous me dire où se trouve la clinique la plus proche ?,Puoi dirmi dove si trova la clinica più vicina?,"Können Sie mir sagen, wo die nächste Klinik ist?",Nǐ néng gàosu wǒ zuìjìn de zhěnsuǒ zài nǎlǐ ma?,你能告诉我最近的诊所在哪里吗？,
536,A2,18,Health & Emergencies,Saúde e Emergências,Salud y Emergencias,Santé et Urgences,Salute ed Emergenze,Gesundheit & Notfälle,健康与紧急情况,I need to renew my prescription.,Preciso renovar minha receita médica.,Necesito renovar mi receta.,Je dois renouveler mon ordonnance.,Devo rinnovare la ricetta.,Ich brauche ein Folgerezept.,Wǒ xūyào zhǎo yīshēng chóngxīn kāi chǔfāng.,我需要找医生重新开处方。,
537,A2,18,Health & Emergencies,Saúde e Emergências,Salud y Emergencias,Santé et Urgences,Salute ed Emergenze,Gesundheit & Notfälle,健康与紧急情况,The ambulance arrived five minutes ago.,A ambulância chegou há cinco minutos.,La ambulancia llegó hace cinco minutos.,L'ambulance est arrivée il y a cinq minutes.,L'ambulanza è arrivata cinque minuti fa.,Der Krankenwagen ist vor fünf Minuten angekommen.,Jiùhùchē wǔ fēnzhōng qián dào le.,救护车五分钟前到了。,
538,A2,18,Health & Emergencies,Saúde e Emergências,Salud y Emergencias,Santé et Urgences,Salute ed Emergenze,Gesundheit & Notfälle,健康与紧急情况,I am feeling a bit stressed lately.,Tenho me sentido um pouco estressado ultimamente.,Me he sentido un poco estresado últimamente.,Je me sens un peu stressé ces derniers temps.,Mi sono sentito un po' stressato ultimamente.,Ich fühle mich in letzter Zeit etwas gestresst.,Wǒ zuìjìn juéde yālì yǒudiǎn dà.,我最近觉得压力有点大。,
539,A2,18,Health & Emergencies,Saúde e Emergências,Salud y Emergencias,Santé et Urgences,Salute ed Emergenze,Gesundheit & Notfälle,健康与紧急情况,Make sure to keep the wound clean.,Certifique-se de manter a ferida limpa.,Asegúrate de mantener la herida limpia.,Assurez-vous de garder la plaie propre.,Assicurati di mantenere la ferita pulita.,"Achte darauf, die Wunde sauber zu halten.",Zhùyì bǎochí shāngkǒu gānjìng.,注意保持伤口干净。,
540,A2,18,Health & Emergencies,Saúde e Emergências,Salud y Emergencias,Santé et Urgences,Salute ed Emergenze,Gesundheit & Notfälle,健康与紧急情况,Call 112 if there is an emergency.,Ligue para o 112 se houver uma emergência.,Llama al 112 si hay una emergencia.,Appelle le 112 en cas d'urgence.,Chiama il 112 in caso di emergenza.,Ruf im Notfall die 112 an.,Rúguǒ yǒu jǐnjí qíngkuàng qǐng dǎ yāoyāor.,如果有紧急情况请打112。,
541,A2,19,Opinions & Feelings,Opiniões e Sentimentos,Opiniones y Sentimentos,Opinions et Sentiments,Opinioni e Sentimenti,Meinungen & Gefühle,意见与感受,"In my opinion, this is the best option.","Na minha opinião, esta é a melhor opção.","En mi opinión, esta es la mejor opción.","À mon avis, c'est la meilleure option.","Secondo me, questa è l'opzione migliore.",Meiner Meinung nach ist das die beste Option.,"Zài wǒ kànlái, zhè shì zuì hǎo de xuǎnzé.",在我看来，这是最好的选择。,
542,A2,19,Opinions & Feelings,Opiniões e Sentimentos,Opiniones y Sentimentos,Opinions et Sentiments,Opinioni e Sentimenti,Meinungen & Gefühle,意见与感受,I think that he is a very kind person.,Acho que ele é uma pessoa muito gentil.,Creo que él es una persona muy amable.,Je pense que c'est une personne très gentille.,Penso che lui sia una persona molto gentile.,"Ich finde, dass er ein sehr netter Mensch ist.",Wǒ juéde tā shì yīgè hěn shànliáng de rén.,我觉得他是一个很善良的人。,
543,A2,19,Opinions & Feelings,Opiniões e Sentimentos,Opiniones y Sentimentos,Opinions et Sentiments,Opinioni e Sentimenti,Meinungen & Gefühle,意见与感受,I don't agree with what you said.,Não concordo com o que você disse.,No estoy de acuerdo con lo que dijiste.,Je ne suis pas d'accord avec ce que tu as dit.,Non sono d'accordo con quello che hai detto.,"Ich stimme dem, was du gesagt hast, nicht zu.",Wǒ bù tóngyì nǐ shuō de.,我不同意你说的。,
544,A2,19,Opinions & Feelings,Opiniões e Sentimentos,Opiniones y Sentimentos,Opinions et Sentiments,Opinioni e Sentimenti,Meinungen & Gefühle,意见与感受,How do you feel about the new rules?,Como você se sente sobre as novas regras?,¿Qué opinas de las nuevas reglas?,Que penses-tu des nouvelles règles ?,Cosa ne pensi delle nuove regole?,Was hältst du von den neuen Regeln?,Nǐ duì xīn guīzé zěnme kàn?,你对新规则怎么看？,
545,A2,19,Opinions & Feelings,Opiniões e Sentimentos,Opiniones y Sentimentos,Opinions et Sentiments,Opinioni e Sentimenti,Meinungen & Gefühle,意见与感受,I am very bored with this movie.,Estou muito entediado com este filme.,Estoy muy aburrido con esta película.,Je m'ennuie beaucoup avec ce film.,Mi annoio molto con questo film.,Dieser Film langweilt mich sehr.,Wǒ juéde zhè bù diànyǐng hěn wúliáo.,我觉得这部电影很无聊。,
546,A2,19,Opinions & Feelings,Opiniões e Sentimentos,Opiniones y Sentimentos,Opinions et Sentiments,Opinioni e Sentimenti,Meinungen & Gefühle,意见与感受,She was very surprised by the news.,Ela ficou muito surpresa com a notícia.,Ella quedó muy sorprendida por la noticia.,Elle a été très surprise par la nouvelle.,Lei è rimasta molto sorpresa dalla notizia.,Sie war sehr überrascht von der Nachricht.,Tā duì zhège xiāoxi gǎndào hěn jīngyà.,她对这个消息感到很惊讶。,
547,A2,19,Opinions & Feelings,Opiniões e Sentimentos,Opiniones y Sentimentos,Opinions et Sentiments,Opinioni e Sentimenti,Meinungen & Gefühle,意见与感受,I am worried about my final exams.,Estou preocupado com meus exames finais.,Estoy preocupado por mis exámenes finales.,Je m'inquiète pour mes examens finaux.,Sono preoccupato per i miei esami finali.,Ich mache mir Sorgen wegen meiner Abschlussprüfungen.,Wǒ hěn dānxīn wǒ de qīmò kǎoshì.,我很担心我的期末考试。,
548,A2,19,Opinions & Feelings,Opiniões e Sentimentos,Opiniones y Sentimentos,Opinions et Sentiments,Opinioni e Sentimenti,Meinungen & Gefühle,意见与感受,Do you think it's going to rain?,Você acha que vai chover?,¿Crees que va a llover?,Penses-tu qu'il va pleuvoir ?,Pensi che pioverà?,"Glaubst du, dass es regnen wird?",Nǐ juéde huì xià yǔ ma?,你觉得会下雨吗？,
549,A2,19,Opinions & Feelings,Opiniões e Sentimentos,Opiniones y Sentimentos,Opinions et Sentiments,Opinioni e Sentimenti,Meinungen & Gefühle,意见与感受,I am interested in learning more about it.,Estou interessado em aprender mais sobre isso.,Estoy interesado en aprender más sobre ello.,Je suis intéressé d'en savoir plus à ce sujet.,Mi interessa saperne di più.,"Ich bin daran interessiert, mehr darüber zu erfahren.",Wǒ duì liǎojiě gèng duō hěn gǎn xìngqù.,我对了解更多很感兴趣。,
550,A2,19,Opinions & Feelings,Opiniões e Sentimentos,Opiniones y Sentimentos,Opinions et Sentiments,Opinioni e Sentimenti,Meinungen & Gefühle,意见与感受,He is not very happy with his new car.,Ele não está muito feliz com o carro novo dele.,Él no está muy feliz con su coche nuevo.,Il n'est pas très content de sa nouvelle voiture.,Lui non è molto felice della sua nuova macchina.,Er ist mit seinem neuen Auto nicht sehr zufrieden.,Tā duì tā de xīn chē bù tài mǎnyì.,他对他的新车不太满意。,
551,A2,19,Opinions & Feelings,Opiniões e Sentimentos,Opiniones y Sentimentos,Opinions et Sentiments,Opinioni e Sentimenti,Meinungen & Gefühle,意见与感受,I prefer the red one to the blue one.,Prefiro o vermelho ao azul.,Prefiero el rojo al azul.,Je préfère le rouge au bleu.,Preferisco quello rosso a quello blu.,Ich mag das Rote lieber als das Blaue.,"Bǐqǐ lánsè de, wǒ gèng xǐhuan hóngsè de.",比起蓝色的，我更喜欢红色的。,
552,A2,19,Opinions & Feelings,Opiniões e Sentimentos,Opiniones y Sentimentos,Opinions et Sentiments,Opinioni e Sentimenti,Meinungen & Gefühle,意见与感受,It was a very exciting match.,Foi um jogo muito emocionante.,Fue un partido muy emocionante.,C'était un match très excitant.,È stata una partita molto emozionante.,Es war ein sehr spannendes Spiel.,Zhè shì yī chǎng fēicháng jīngcǎi de bǐsài.,这是一场非常精彩的比赛。,
553,A2,19,Opinions & Feelings,Opiniões e Sentimentos,Opiniones y Sentimentos,Opinions et Sentiments,Opinioni e Sentimenti,Meinungen & Gefühle,意见与感受,I am afraid of heights.,Eu tenho medo de altura.,Tengo miedo a las alturas.,J'ai le vertige.,Ho paura dell'altezza.,Ich habe Höhenangst.,Wǒ kǒugāo.,我恐高。,
554,A2,19,Opinions & Feelings,Opiniões e Sentimentos,Opiniones y Sentimentos,Opinions et Sentiments,Opinioni e Sentimenti,Meinungen & Gefühle,意见与感受,What is your opinion on this book?,Qual é a sua opinião sobre este livro?,¿Cuál es tu opinión sobre este libro?,Quel est ton avis sur ce livre ?,Qual è la tua opinione su questo libro?,Was ist deine Meinung zu diesem Buch?,Nǐ duì zhè běn shū yǒu shénme kànfǎ?,你对这本书有什么看法？,
555,A2,19,Opinions & Feelings,Opiniões e Sentimentos,Opiniones y Sentimentos,Opinions et Sentiments,Opinioni e Sentimenti,Meinungen & Gefühle,意见与感受,I think it is a waste of time.,Acho que é perda de tempo.,Creo que es una pérdida de tiempo.,Je pense que c'est une perte de temps.,Penso che sia una perdita di tempo.,"Ich denke, das ist Zeitverschwendung.",Wǒ juéde zhè shì làngfèi shíjiān.,我觉得这是浪费时间。,
556,A2,19,Opinions & Feelings,Opiniões e Sentimentos,Opiniones y Sentimentos,Opinions et Sentiments,Opinioni e Sentimenti,Meinungen & Gefühle,意见与感受,She is very proud of her children.,Ela tem muito orgulho dos filhos.,Ella está muy orgullosa de sus hijos.,Elle est très fière de ses enfants.,Lei è molto orgogliosa dei suoi figli.,Sie ist sehr stolz auf ihre Kinder.,Tā wèi zìjǐ de háizi gǎndào jiāo'ào.,她为自己的孩子感到骄傲。,
557,A2,19,Opinions & Feelings,Opiniões e Sentimentos,Opiniones y Sentimentos,Opinions et Sentiments,Opinioni e Sentimenti,Meinungen & Gefühle,意见与感受,I am looking forward to our holiday.,Estou ansioso pelas nossas férias.,Estoy deseando que lleguen nuestras vacaciones.,J'ai hâte d'être en vacances.,Non vedo l'ora che arrivino le nostre vacanze.,Ich freue mich auf unseren Urlaub.,Wǒ hěn qīdài wǒmen de jiàqī.,我很期待我们的假期。,
558,A2,19,Opinions & Feelings,Opiniões e Sentimentos,Opiniones y Sentimentos,Opinions et Sentiments,Opinioni e Sentimenti,Meinungen & Gefühle,意见与感受,Do you find this topic interesting?,Você acha este tópico interessante?,¿Te parece interesante este tema?,Trouves-tu ce sujet intéressant ?,Trovi interessante questo argomento?,Findest du dieses Thema interessant?,Nǐ juéde zhège huàtí yǒu yisi ma?,你觉得这个话题有意思吗？,
559,A2,19,Opinions & Feelings,Opiniões e Sentimentos,Opiniones y Sentimentos,Opinions et Sentiments,Opinioni e Sentimenti,Meinungen & Gefühle,意见与感受,"I am sorry, but I don't like this music.","Sinto muito, mas não gosto dessa música.","Lo siento, pero no me gusta esta música.","Je suis désolé, mais je n'aime pas cette musique.","Mi dispiace, ma non mi piace questa musica.","Es tut mir leid, aber ich mag diese Musik nicht.","Duìbuqǐ, wǒ bù xǐhuan zhèzhǒng yīnyuè.",对不起，我不喜欢这种音乐。,
560,A2,19,Opinions & Feelings,Opiniões e Sentimentos,Opiniones y Sentimentos,Opinions et Sentiments,Opinioni e Sentimenti,Meinungen & Gefühle,意见与感受,It makes me feel very happy.,Isso me faz sentir muito feliz.,Me hace sentir muy feliz.,Ça me rend très heureux.,Mi fa sentire molto felice.,Das macht mich sehr glücklich.,Zhè ràng wǒ juéde hěn kāixīn.,这让我觉得很开心。,
561,A2,19,Opinions & Feelings,Opiniões e Sentimentos,Opiniones y Sentimentos,Opinions et Sentiments,Opinioni e Sentimenti,Meinungen & Gefühle,意见与感受,I am confused by these instructions.,Estou confuso com estas instruções.,Estoy confundido con estas instrucciones.,Je suis perdu avec ces instructions.,Sono confuso da queste istruzioni.,Diese Anweisungen verwirren mich.,Zhèxiē shuōmíng ràng wǒ hěn kùnhuò.,这些说明让我很困惑。,
562,A2,19,Opinions & Feelings,Opiniões e Sentimentos,Opiniones y Sentimentos,Opinions et Sentiments,Opinioni e Sentimenti,Meinungen & Gefühle,意见与感受,He seems like a very honest man.,Ele parece um homem muito honesto.,Él parece un hombre muy honesto.,Il a l'air d'un homme très honnête.,Sembra un uomo molto onesto.,Er wirkt wie ein sehr ehrlicher Mann.,Tā kànqǐlai shì yī gè hěn chéngshí de rén.,他看起来是一个很诚实的人。,
563,A2,19,Opinions & Feelings,Opiniões e Sentimentos,Opiniones y Sentimentos,Opinions et Sentiments,Opinioni e Sentimenti,Meinungen & Gefühle,意见与感受,I am not sure if that's a good idea.,Não tenho certeza se isso é uma boa ideia.,No estoy seguro de que sea una buena idea.,Je ne suis pas sûr que ce soit une bonne idée.,Non sono sicuro che sia una buona idea.,"Ich bin mir nicht sicher, ob das eine gute Idee ist.",Wǒ bù quèdìng zhè shì bù shì gè hǎo zhǔyi.,我不确定这是不是个好主意。,
564,A2,19,Opinions & Feelings,Opiniões e Sentimentos,Opiniones y Sentimentos,Opinions et Sentiments,Opinioni e Sentimenti,Meinungen & Gefühle,意见与感受,That sounds like a wonderful plan!,Isso parece um plano maravilhoso!,¡Eso suena como un plan maravilloso!,Ça a l'air d'un projet merveilleux !,Sembra un piano meraviglioso!,Das klingt nach einem wunderbaren Plan!,Zhè tīngqǐlai shì gè hěn bàng de jìhuà!,这听起来是个很棒的计划！,
565,A2,19,Opinions & Feelings,Opiniões e Sentimentos,Opiniones y Sentimentos,Opinions et Sentiments,Opinioni e Sentimenti,Meinungen & Gefühle,意见与感受,I was disappointed with the results.,Fiquei decepcionado com os resultados.,Me decepcionaron los resultados.,J'ai été déçu par les résultats.,Sono rimasto deluso dai risultati.,Ich war von den Ergebnissen enttäuscht.,Wǒ duì jiéguǒ gǎndào hěn shìwàng.,我对结果感到很失望。,
566,A2,19,Opinions & Feelings,Opiniões e Sentimentos,Opiniones y Sentimentos,Opinions et Sentiments,Opinioni e Sentimenti,Meinungen & Gefühle,意见与感受,What do you think of the new teacher?,O que você acha do novo professor?,¿Qué piensas del nuevo profesor?,Que penses-tu du nouveau professeur ?,Cosa ne pensi del nuovo insegnante?,Was hältst du von dem neuen Lehrer?,Nǐ juéde xīn lǎoshī zěnmeyàng?,你觉得新老师怎么样？,
567,A2,19,Opinions & Feelings,Opiniões e Sentimentos,Opiniones y Sentimentos,Opinions et Sentiments,Opinioni e Sentimenti,Meinungen & Gefühle,意见与感受,I am quite nervous about the presentation.,Estou bastante nervoso com a apresentação.,Estoy bastante nervioso por la presentación.,Je suis assez nerveux pour la présentation.,Sono piuttosto nervoso per la presentazione.,Ich bin ziemlich nervös wegen der Präsentation.,"Yào shàngtái yánjiǎng, wǒ tǐng jǐnzhāng de.",要上台演讲，我挺紧张的。,
568,A2,19,Opinions & Feelings,Opiniões e Sentimentos,Opiniones y Sentimentos,Opinions et Sentiments,Opinioni e Sentimenti,Meinungen & Gefühle,意见与感受,It is important to be polite to others.,É importante ser educado com os outros.,Es importante ser educado con los demás.,Il est important d'être poli avec les autres.,È importante essere educati con gli altri.,"Es ist wichtig, höflich zu anderen zu sein.",Duì rén yǒu lǐmào hěn zhòngyào.,对人有礼貌很重要。,
569,A2,19,Opinions & Feelings,Opiniões e Sentimentos,Opiniones y Sentimentos,Opinions et Sentiments,Opinioni e Sentimenti,Meinungen & Gefühle,意见与感受,I really enjoy spending time with you.,Eu realmente gosto de passar tempo com você.,Realmente disfruto pasar tiempo contigo.,J'aime vraiment passer du temps avec toi.,Mi piace molto passare del tempo con te.,"Ich genieße es wirklich, Zeit mit dir zu verbringen.",Wǒ hěn xǐhuan hé nǐ dāi zài yīqǐ.,我很喜欢和你待在一起。,
570,A2,19,Opinions & Feelings,Opiniões e Sentimentos,Opiniones y Sentimentos,Opinions et Sentiments,Opinioni e Sentimenti,Meinungen & Gefühle,意见与感受,I believe that anything is possible.,Acredito que qualquer coisa é possível.,Creo que cualquier cosa es posible.,Je crois que tout est possible.,Credo che tutto sia possibile.,"Ich glaube, dass alles möglich ist.",Wǒ xiāngxìn yīqiè jiē yǒu kěnéng.,我相信一切皆有可能。,
571,A2,20,Abstract  Concepts,Conceitos Abstratos,Conceptos Abstractos,Concepts Abstraits,Concetti Astratti,Abstrakte Konzepte,抽象概念,I think that technology is changing our lives.,Acho que a tecnologia está mudando nossas vidas.,Creo que la tecnología está cambiando nuestras vidas.,Je pense que la technologie change nos vies.,Penso che la tecnologia stia cambiando le nostre vite.,"Ich denke, dass die Technologie unser Leben verändert.",Wǒ juéde kējì zhèngzài gǎibiàn wǒmen de shēnghuó.,我觉得科技正在改变我们的生活。,
572,A2,20,Abstract  Concepts,Conceitos Abstratos,Conceptos Abstractos,Concepts Abstraits,Concetti Astratti,Abstrakte Konzepte,抽象概念,Is it possible to live without a phone?,É possível viver sem telefone?,¿Es posible vivir sin teléfono?,Est-ce possible de vivre sans téléphone ?,È possibile vivere senza telefono?,"Ist es möglich, ohne Handy zu leben?",Líkāi shǒujī hái néng zhèngcháng shēnghuó ma?,离开手机还能正常生活吗？,
573,A2,20,Abstract  Concepts,Conceitos Abstratos,Conceptos Abstractos,Concepts Abstraits,Concetti Astratti,Abstrakte Konzepte,抽象概念,The environment is very important for our future.,O meio ambiente é muito importante para o nosso futuro.,El medio ambiente es muy importante para nuestro futuro.,L'environnement est très important pour notre avenir.,L'ambiente è molto importante per il nostro futuro.,Die Umwelt ist sehr wichtig für unsere Zukunft.,Huánjìng duì wǒmen de wèilái fēicháng zhòngyào.,环境对我们的未来非常重要。,
574,A2,20,Abstract  Concepts,Conceitos Abstratos,Conceptos Abstractos,Concepts Abstraits,Concetti Astratti,Abstrakte Konzepte,抽象概念,We should try to protect nature.,Devemos tentar proteger a natureza.,Deberíamos intentar proteger la naturaleza.,Nous devrions essayer de protéger la nature.,Dovremmo cercare di proteggere la natura.,"Wir sollten versuchen, die Natur zu schützen.",Wǒmen yīnggāi jìnliàng bǎohù dàzìrán.,我们应该尽量保护大自然。,
575,A2,20,Abstract  Concepts,Conceitos Abstratos,Conceptos Abstractos,Concepts Abstraits,Concetti Astratti,Abstrakte Konzepte,抽象概念,What is the meaning of this word?,Qual é o significado desta palavra?,¿Cuál es el significado de esta palabra?,Quel est le sens de ce mot ?,Qual è il significato di questa parola?,Was ist die Bedeutung dieses Wortes?,Zhège cí shì shénme yisi.,这个词是什么意思？,
576,A2,20,Abstract  Concepts,Conceitos Abstratos,Conceptos Abstractos,Concepts Abstraits,Concetti Astratti,Abstrakte Konzepte,抽象概念,I don't think money can buy happiness.,Não acho que o dinheiro possa comprar felicidade.,No creo que el dinero pueda comprar la felicidad.,Je ne pense pas que l'argent puisse acheter le bonheur.,Non credo che i soldi possano comprare la felicità.,"Ich glaube nicht, dass man mit Geld Glück kaufen kann.",Wǒ bù juéde qián néng mǎidào xìngfú.,我不觉得钱能买到幸福。,
577,A2,20,Abstract  Concepts,Conceitos Abstratos,Conceptos Abstractos,Concepts Abstraits,Concetti Astratti,Abstrakte Konzepte,抽象概念,Education is the key to success.,A educação é a chave do sucesso.,La educación es la clave del éxito.,L'éducation est la clé du succès.,L'istruzione è la chiave del successo.,Bildung ist der Schlüssel zum Erfolg.,Jiàoyù shì chénggōng de guānjiàn.,教育是成功的关键。,
578,A2,20,Abstract  Concepts,Conceitos Abstratos,Conceptos Abstractos,Concepts Abstraits,Concetti Astratti,Abstrakte Konzepte,抽象概念,The weather is getting warmer every year.,O tempo está ficando mais quente a cada ano.,El clima se está volviendo más cálido cada año.,Le temps devient de plus en plus chaud chaque année.,Il clima sta diventando più caldo ogni anno.,Das Wetter wird jedes Jahr wärmer.,Tiānqì yīnián bǐ yīnián rè.,天气一年比一年热。,
579,A2,20,Abstract  Concepts,Conceitos Abstratos,Conceptos Abstractos,Concepts Abstraits,Concetti Astratti,Abstrakte Konzepte,抽象概念,Is it difficult to learn a new language?,É difícil aprender um novo idioma?,¿Es difícil aprender un nuevo idioma?,Est-ce difficile d'apprendre une nouvelle langue ?,È difficile imparare una nuova lingua?,"Ist es schwierig, eine neue Sprache zu lernen?",Xué yī mén xīn yǔyán nán ma?,学一门新语言难吗？,
580,A2,20,Abstract  Concepts,Conceitos Abstratos,Conceptos Abstractos,Concepts Abstraits,Concetti Astratti,Abstrakte Konzepte,抽象概念,Time passes very quickly when you are busy.,O tempo passa muito rápido quando se está ocupado.,El tiempo pasa muy rápido cuando estás ocupado.,Le temps passe très vite quand on est occupé.,Il tempo passa molto velocemente quando si è impegnati.,"Die Zeit vergeht sehr schnell, wenn man beschäftigt ist.",Mángqǐlai shíjiān guò de hěn kuài.,忙起来时间过得很快。,
581,A2,20,Abstract  Concepts,Conceitos Abstratos,Conceptos Abstractos,Concepts Abstraits,Concetti Astratti,Abstrakte Konzepte,抽象概念,I have a different point of view.,Tenho um ponto de vista diferente.,Tengo un punto de vista diferente.,J'ai un point de vue différent.,Ho un punto di vista diverso.,Ich habe einen anderen Standpunkt.,Wǒ yǒu bùtóng de kànfǎ.,我有不同的看法。,
582,A2,20,Abstract  Concepts,Conceitos Abstratos,Conceptos Abstractos,Concepts Abstraits,Concetti Astratti,Abstrakte Konzepte,抽象概念,It is important to follow the rules.,É importante seguir as regras.,Es importante seguir las reglas.,Il est important de suivre les règles.,È importante seguire le regole.,"Es ist wichtig, die Regeln zu befolgen.",Zūnshǒu guīzé hěn zhòngyào.,遵守规则很重要。,
583,A2,20,Abstract  Concepts,Conceitos Abstratos,Conceptos Abstractos,Concepts Abstraits,Concetti Astratti,Abstrakte Konzepte,抽象概念,We need to find a solution to this problem.,Precisamos encontrar uma solução para este problema.,Necesitamos encontrar una solución a este problema.,Nous devons trouver une solution à ce problème.,Dobbiamo trovare una soluzione a questo problema.,Wir müssen eine Lösung für dieses Problem finden.,Wǒmen xūyào zhǎodào jiějué zhège wèntí de bànfǎ.,我们需要找到解决这个问题的方法。,
584,A2,20,Abstract  Concepts,Conceitos Abstratos,Conceptos Abstractos,Concepts Abstraits,Concetti Astratti,Abstrakte Konzepte,抽象概念,What is the difference between these two?,Qual é a diferença entre estes dois?,¿Cuál es la diferencia entre estos dos?,Quelle est la différence entre ces deux-là ?,Qual è la differenza tra questi due?,Was ist der Unterschied zwischen diesen beiden?,Zhè liǎng ge yǒu shénme qūbié?,这两个有什么区别？,
585,A2,20,Abstract  Concepts,Conceitos Abstratos,Conceptos Abstractos,Concepts Abstraits,Concetti Astratti,Abstrakte Konzepte,抽象概念,I believe that everyone should be equal.,Acredito que todos deveriam ser iguais.,Creo que todos deberían ser iguales.,Je crois que tout le monde devrait être égal.,Credo che tutti dovrebbero essere uguali.,"Ich glaube, dass alle gleich sein sollten.",Wǒ xiāngxìn rénrén dōu yīnggāi píngděng.,我相信人人都应该平等。,
586,A2,20,Abstract  Concepts,Conceitos Abstratos,Conceptos Abstractos,Concepts Abstraits,Concetti Astratti,Abstrakte Konzepte,抽象概念,The future is uncertain but exciting.,"O futuro é incerto, mas empolgante.",El futuro es incierto pero emocionante.,L'avenir est incertain mais passionnant.,Il futuro è incerto ma entusiasmante.,"Die Zukunft ist ungewiss, aber spannend.","Wèilái suīrán chōngmǎn wèizhī, dàn lìngrén qīdài.",未来虽然充满未知，但令人期待。,
587,A2,20,Abstract  Concepts,Conceitos Abstratos,Conceptos Abstractos,Concepts Abstraits,Concetti Astratti,Abstrakte Konzepte,抽象概念,Is there a reason for your decision?,Existe um motivo para sua decisão?,¿Hay una razón para tu decisión?,Y a-t-il une raison à votre décision ?,C'è una ragione per la tua decisione?,Gibt es einen Grund für deine Entscheidung?,Nǐ zhème juédìng yǒu shénme yuányīn ma?,你这么决定有什么原因吗？,
588,A2,20,Abstract  Concepts,Conceitos Abstratos,Conceptos Abstractos,Concepts Abstraits,Concetti Astratti,Abstrakte Konzepte,抽象概念,I am thinking about the meaning of life.,Estou pensando sobre o sentido da vida.,Estoy pensando en el significado de la vida.,Je réfléchis au sens de la vie.,Sto pensando al senso della vita.,Ich denke über den Sinn des Lebens nach.,Wǒ zài sīkǎo rénshēng de yìyì.,我在思考人生的意义。,
589,A2,20,Abstract  Concepts,Conceitos Abstratos,Conceptos Abstractos,Concepts Abstraits,Concetti Astratti,Abstrakte Konzepte,抽象概念,Knowledge is more powerful than strength.,O conhecimento é mais poderoso do que a força.,El conocimiento es más poderoso que la fuerza.,La connaissance est plus puissante que la force.,La conoscenza è più potente della forza.,Wissen ist mächtiger als Stärke.,Zhīshi bǐ lìliàng gèng qiángdà.,知识比力量更强大。,
590,A2,20,Abstract  Concepts,Conceitos Abstratos,Conceptos Abstractos,Concepts Abstraits,Concetti Astratti,Abstrakte Konzepte,抽象概念,It is good to have many dreams.,É bom ter muitos sonhos.,Es bueno tener muchos sueños.,C'est bien d'avoir beaucoup de rêves.,È bello avere molti sogni.,"Es ist gut, viele Träume zu haben.",Yǒu hěnduō mèngxiǎng shì jiàn hǎoshì.,有很多梦想是件好事。,
591,A2,20,Abstract  Concepts,Conceitos Abstratos,Conceptos Abstractos,Concepts Abstraits,Concetti Astratti,Abstrakte Konzepte,抽象概念,How can we improve our society?,Como podemos melhorar nossa sociedade?,¿Cómo podemos mejorar nuestra sociedad?,Comment pouvons-nous améliorer notre société ?,Come possiamo migliorare la nostra società?,Wie können wir unsere Gesellschaft verbessern?,Wǒmen zěnyàng cái néng gǎishàn shèhuì?,我们怎样才能改善社会？,
592,A2,20,Abstract  Concepts,Conceitos Abstratos,Conceptos Abstractos,Concepts Abstraits,Concetti Astratti,Abstrakte Konzepte,抽象概念,Respect is very important in a friendship.,O respeito é muito importante em uma amizade.,El respeto es muy importante en una amistad.,Le respect est très important dans une amitié.,Il rispetto è molto importante in un'amicizia.,Respekt ist in einer Freundschaft sehr wichtig.,"Zài péngyou zhījiān, hùxiāng zūnzhòng hěn zhòngyào.",在朋友之间，互相尊重很重要。,
593,A2,20,Abstract  Concepts,Conceitos Abstratos,Conceptos Abstractos,Concepts Abstraits,Concetti Astratti,Abstrakte Konzepte,抽象概念,I don't understand the purpose of this.,Não entendo o propósito disso.,No entiendo el propósito de esto.,Je ne comprends pas le but de cela.,Non capisco lo scopo di questo.,Ich verstehe den Zweck davon nicht.,Wǒ bù míngbai zhèyàng zuò de mùdì shì shénme.,我不明白这样做的目的是什么。,
594,A2,20,Abstract  Concepts,Conceitos Abstratos,Conceptos Abstractos,Concepts Abstraits,Concetti Astratti,Abstrakte Konzepte,抽象概念,Is it wrong to tell a small lie?,É errado contar uma pequena mentira?,¿Está mal decir una pequeña mentira?,Est-ce mal de raconter un petit mensonge ?,È sbagliato dire una piccola bugia?,"Ist es falsch, eine Notlüge zu erzählen?",Shuō gè xiǎo huǎng yǒu cuò ma?,说个小谎有错吗？,
595,A2,20,Abstract  Concepts,Conceitos Abstratos,Conceptos Abstractos,Concepts Abstraits,Concetti Astratti,Abstrakte Konzepte,抽象概念,The world is a very interesting place.,O mundo é um lugar muito interessante.,El mundo es un lugar muy interesante.,Le monde est un endroit très intéressant.,Il mondo è un posto molto interessante.,Die Welt ist ein sehr interessanter Ort.,Shìjiè shì yī gè hěn yǒu yisi de dìfang.,世界是一个很有意思的地方。,
596,A2,20,Abstract  Concepts,Conceitos Abstratos,Conceptos Abstractos,Concepts Abstraits,Concetti Astratti,Abstrakte Konzepte,抽象概念,We can learn from our mistakes.,Podemos aprender com nossos erros.,Podemos aprender de nuestros errores.,Nous pouvons apprendre de nos erreurs.,Possiamo imparare dai nostri errori.,Wir können aus unseren Fehlern lernen.,Wǒmen kěyǐ cóng cuòwù zhōng xīqǔ jiàoxùn.,我们可以从错误中吸取教训。,
597,A2,20,Abstract  Concepts,Conceitos Abstratos,Conceptos Abstractos,Concepts Abstraits,Concetti Astratti,Abstrakte Konzepte,抽象概念,Honesty is the best policy.,A honestidade é a melhor política.,La honestidad es la mejor política.,L'honnêteté est la meilleure politique.,L'onestà è la migliore politica.,Ehrlich währt am längsten.,Zuòrén chéngshí zuì zhòngyào.,做人诚实最重要。,
598,A2,20,Abstract  Concepts,Conceitos Abstratos,Conceptos Abstractos,Concepts Abstraits,Concetti Astratti,Abstrakte Konzepte,抽象概念,What makes a person truly happy?,O que torna uma pessoa verdadeiramente feliz?,¿Qué hace a una persona realmente feliz?,Qu'est-ce qui rend une personne vraiment heureuse ?,Cosa rende una persona veramente felice?,Was macht einen Menschen wirklich glücklich?,Shénme cái néng ràng rén zhēnzhèng kuàilè.,什么才能让人真正快乐？,
599,A2,20,Abstract  Concepts,Conceitos Abstratos,Conceptos Abstractos,Concepts Abstraits,Concetti Astratti,Abstrakte Konzepte,抽象概念,It is necessary to work hard.,É necessário trabalhar duro.,Es necesario trabajar duro.,Il faut travailler dur.,È necessario lavorare sodo.,"Es ist notwendig, hart zu arbeiten.",Nǔlì gōngzuò shì bìyào de.,努力工作是必要的。,
600,A2,20,Abstract  Concepts,Conceitos Abstratos,Conceptos Abstractos,Concepts Abstraits,Concetti Astratti,Abstrakte Konzepte,抽象概念,Life is full of surprises.,A vida é cheia de surpresas.,La vida está llena de sorpresas.,La vie est pleine de surprises.,La vita è piena di sorprese.,Das Leben ist voller Überraschungen.,Shēnghuó chōngmǎn le jīngxǐ.,生活充满了惊喜。,
601,B1,21,Greetings & Social Basics,Saudações e Socialização,Saludos y Socialización,Salutations et Base Sociale,Saluti e Socializzazione,Begrüßung & Soziales,问候与社交基础,It is a pleasure to see you again after such a long time.,É um prazer ver você de novo depois de tanto tempo.,Es un placer verte de nuevo después de tanto tiempo.,C'est un plaisir de vous revoir après tout ce temps.,È un piacere rivederti dopo così tanto tempo.,"Es ist schön, dich nach so langer Zeit wiederzusehen.","Zhème jiǔ méi jiàn, hěn gāoxìng yòu jiàndào nǐ.",这么久没见，很高兴又见到你。,
602,B1,21,Greetings & Social Basics,Saudações e Socialização,Saludos y Socialización,Salutations et Base Sociale,Saluti e Socializzazione,Begrüßung & Soziales,问候与社交基础,How is your work going these days?,Como vai o seu trabalho ultimamente?,¿Cómo va tu trabajo últimamente?,Comment se passe votre travail ces jours-ci ?,Come va il tuo lavoro ultimamente?,Wie läuft deine Arbeit zurzeit?,Nǐ zuìjìn gōngzuò zěnmeyàng?,你最近工作怎么样？,
603,B1,21,Greetings & Social Basics,Saudações e Socialização,Saludos y Socialización,Salutations et Base Sociale,Saluti e Socializzazione,Begrüßung & Soziales,问候与社交基础,I was wondering if you would like to join us for dinner.,Eu estava me perguntando se você gostaria de jantar conosco.,Me preguntaba si te gustaría cenar con nosotros.,Je me demandais si vous aimeriez dîner avec nous.,Mi chiedevo se ti andrebbe di venire a cena con noi.,"Ich habe mich gefragt, ob du mit uns essen gehen möchtest.",Bù zhīdào nǐ yuàn bù yuànyì hé wǒmen yīqǐ chī wǎnfàn?,不知道你愿不愿意和我们一起吃晚饭？,
604,B1,21,Greetings & Social Basics,Saudações e Socialização,Saludos y Socialización,Salutations et Base Sociale,Saluti e Socializzazione,Begrüßung & Soziales,问候与社交基础,"I am sorry to interrupt, but could I ask a quick question?","Desculpe interromper, mas posso fazer uma pergunta rápida?","Siento interrumpir, ¿pero puedo hacer una pregunta rápida?","Désolé de vous interrompre, mais puis-je poser une question rapide ?","Scusa se interrompo, ma posso farti una domanda veloce?","Entschuldige die Störung, darf ich kurz etwas fragen?","Bù hǎoyìsi dǎduàn yīxià, wǒ kěyǐ wèn gè xiǎo wèntí ma?",不好意思打断一下，我可以问个小问题吗？,
605,B1,21,Greetings & Social Basics,Saudações e Socialização,Saludos y Socialización,Salutations et Base Sociale,Saluti e Socializzazione,Begrüßung & Soziales,问候与社交基础,It has been ages since we last spoke.,Faz séculos desde a última vez que nos falamos.,Han pasado siglos desde la última vez que hablamos.,Cela fait une éternité que nous ne nous sommes pas parlé.,È da una vita che non ci sentiamo.,"Es ist ewig her, dass wir das letzte Mal gesprochen haben.",Wǒmen hǎojiǔ méi liáotiān le.,我们好久没聊天了。,
606,B1,21,Greetings & Social Basics,Saudações e Socialização,Saludos y Socialización,Salutations et Base Sociale,Saluti e Socializzazione,Begrüßung & Soziales,问候与社交基础,I would like you to meet my colleague who works in London.,Eu gostaria que você conhecesse meu colega que trabalha em Londres.,Me gustaría que conocieras a mi colega que trabaja en Londres.,J'aimerais vous présenter mon collègue qui travaille à Londres.,Vorrei presentarti il mio collega che lavora a Londra.,"Ich möchte dir meinen Kollegen vorstellen, der in London arbeitet.",Wǒ xiǎng jièshào yīxià wǒ zài Lúndūn gōngzuò de tóngshì gěi nǐ rènshi.,我想介绍一下我在伦敦工作的同事给你认识。,
607,B1,21,Greetings & Social Basics,Saudações e Socialização,Saludos y Socialización,Salutations et Base Sociale,Saluti e Socializzazione,Begrüßung & Soziales,问候与社交基础,Thank you for your hospitality during my stay.,Obrigado pela sua hospitalidade durante a minha estadia.,Gracias por tu hospitalidad durante mi estancia.,Merci pour votre hospitalité pendant mon séjour.,Grazie per la tua ospitalità durante il mio soggiorno.,Vielen Dank für deine Gastfreundschaft während meines Aufenthalts.,Gǎnxiè wǒ zài zhèr qījiān nǐ de rèqíng kuǎndài.,感谢我在这儿期间你的热情款待。,
608,B1,21,Greetings & Social Basics,Saudações e Socialização,Saludos y Socialización,Salutations et Base Sociale,Saluti e Socializzazione,Begrüßung & Soziales,问候与社交基础,I hope you don’t mind me asking where you bought that.,Espero que você não se importe de eu perguntar onde você comprou isso.,Espero que no te importe que te pregunte dónde compraste eso.,J'espère que cela ne vous dérange pas si je vous demande où vous avez acheté ça.,Spero che non ti dispiaccia se ti chiedo dove l'hai comprato.,"Ich hoffe, es macht dir nichts aus, wenn ich frage, wo du das gekauft hast.",Bù jièyì wǒ wèn yīxià nǐ zhège shì zài nǎr mǎi de ba?,不介意我问一下你这个是在哪儿买的吧？,
609,B1,21,Greetings & Social Basics,Saudações e Socialização,Saludos y Socialización,Salutations et Base Sociale,Saluti e Socializzazione,Begrüßung & Soziales,问候与社交基础,I am really looking forward to our meeting next week.,Estou ansioso pela nossa reunião na próxima semana.,Tengo muchas ganas de que llegue nuestra reunión la próxima semana.,J'attends notre réunion de la semaine prochaine avec impatience.,Non vedo l'ora che arrivi il nostro incontro la prossima settimana.,Ich freue mich schon sehr auf unser Treffen nächste Woche.,Wǒ fēicháng qīdài xià zhōu hé nín jiànmiàn.,我非常期待下周和您见面。,
610,B1,21,Greetings & Social Basics,Saudações e Socialização,Saludos y Socialización,Salutations et Base Sociale,Saluti e Socializzazione,Begrüßung & Soziales,问候与社交基础,Could you please tell him that I called?,"Você poderia dizer a ele que eu liguei, por favor?","¿Podrías decirle que llamé, por favor?","Pourriez-vous lui dire que j'ai appelé, s'il vous plaît ?","Potresti dirgli che ho chiamato, per favore?","Könntest du ihm bitte sagen, dass ich angerufen habe?",Máfan nǐ gàosu tā wǒ dǎguo diànhuà le hǎo ma?,麻烦你告诉他我打过电话了好吗？,
611,B1,21,Greetings & Social Basics,Saudações e Socialização,Saludos y Socialización,Salutations et Base Sociale,Saluti e Socializzazione,Begrüßung & Soziales,问候与社交基础,I would be happy to help you with your project.,Eu ficaria feliz em ajudá-lo com seu projeto.,Estaría encantado de ayudarte con tu proyecto.,Je serais ravi de vous aider pour votre projet.,Sarei felice di aiutarti con il tuo progetto.,Ich würde dir gerne bei deinem Projekt helfen.,Wǒ hěn lèyì zài zhège xiàngmù shàng bāng nǐ.,我很乐意在这个项目上帮你。,
612,B1,21,Greetings & Social Basics,Saudações e Socialização,Saludos y Socialización,Salutations et Base Sociale,Saluti e Socializzazione,Begrüßung & Soziales,问候与社交基础,It was very thoughtful of you to remember my birthday.,Foi muita gentileza de sua parte se lembrar do meu aniversário.,Fue muy amable de tu parte acordarte de mi cumpleaños.,C'était très gentil de votre part de vous souvenir de mon anniversaire.,È stato molto gentile da parte tua ricordarti del mio compleanno.,"Es war sehr aufmerksam von dir, an meinen Geburtstag zu denken.",Nǐ néng jìzhù wǒ de shēngrì zhēnshì tài yǒuxīn le.,你能记住我的生日真是太有心了。,
613,B1,21,Greetings & Social Basics,Saudações e Socialização,Saludos y Socialización,Salutations et Base Sociale,Saluti e Socializzazione,Begrüßung & Soziales,问候与社交基础,What have you been up to since I last saw you?,O que você tem feito desde a última vez que te vi?,¿Qué has estado haciendo desde la última vez que te vi?,Qu'avez-vous fait depuis la dernière fois que je vous ai vu ?,Cosa hai fatto dall'ultima volta che ci siamo visti?,"Was hast du gemacht, seit ich dich das letzte Mal gesehen habe?",Shàng cì jiànmiàn zhīhòu nǐ dōu zài máng shénme?,上次见面之后你都在忙什么？,
614,B1,21,Greetings & Social Basics,Saudações e Socialização,Saludos y Socialización,Salutations et Base Sociale,Saluti e Socializzazione,Begrüßung & Soziales,问候与社交基础,I am afraid I didn't quite catch what you just said.,Receio não ter entendido bem o que você acabou de dizer.,Me temo que no he entendido bien lo que acabas de decir.,Je crains de ne pas avoir tout à fait saisi ce que vous venez de dire.,Temo di non aver capito bene cosa hai appena detto.,"Ich fürchte, ich habe nicht ganz verstanden, was du gerade gesagt hast.","Bàoqiàn, wǒ gāngcái méi tài tīngqīng nǐ shuō de huà.",抱歉，我刚才没太听清你说的话。,
615,B1,21,Greetings & Social Basics,Saudações e Socialização,Saludos y Socialización,Salutations et Base Sociale,Saluti e Socializzazione,Begrüßung & Soziales,问候与社交基础,Do you happen to know where the conference room is?,Por acaso você sabe onde fica a sala de conferências?,¿Por casualidad sabes dónde está la sala de conferencias?,Savez-vous par hasard où se trouve la salle de conférence ?,Per caso sai dove si trova la sala conferenze?,"Wissen Sie zufällig, wo der Konferenzraum ist?",Qǐngwèn nǐ zhīdào huìyìshì zài nǎlǐ ma?,请问你知道会议室在哪里吗？,
616,B1,21,Greetings & Social Basics,Saudações e Socialização,Saludos y Socialización,Salutations et Base Sociale,Saluti e Socializzazione,Begrüßung & Soziales,问候与社交基础,I’ll let you know as soon as I have an answer.,Eu te aviso assim que tiver uma resposta.,Te avisaré tan pronto como tenga una respuesta.,Je vous préviendrai dès que j'aurai une réponse.,Ti farò sapere non appena avrò una risposta.,"Ich gebe dir Bescheid, sobald ich eine Antwort habe.",Wǒ yī yǒu xiāoxi jiù tōngzhī nǐ.,我一有消息就通知你。,
617,B1,21,Greetings & Social Basics,Saudações e Socialização,Saludos y Socialización,Salutations et Base Sociale,Saluti e Socializzazione,Begrüßung & Soziales,问候与社交基础,Please give my best wishes to your family.,"Por favor, mande meus melhores votos para sua família.","Por favor, dale mis mejores deseos a tu familia.",Veuillez transmettre mes meilleurs vœux à votre famille.,"Per favore, porta i miei migliori auguri alla tua famiglia.",Grüß bitte deine Familie ganz herzlich von mir.,Qǐng dài wǒ xiàng nǐ de jiārén wènhǎo.,请代我向你的家人问好。,
618,B1,21,Greetings & Social Basics,Saudações e Socialização,Saludos y Socialización,Salutations et Base Sociale,Saluti e Socializzazione,Begrüßung & Soziales,问候与社交基础,"It’s been a while, hasn’t it?","Já faz um tempo, não é?","Ha pasado tiempo, ¿verdad?","Cela fait un petit moment, n'est-ce pas ?","È passato un po' di tempo, vero?","Es ist schon eine Weile her, nicht wahr?","Yǒu yīzhènzi méi jiàn le, shì ba?",有一阵子没见了，是吧？,
619,B1,21,Greetings & Social Basics,Saudações e Socialização,Saludos y Socialización,Salutations et Base Sociale,Saluti e Socializzazione,Begrüßung & Soziales,问候与社交基础,"I’m sorry, I’ve forgotten your name—could you remind me?","Sinto muito, esqueci seu nome — poderia me lembrar?","Lo siento, he olvidado tu nombre, ¿podrías recordármelo?","Je suis désolé, j'ai oublié votre nom — pourriez-vous me le rappeler ?","Scusa, ho dimenticato il tuo nome — potresti ricordarmelo?","Tut mir leid, ich habe deinen Namen vergessen – könntest du ihn mir noch einmal sagen?","Bù hǎoyìsi, wǒ yīshí wàng le nǐ de míngzi, néng zài tíxǐng wǒ yīxià ma?",不好意思，我一时忘了你的名字，能再提醒我一下吗？,
620,B1,21,Greetings & Social Basics,Saudações e Socialização,Saludos y Socialización,Salutations et Base Sociale,Saluti e Socializzazione,Begrüßung & Soziales,问候与社交基础,Would you like to leave a message for her?,Você gostaria de deixar um recado para ela?,¿Te gustaría dejarle un mensaje?,Aimeriez-vous lui laisser un message ?,Vorresti lasciarle un messaggio?,Möchten Sie ihr eine Nachricht hinterlassen?,Nǐ xiǎng gěi tā liú gè yán ma?,你想给她留个言吗？,
621,B1,21,Greetings & Social Basics,Saudações e Socialização,Saludos y Socialización,Salutations et Base Sociale,Saluti e Socializzazione,Begrüßung & Soziales,问候与社交基础,I appreciate you taking the time to meet with me.,Agradeço por dedicar seu tempo para se reunir comigo.,Te agradezco que te hayas tomado el tiempo para reunirte conmigo.,Je vous remercie d'avoir pris le temps de me rencontrer.,Ti ringrazio per aver trovato il tempo di incontrarmi.,"Ich weiß es zu schätzen, dass du dir die Zeit für ein Treffen nimmst.",Gǎnxiè nǐ chōu shíjiān hé wǒ huìmiàn.,感谢你抽时间和我会面。,
622,B1,21,Greetings & Social Basics,Saudações e Socialização,Saludos y Socialización,Salutations et Base Sociale,Saluti e Socializzazione,Begrüßung & Soziales,问候与社交基础,I’m sorry for keeping you waiting.,Desculpe por fazer você esperar.,Siento haberte hecho esperar.,Désolé de vous avoir fait attendre.,Scusa per averti fatto aspettare.,"Entschuldige, dass ich dich habe warten lassen.",Bù hǎoyìsi ràng nǐ jiǔděng le.,不好意思让你久等了。,
623,B1,21,Greetings & Social Basics,Saudações e Socialização,Saludos y Socialización,Salutations et Base Sociale,Saluti e Socializzazione,Begrüßung & Soziales,问候与社交基础,"It’s a small world, isn’t it?","O mundo é pequeno, não é?","El mundo es un pañuelo, ¿verdad?","Le monde est petit, n'est-ce pas ?","Il mondo è piccolo, vero?","Die Welt ist klein, nicht wahr?","Shìjiè zhēn xiǎo, shì ba?",世界真小，是吧？,
624,B1,21,Greetings & Social Basics,Saudações e Socialização,Saludos y Socialización,Salutations et Base Sociale,Saluti e Socializzazione,Begrüßung & Soziales,问候与社交基础,I hope everything is going well with your new job.,Espero que esteja tudo indo bem com seu novo emprego.,Espero que todo vaya bien con tu nuevo trabajo.,J'espère que tout se passe bien avec votre nouvel emploi.,Spero che tutto stia andando bene con il tuo nuovo lavoro.,"Ich hoffe, mit deinem neuen Job läuft alles gut.",Xīwàng nǐ de xīn gōngzuò yīqiè shùnlì.,希望你的新工作一切顺利。,
625,B1,21,Greetings & Social Basics,Saudações e Socialização,Saludos y Socialización,Salutations et Base Sociale,Saluti e Socializzazione,Begrüßung & Soziales,问候与社交基础,Can I offer you a seat while you wait?,Posso lhe oferecer um lugar enquanto espera?,¿Puedo ofrecerte un asiento mientras esperas?,Puis-je vous proposer un siège en attendant ?,Posso offrirti un posto a sedere mentre aspetti?,"Kann ich Ihnen einen Platz anbieten, während Sie warten?",Nín xiān qǐng zuò zhèr děng yīhuìr ba?,您先请坐这儿等一会儿吧？,
626,B1,21,Greetings & Social Basics,Saudações e Socialização,Saludos y Socialización,Salutations et Base Sociale,Saluti e Socializzazione,Begrüßung & Soziales,问候与社交基础,I’d like to introduce myself; I’m the new manager.,Gostaria de me apresentar; sou o novo gerente.,Me gustaría presentarme; soy el nuevo gerente.,J'aimerais me présenter ; je suis le nouveau directeur.,Vorrei presentarmi; sono il nuovo responsabile.,Ich möchte mich kurz vorstellen: Ich bin der neue Manager.,"Wǒ zìwǒ jièshào yīxià, wǒ shì xīn lái de jīnglǐ.",我自我介绍一下，我是新来的经理。,
627,B1,21,Greetings & Social Basics,Saudações e Socialização,Saludos y Socialización,Salutations et Base Sociale,Saluti e Socializzazione,Begrüßung & Soziales,问候与社交基础,It’s been great catching up with you.,Foi ótimo colocar o papo em dia com você.,Ha sido genial ponernos al día.,C'était génial d'avoir de vos nouvelles.,È stato fantastico rimettersi in pari.,"Es war toll, sich mal wieder mit dir zu unterhalten.",Néng hé nǐ xùjiù zhēn hǎo.,能和你叙旧真好。,
628,B1,21,Greetings & Social Basics,Saudações e Socialização,Saludos y Socialización,Salutations et Base Sociale,Saluti e Socializzazione,Begrüßung & Soziales,问候与社交基础,Would you mind helping me for a second?,Você se importaria de me ajudar por um segundo?,¿Te importaría ayudarme un segundo?,Ça vous dérangerait de m'aider une seconde ?,Ti dispiacerebbe aiutarmi un secondo?,"Würde es dir etwas ausmachen, mir kurz zu helfen?",Néng máfan nǐ bāng wǒ yīxià ma?,能麻烦你帮我一下吗？,
629,B1,21,Greetings & Social Basics,Saudações e Socialização,Saludos y Socialización,Salutations et Base Sociale,Saluti e Socializzazione,Begrüßung & Soziales,问候与社交基础,I really enjoyed the conversation we had earlier.,Gostei muito da conversa que tivemos mais cedo.,Disfruté mucho de la conversación que tuvimos antes.,J'ai vraiment apprécié la conversation que nous avons eue tout à l'heure.,Mi è piaciuta molto la conversazione che abbiamo avuto prima.,"Ich habe das Gespräch, das wir vorhin hatten, sehr genossen.",Gāngcái gēn nǐ liáo de hěn kāixīn.,刚才跟你聊得很开心。,
630,B1,21,Greetings & Social Basics,Saudações e Socialização,Saludos y Socialización,Salutations et Base Sociale,Saluti e Socializzazione,Begrüßung & Soziales,问候与社交基础,Have a great weekend and see you on Monday!,Tenha um ótimo fim de semana e até segunda-feira!,¡Que tengas un gran fin de semana y nos vemos el lunes!,Passez un excellent week-end et à lundi !,Buon fine settimana e a lunedì!,Ein schönes Wochenende und bis Montag!,"Zhù nǐ zhōumò yúkuài, zhōuyī jiàn.",祝你周末愉快，周一见！,
631,B1,22,Personal Information,Informações Pessoais,Información Personal,Informations Personnelles,Informazioni Personali,Persönliche Infos,个人信息,I have been living in this city for about three years now.,Eu moro nesta cidade há cerca de três anos.,Vivo en esta ciudad desde hace unos tres años.,J'habite dans cette ville depuis environ trois ans.,Vivo in questa città da circa tre anni.,Ich lebe jetzt seit etwa drei Jahren in dieser Stadt.,Wǒ zài zhège chéngshì zhù le dàyuē sān nián le.,在这个城市住了大约三年了。,
632,B1,22,Personal Information,Informações Pessoais,Información Personal,Informations Personnelles,Informazioni Personali,Persönliche Infos,个人信息,She has always wanted to become a professional musician.,Ela sempre quis se tornar uma musicista profissional.,Ella siempre ha querido convertirse en música profesional.,Elle a toujours voulu devenir musicienne professionnelle.,Ha sempre voluto diventare una musicista professionista.,Sie wollte schon immer professionelle Musikerin werden.,Tā yīzhí xiǎng chéngwéi yī míng zhíyè yīnyuèjiā.,她一直想成为一名职业音乐家。,
633,B1,22,Personal Information,Informações Pessoais,Información Personal,Informations Personnelles,Informazioni Personali,Persönliche Infos,个人信息,I was born in a town which is famous for its history.,Eu nasci em uma cidade que é famosa por sua história.,Nací en un pueblo que es famoso por su historia.,Je suis né dans une ville célèbre pour son histoire.,Sono nato in una città famosa per la sua storia.,"Ich wurde in einer Stadt geboren, die für ihre Geschichte bekannt ist.",Wǒ chūshēng zài yī gè yǐ lìshǐ wénmíng de xiǎozhèn.,我出生在一个以历史闻名的小镇。,
634,B1,22,Personal Information,Informações Pessoais,Información Personal,Informations Personnelles,Informazioni Personali,Persönliche Infos,个人信息,My brother is much more outgoing than I am.,Meu irmão é muito mais extrovertido do que eu.,Mi hermano es mucho más extrovertido que yo.,Mon frère est beaucoup plus extraverti que moi.,Mio fratello è molto più estroverso di me.,Mein Bruder ist viel kontaktfreudiger als ich.,Wǒ gēge bǐ wǒ wàixiàng de duō.,我哥哥比我外向得多。,
635,B1,22,Personal Information,Informações Pessoais,Información Personal,Informations Personnelles,Informazioni Personali,Persönliche Infos,个人信息,I used to spend my summers at my grandmother’s house.,Eu costumava passar meus verões na casa da minha avó.,Solía pasar mis veranos en casa de mi abuela.,J'avais l'habitude de passer mes étés chez ma grand-mère.,Passavo le mie estati a casa di mia nonna.,Ich habe meine Sommer früher immer bei meiner Großmutter verbracht.,Wǒ yǐqián cháng zài nǎinai jiā guò xiàtiān.,我以前常在奶奶家过夏天。,
636,B1,22,Personal Information,Informações Pessoais,Información Personal,Informations Personnelles,Informazioni Personali,Persönliche Infos,个人信息,Do you know anyone who speaks more than four languages?,Você conhece alguém que fale mais de quatro línguas?,¿Conoces a alguien que hable más de cuatro idiomas?,Connaissez-vous quelqu'un qui parle plus de quatre langues ?,Conosci qualcuno che parli più di quattro lingue?,"Kennst du jemanden, der mehr als vier Sprachen spricht?",Nǐ rènshi huì shuō sì mén yǐshàng wàiyǔ de rén ma?,你认识会说四门以上外语的人吗？,
637,B1,22,Personal Information,Informações Pessoais,Información Personal,Informations Personnelles,Informazioni Personali,Persönliche Infos,个人信息,I am currently working as a freelance designer.,Atualmente estou trabalhando como designer freelancer.,Actualmente trabajo como diseñador freelance.,Je travaille actuellement en tant que designer indépendant.,Al momento lavoro come designer freelance.,Ich arbeite derzeit als freiberuflicher Designer.,Wǒ mùqián shì yī míng zìyóu shèjìshī.,我目前是一名自由设计师。,
638,B1,22,Personal Information,Informações Pessoais,Información Personal,Informations Personnelles,Informazioni Personali,Persönliche Infos,个人信息,She has never been interested in politics.,Ela nunca se interessou por política.,A ella nunca le ha interesado la política.,Elle ne s'est jamais intéressée à la politique.,Non si è mai interessata alla politica.,Sie hat sich noch nie für Politik interessiert.,Tā duì zhèngzhì cónglái bù gǎn xìngqù.,她对政治从来不感兴趣。,
639,B1,22,Personal Information,Informações Pessoais,Información Personal,Informations Personnelles,Informazioni Personali,Persönliche Infos,个人信息,I am not as tall as my father used to be.,Não sou tão alto quanto meu pai costumava ser.,No soy tan alto como solía ser mi padre.,Je ne suis pas aussi grand que l'était mon père.,Non sono alto quanto lo era mio padre.,"Ich bin nicht so groß, wie mein Vater früher war.",Wǒ méiyǒu wǒ bàba niánqīng shí nàme gāo.,我没有我爸爸年轻时那么高。,
640,B1,22,Personal Information,Informações Pessoais,Información Personal,Informations Personnelles,Informazioni Personali,Persönliche Infos,个人信息,My parents have been married for over thirty years.,Meus pais estão casados há mais de trinta anos.,Mis padres llevan casados más de treinta años.,Mes parents sont mariés depuis plus de trente ans.,I miei genitori sono sposati da oltre trent'anni.,Meine Eltern sind seit über dreißig Jahren verheiratet.,Wǒ fùmǔ jiéhūn yǐjīng sānshí duō nián le.,我父母结婚已经三十多年了。,
641,B1,22,Personal Information,Informações Pessoais,Información Personal,Informations Personnelles,Informazioni Personali,Persönliche Infos,个人信息,What kind of person would you describe yourself as?,Como que tipo de pessoa você se descreveria?,¿Cómo te describirías como persona?,Quel genre de personne diriez-vous que vous êtes ?,Che tipo di persona ti descriveresti?,Als was für einen Menschen würdest du dich beschreiben?,Nǐ huì zěnme xíngróng nǐ zìjǐ?,你会怎么形容你自己？,
642,B1,22,Personal Information,Informações Pessoais,Información Personal,Informations Personnelles,Informazioni Personali,Persönliche Infos,个人信息,I am planning to move to a bigger apartment next year.,Estou planejando me mudar para um apartamento maior no próximo ano.,Tengo planeado mudarme a un apartamento más grande el próximo año.,Je prévois d'emménager dans un appartement plus grand l'année prochaine.,Ho intenzione di trasferirmi in un appartamento più grande l'anno prossimo.,"Ich plane, nächstes Jahr in eine größere Wohnung zu ziehen.",Wǒ dǎsuàn míngnián bān dào yī gè dà yīdiǎn de gōngyù.,我打算明年搬到一个大一点的公寓。,
643,B1,22,Personal Information,Informações Pessoais,Información Personal,Informations Personnelles,Informazioni Personali,Persönliche Infos,个人信息,He is the most talented person I have ever met.,Ele é a pessoa mais talentosa que já conheci.,Él es la persona con más talento que he conocido.,C'est la personne la plus talentueuse que j'aie jamais rencontrée.,Lui è la persona più talentuosa che abbia mai incontrato.,"Er ist der talentierteste Mensch, den ich je kennengelernt habe.",Tā shì wǒ jiànguò zuì yǒu cáihuá de rén.,他是我见过最有才华的人。,
644,B1,22,Personal Information,Informações Pessoais,Información Personal,Informations Personnelles,Informazioni Personali,Persönliche Infos,个人信息,I have a friend whose brother is a famous actor.,Tenho um amigo cujo irmão é um ator famoso.,Tengo un amigo cuyo hermano es un actor famoso.,J'ai un ami dont le frère est un acteur célèbre.,Ho un amico il cui fratello è un attore famoso.,"Ich habe einen Freund, dessen Bruder ein berühmter Schauspieler ist.","Wǒ yǒu gè péngyou, tā gēge shì gè hěn yǒumíng de yǎnyuán.",我有个朋友，他哥哥是个很有名的演员。,
645,B1,22,Personal Information,Informações Pessoais,Información Personal,Informations Personnelles,Informazioni Personali,Persönliche Infos,个人信息,I don't have as much free time as I used to.,Não tenho tanto tempo livre quanto costumava ter.,No tengo tanto tiempo libre como solía tener.,Je n'ai plus autant de temps libre qu'avant.,Non ho così tanto tempo libero quanto ne avevo una volta.,Ich habe nicht mehr so viel Freizeit wie früher.,Wǒ xiànzài méiyǒu yǐqián nàme duō kòngxián shíjiān le.,我现在没有以前那么多空闲时间了。,
646,B1,22,Personal Information,Informações Pessoais,Información Personal,Informations Personnelles,Informazioni Personali,Persönliche Infos,个人信息,What are your main goals for the next five years?,Quais são seus principais objetivos para os próximos cinco anos?,¿Cuáles son tus objetivos principales para los próximos cinco años?,Quels sont vos principaux objectifs pour les cinq prochaines années ?,Quali sono i tuoi principali obiettivi per i prossimi cinque anni?,Was sind deine Hauptziele für die nächsten fünf Jahre?,Nǐ wèilái wǔ nián de zhǔyào mùbiāo shì shénme?,你未来五年的主要目标是什么？,
647,B1,22,Personal Information,Informações Pessoais,Información Personal,Informations Personnelles,Informazioni Personali,Persönliche Infos,个人信息,I grew up in a neighborhood that was very quiet.,Cresci em um bairro que era muito tranquilo.,Crecí en un barrio que era muy tranquilo.,J'ai grandi dans un quartier qui était très calme.,Sono cresciuto in un quartiere che era molto tranquillo.,"Ich bin in einer Gegend aufgewachsen, die sehr ruhig war.",Wǒ shì zài yī gè hěn ānjìng de xiǎoqū zhǎngdà de.,我是在一个很安静的小区长大的。,
648,B1,22,Personal Information,Informações Pessoais,Información Personal,Informations Personnelles,Informazioni Personali,Persönliche Infos,个人信息,She is the person who taught me how to cook.,Ela é a pessoa que me ensinou a cozinhar.,Ella es la persona que me enseñó a cocinar.,C'est elle qui m'a appris à cuisiner.,Lei è la persona che mi ha insegnato a cucinare.,"Sie ist die Person, die mir das Kochen beigebracht hat.",Wǒ zuòfàn dōu shì tā jiāo de.,我做饭都是她教的。,
649,B1,22,Personal Information,Informações Pessoais,Información Personal,Informations Personnelles,Informazioni Personali,Persönliche Infos,个人信息,I have always preferred living in the city.,Sempre preferi morar na cidade.,Siempre he preferido vivir en la ciudad.,J'ai toujours préféré vivre en ville.,Ho sempre preferito vivere in città.,"Ich habe es schon immer vorgezogen, in der Stadt zu leben.",Wǒ yīzhí gèng xǐhuan zhù zài chénglǐ.,我一直更喜欢住在城里。,
650,B1,22,Personal Information,Informações Pessoais,Información Personal,Informations Personnelles,Informazioni Personali,Persönliche Infos,个人信息,My family moved several times when I was a child.,Minha família se mudou várias vezes quando eu era criança.,Mi familia se mudó varias veces cuando era niño.,Ma famille a déménagé plusieurs fois quand j'étais enfant.,La mia famiglia si è trasferita più volte quando ero bambino.,"Meine Familie ist mehrmals umgezogen, als ich ein Kind war.",Wǒ xiǎoshíhou jiālǐ bānguo hǎojǐ cì jiā.,我小时候家里搬过好几次家。,
651,B1,22,Personal Information,Informações Pessoais,Información Personal,Informations Personnelles,Informazioni Personali,Persönliche Infos,个人信息,Are you the type of person who likes taking risks?,Você é o tipo de pessoa que gosta de correr riscos?,¿Eres el tipo de persona a la que le gusta correr riesgos?,Êtes-vous le genre de personne qui aime prendre des risques ?,Sei il tipo di persona a cui piace correre rischi?,"Bist du der Typ Mensch, der gerne Risiken eingeht?",Nǐ shì nàzhǒng xǐhuan màoxiǎn de rén ma?,你是那种喜欢冒险的人吗？,
652,B1,22,Personal Information,Informações Pessoais,Información Personal,Informations Personnelles,Informazioni Personali,Persönliche Infos,个人信息,I have known my best friend since we were in primary school.,Conheço meu melhor amigo desde que estávamos na escola primária.,Conozco a mi mejor amigo desde que estábamos en la escuela primaria.,Je connais mon meilleur ami depuis l'école primaire.,Conosco il mio migliore amico da quando eravamo alle elementari.,"Ich kenne meinen besten Freund, seit wir in der Grundschule waren.",Wǒ hé wǒ zuì hǎo de péngyou cóng xiǎoxué jiù rènshi le.,我和我最好的朋友从小学就认识了。,
653,B1,22,Personal Information,Informações Pessoais,Información Personal,Informations Personnelles,Informazioni Personali,Persönliche Infos,个人信息,He is looking for a partner who shares his interests.,Ele está procurando uma parceira que compartilhe seus interesses.,Él está buscando una pareja que comparta sus intereses.,Il cherche une partenaire qui partage ses centres d'intérêt.,Lui sta cercando una partner che condivida i suoi interessi.,"Er sucht eine Partnerin, die seine Interessen teilt.",Tā zài zhǎo yī gè yǒu gòngtóng àihào de bànlǚ.,他在找一个有共同爱好的伴侣。,
654,B1,22,Personal Information,Informações Pessoais,Información Personal,Informations Personnelles,Informazioni Personali,Persönliche Infos,个人信息,I am not sure if I want to stay here forever.,Não tenho certeza se quero ficar aqui para sempre.,No estoy seguro de querer quedarme aquí para siempre.,Je ne sais pas si je veux rester ici pour toujours.,Non sono sicuro di voler restare qui per sempre.,"Ich bin mir nicht sicher, ob ich für immer hier bleiben möchte.",Wǒ bù quèdìng shìfǒu xiǎng yǒngyuǎn liú zài zhèlǐ.,我不确定是否想永远留在这里。,
655,B1,22,Personal Information,Informações Pessoais,Información Personal,Informations Personnelles,Informazioni Personali,Persönliche Infos,个人信息,What is the most interesting thing about your culture?,Qual é a coisa mais interessante sobre a sua cultura?,¿Qué es lo más interesante de tu cultura?,Quelle est la chose la plus intéressante dans votre culture ?,Qual è la cosa più interessante della tua cultura?,Was ist das Interessanteste an deiner Kultur?,Nǐmen wénhuà lǐ zuì yǒuqù de shì shénme?,你们文化里最有趣的是什么？,
656,B1,22,Personal Information,Informações Pessoais,Información Personal,Informations Personnelles,Informazioni Personali,Persönliche Infos,个人信息,I have never liked public speaking.,Nunca gostei de falar em público.,Nunca me ha gustado hablar en público.,Je n'ai jamais aimé parler en public.,Non mi è mai piaciuto parlare in pubblico.,"Ich habe es noch nie gemocht, vor Publikum zu sprechen.",Wǒ yīzhí bù xǐhuan dāngzhòng yǎnjiǎng.,我一直不喜欢当众演讲。,
657,B1,22,Personal Information,Informações Pessoais,Información Personal,Informations Personnelles,Informazioni Personali,Persönliche Infos,个人信息,"She is taller than her sister, but shorter than her brother.","Ela é mais alta que a irmã, mas mais baixa que o irmão.","Ella es más alta que su hermana, pero más baja que su hermano.","Elle est plus grande que sa sœur, mais plus petite que son frère.","Lei è più alta di sua sorella, ma più bassa di suo fratello.","Sie ist größer als ihre Schwester, aber kleiner als ihr Bruder.","Tā bǐ mèimei gāo, dàn bǐ gēge ǎi.",她比妹妹高，但比哥哥矮。,
658,B1,22,Personal Information,Informações Pessoais,Información Personal,Informations Personnelles,Informazioni Personali,Persönliche Infos,个人信息,I am proud of the progress I have made in English.,Estou orgulhoso do progresso que fiz no inglês.,Estoy orgulloso del progreso que he hecho en inglés.,Je suis fier des progrès que j'ai accomplis en anglais.,Sono orgoglioso dei progressi che ho fatto in inglese.,"Ich bin stolz auf die Fortschritte, die ich im Englischen gemacht habe.",Wǒ wèi zìjǐ de Yīngyǔ jìnbù gǎndào zìháo.,我为自己的英语进步感到自豪。,
659,B1,22,Personal Information,Informações Pessoais,Información Personal,Informations Personnelles,Informazioni Personali,Persönliche Infos,个人信息,Do you have any hobbies that you are passionate about?,Você tem algum hobby pelo qual seja apaixonado?,¿Tienes alguna afición que te apasione?,Avez-vous des loisirs qui vous passionnent ?,Hai qualche hobby che ti appassiona?,"Hast du Hobbys, für die du brennst?",Nǐ yǒu shénme tèbié xǐhuan de àihào ma?,你有什么特别喜欢的爱好吗？,
660,B1,22,Personal Information,Informações Pessoais,Información Personal,Informations Personnelles,Informazioni Personali,Persönliche Infos,个人信息,I am trying to become more organized in my daily life.,Estou tentando me tornar mais organizado na minha vida diária.,Estoy intentando ser más organizado en mi vida diaria.,J'essaie de devenir plus organisé dans ma vie quotidienne.,Sto cercando di diventare più organizzato nella mia vita quotidiana.,"Ich versuche, in meinem Alltag organisierter zu werden.",Wǒ zhèngzài nǔlì ràng rìcháng shēnghuó gèng yǒu tiáolǐ.,我正在努力让日常生活更有条理。,
661,B1,23,Daily Life & Routines,Vida Diária e Rotinas,Vida Diaria y Rutinas,Vie Quotidienne et Routines,Vita Quotidiana e Routine,Alltag & Routinen,日常生活与日常工作,I usually check my schedule as soon as I get to the office.,Eu geralmente verifico minha agenda assim que chego ao escritório.,Normalmente reviso mi agenda en cuanto llego a la oficina.,Je vérifie généralement mon emploi du temps dès que j'arrive au bureau.,Di solito controllo la mia agenda non appena arrivo in ufficio.,"Normalerweise überprüfe ich meinen Terminkalender, sobald ich im Büro ankomme.",Wǒ yī dào bàngōngshì tōngcháng jiù huì chákàn rìchéng.,我一到办公室通常就会查看日程。,
662,B1,23,Daily Life & Routines,Vida Diária e Rotinas,Vida Diaria y Rutinas,Vie Quotidienne et Routines,Vita Quotidiana e Routine,Alltag & Routinen,日常生活与日常工作,She is used to waking up early because of her commute.,Ela está acostumada a acordar cedo por causa do trajeto para o trabalho.,Ella está acostumbrada a despertarse temprano debido a su trayecto al trabajo.,Elle a l'habitude de se lever tôt à cause de son trajet.,Lei è abituata a svegliarsi presto a causa del tragitto casa-lavoro.,"Sie ist es gewohnt, wegen ihres Arbeitsweges früh aufzustehen.","Tā xíguàn zǎoqǐ, yīnwèi tōngqín shíjiān hěn cháng.",她习惯早起，因为通勤时间很长。,
663,B1,23,Daily Life & Routines,Vida Diária e Rotinas,Vida Diaria y Rutinas,Vie Quotidienne et Routines,Vita Quotidiana e Routine,Alltag & Routinen,日常生活与日常工作,I am trying to spend less time on social media.,Estou tentando passar menos tempo nas redes sociais.,Estoy intentando pasar menos tiempo en las redes sociales.,J'essaie de passer moins de temps sur les réseaux sociaux.,Sto cercando di passare meno tempo sui social media.,"Ich versuche, weniger Zeit in den sozialen Medien zu verbringen.",Wǒ zhèng shìzhe shǎo huā diǎn shíjiān zài shèjiāo méitǐ shàng.,我正试着少花点时间在社交媒体上。,
664,B1,23,Daily Life & Routines,Vida Diária e Rotinas,Vida Diaria y Rutinas,Vie Quotidienne et Routines,Vita Quotidiana e Routine,Alltag & Routinen,日常生活与日常工作,He has been practicing the guitar every day for a month.,Ele tem praticado guitarra todos os dias durante um mês.,Él ha estado practicando la guitarra todos los días durante un mes.,Il joue de la guitare tous les jours depuis un mois.,Lui ha suonato la chitarra ogni giorno per un mese.,Er übt seit einem Monat jeden Tag Gitarre.,Tā yǐjīng jiānchí měitiān liàn jítā yī gè yuè le.,他已经坚持每天练吉他一个月了。,
665,B1,23,Daily Life & Routines,Vida Diária e Rotinas,Vida Diaria y Rutinas,Vie Quotidienne et Routines,Vita Quotidiana e Routine,Alltag & Routinen,日常生活与日常工作,Do you ever find it hard to balance work and life?,Você às vezes acha difícil equilibrar trabalho e vida pessoal?,¿Alguna vez te resulta difícil equilibrar el trabajo y la vida?,Trouvez-vous parfois difficile de concilier travail et vie privée ?,Trovi mai difficile conciliare lavoro e vita privata?,"Findest du es manchmal schwierig, Arbeit und Privatleben unter einen Hut zu bringen?",Nǐ shìfǒu juéde hěn nán pínghéng gōngzuò hé shēnghuó?,你是否觉得很难平衡工作和生活？,
666,B1,23,Daily Life & Routines,Vida Diária e Rotinas,Vida Diaria y Rutinas,Vie Quotidienne et Routines,Vita Quotidiana e Routine,Alltag & Routinen,日常生活与日常工作,I don't usually go out on weeknights because I'm too tired.,Eu geralmente não saio à noite nos dias de semana porque estou cansado demais.,No suelo salir las noches de entre semana porque estoy demasiado cansado.,Je ne sors généralement pas les soirs de semaine car je suis trop fatigué.,Di solito non esco nei giorni feriali perché sono troppo stanco.,"Unter der Woche gehe ich normalerweise abends nicht aus, weil ich zu müde bin.","Wǒ gōngzuòrì wǎnshang tōngcháng bù chūqù, yīnwèi tài lèi le.",我工作日晚上通常不出去，因为太累了。,
667,B1,23,Daily Life & Routines,Vida Diária e Rotinas,Vida Diaria y Rutinas,Vie Quotidienne et Routines,Vita Quotidiana e Routine,Alltag & Routinen,日常生活与日常工作,She is responsible for taking the kids to school.,Ela é responsável por levar as crianças para a escola.,Ella es la responsable de llevar a los niños a la escuela.,Elle est responsable d'emmener les enfants à l'école.,Lei è responsabile di portare i bambini a scuola.,"Sie ist dafür verantwortlich, die Kinder zur Schule zu bringen.",Tā fùzé sòng háizimen qù shàngxué.,她负责送孩子们去上学。,
668,B1,23,Daily Life & Routines,Vida Diária e Rotinas,Vida Diaria y Rutinas,Vie Quotidienne et Routines,Vita Quotidiana e Routine,Alltag & Routinen,日常生活与日常工作,I’ve decided to start going to the gym three times a week.,Decidi começar a ir à academia três vezes por semana.,He decidido empezar a ir al gimnasio tres veces por semana.,J'ai décidé de commencer à aller à la salle de sport trois fois par semaine.,Ho deciso di iniziare ad andare in palestra tre volte a settimana.,"Ich habe beschlossen, dreimal pro Woche ins Fitnessstudio zu gehen.",Wǒ juédìng kāishǐ měi zhōu qù sān cì jiànshēnfáng.,我决定开始每周去三次健身房。,
669,B1,23,Daily Life & Routines,Vida Diária e Rotinas,Vida Diaria y Rutinas,Vie Quotidienne et Routines,Vita Quotidiana e Routine,Alltag & Routinen,日常生活与日常工作,How do you manage to stay so productive?,Como você consegue se manter tão produtivo?,¿Cómo te las arreglas para ser tan productivo?,Comment parvenez-vous à rester si productif ?,Come riesci a mantenerti così produttivo?,"Wie schaffst du es, so produktiv zu bleiben?",Nǐ shì zěnme yīzhí bǎochí zhème gāo xiàolǜ de?,你是怎么一直保持这么高效率的？,
670,B1,23,Daily Life & Routines,Vida Diária e Rotinas,Vida Diaria y Rutinas,Vie Quotidienne et Routines,Vita Quotidiana e Routine,Alltag & Routinen,日常生活与日常工作,I always make sure that I have enough sleep.,Eu sempre me certifico de dormir o suficiente.,Siempre me aseguro de dormir lo suficiente.,Je m'assure toujours de dormir suffisamment.,Mi assicuro sempre di dormire a sufficienza.,"Ich achte immer darauf, genug Schlaf zu bekommen.",Wǒ zǒngshì bǎozhèng chōngzú de shuìmián.,我总是保证充足的睡眠。,
671,B1,23,Daily Life & Routines,Vida Diária e Rotinas,Vida Diaria y Rutinas,Vie Quotidienne et Routines,Vita Quotidiana e Routine,Alltag & Routinen,日常生活与日常工作,He spends most of his weekends working in the garden.,Ele passa a maior parte dos fins de semana trabalhando no jardim.,Él pasa la mayor parte de sus fines de semana trabajando en el jardín.,Il passe la majeure partie de ses week-ends à travailler dans le jardin.,Lui passa la maggior parte dei suoi fine settimana lavorando in giardino.,Er verbringt die meisten seiner Wochenenden mit der Arbeit im Garten.,Tā zhōumò dà bùfen shíjiān dōu zài dǎlǐ huāyuán.,他周末大部分时间都在打理花园。,
672,B1,23,Daily Life & Routines,Vida Diária e Rotinas,Vida Diaria y Rutinas,Vie Quotidienne et Routines,Vita Quotidiana e Routine,Alltag & Routinen,日常生活与日常工作,We are thinking about changing our morning routine.,Estamos pensando em mudar nossa rotina matinal.,Estamos pensando en cambiar nuestra rutina de la mañana.,Nous envisageons de changer notre routine matinale.,Stiamo pensando di cambiare la nostra routine mattutina.,"Wir denken darüber nach, unsere Morgenroutine zu ändern.",Wǒmen zài kǎolǜ tiáozhěng yīxià zǎoshang de zuòxī.,我们在考虑调整一下早上的作息。,
673,B1,23,Daily Life & Routines,Vida Diária e Rotinas,Vida Diaria y Rutinas,Vie Quotidienne et Routines,Vita Quotidiana e Routine,Alltag & Routinen,日常生活与日常工作,I’ve already finished most of my chores for today.,Já terminei a maioria das minhas tarefas de hoje.,Ya he terminado la mayoría de mis tareas por hoy.,J'ai déjà terminé la plupart de mes corvées pour aujourd'hui.,Ho già finito la maggior parte dei miei lavori per oggi.,Ich habe den Großteil meiner Aufgaben für heute schon erledigt.,Wǒ yǐjīng zuòwán le jīntiān dà bùfen de jiāwù.,我已经做完了今天大部分的家务。,
674,B1,23,Daily Life & Routines,Vida Diária e Rotinas,Vida Diaria y Rutinas,Vie Quotidienne et Routines,Vita Quotidiana e Routine,Alltag & Routinen,日常生活与日常工作,Do you prefer to do your grocery shopping online?,Você prefere fazer suas compras de supermercado online?,¿Prefieres hacer las compras del súper por internet?,Préférez-vous faire vos courses en ligne ?,Preferisci fare la spesa online?,Kaufst du Lebensmittel lieber online ein?,Nǐ gèng xǐhuan zài wǎngshàng mǎi cài ma?,你更喜欢在网上买菜吗？,
675,B1,23,Daily Life & Routines,Vida Diária e Rotinas,Vida Diaria y Rutinas,Vie Quotidienne et Routines,Vita Quotidiana e Routine,Alltag & Routinen,日常生活与日常工作,I have a habit of drinking a glass of water every morning.,Tenho o hábito de beber um copo de água todas as manhãs.,Tengo el hábito de beber un vaso de agua cada mañana.,J'ai l'habitude de boire un verre d'eau tous les matins.,Ho l'abitudine di bere un bicchiere d'acqua ogni mattina.,"Ich habe die Angewohnheit, jeden Morgen ein Glas Wasser zu trinken.",Wǒ yǒu měitiān zǎoshang hē yī bēi shuǐ de xíguàn.,我有每天早上喝一杯水的习惯。,
676,B1,23,Daily Life & Routines,Vida Diária e Rotinas,Vida Diaria y Rutinas,Vie Quotidienne et Routines,Vita Quotidiana e Routine,Alltag & Routinen,日常生活与日常工作,She doesn't usually eat lunch at her desk.,Ela geralmente não almoça na sua mesa de trabalho.,Ella no suele almorzar en su escritorio.,Elle ne déjeune généralement pas à son bureau.,Lei di solito non pranza alla sua scrivania.,Sie isst normalerweise nicht an ihrem Schreibtisch zu Mittag.,Tā tōngcháng bù zài gōngwèi shàng chī wǔfàn.,她通常不在工位上吃午饭。,
677,B1,23,Daily Life & Routines,Vida Diária e Rotinas,Vida Diaria y Rutinas,Vie Quotidienne et Routines,Vita Quotidiana e Routine,Alltag & Routinen,日常生活与日常工作,I am currently trying to learn a new recipe every week.,Atualmente estou tentando aprender uma receita nova toda semana.,Actualmente estoy intentando aprender una receta nueva cada semana.,J'essaie actuellement d'apprendre une nouvelle recette chaque semaine.,Al momento sto cercando di imparare una nuova ricetta ogni settimana.,"Derzeit versuche ich, jede Woche ein neues Rezept auszuprobieren.",Wǒ mùqián zhèngzài chángshì měi zhōu xué yī dào xīn cài.,我目前正在尝试每周学一道新菜。,
678,B1,23,Daily Life & Routines,Vida Diária e Rotinas,Vida Diaria y Rutinas,Vie Quotidienne et Routines,Vita Quotidiana e Routine,Alltag & Routinen,日常生活与日常工作,What is the most relaxing part of your day?,Qual é a parte mais relaxante do seu dia?,¿Cuál es la parte más relajante de tu día?,Quelle est la partie la plus relaxante de votre journée ?,Qual è la parte più rilassante della tua giornata?,Was ist der entspannendste Teil deines Tages?,Nǐ yītiān dāngzhōng shénme shíhou zuì fàngsōng?,你一天当中什么时候最放松？,
679,B1,23,Daily Life & Routines,Vida Diária e Rotinas,Vida Diaria y Rutinas,Vie Quotidienne et Routines,Vita Quotidiana e Routine,Alltag & Routinen,日常生活与日常工作,"I used to drink coffee, but now I prefer green tea.","Eu costumava beber café, mas agora prefiro chá verde.","Solía beber café, pero ahora prefiero el té verde.","J'avais l'habitude de boire du café, mais maintenant je préfère le thé vert.","Bevevo caffè, ma ora preferisco il tè verde.","Früher habe ich Kaffee getrunken, aber jetzt bevorzuge ich grünen Tee.","Wǒ yǐqián hē kāfēi, dàn xiànzài gèng xǐhuan lǜchá.",我以前喝咖啡，但现在更喜欢绿茶。,
680,B1,23,Daily Life & Routines,Vida Diária e Rotinas,Vida Diaria y Rutinas,Vie Quotidienne et Routines,Vita Quotidiana e Routine,Alltag & Routinen,日常生活与日常工作,He always forgets where he has put his keys.,Ele sempre esquece onde colocou as chaves.,Él siempre olvida dónde ha puesto sus llaves.,Il oublie toujours où il a mis ses clés.,Lui dimentica sempre dove ha messo le chiavi.,"Er vergisst immer, wo er seine Schlüssel hingelegt hat.",Tā zǒngshì wàngjì yàoshi fàng zài nǎr le.,他总是忘记钥匙放在哪儿了。,
681,B1,23,Daily Life & Routines,Vida Diária e Rotinas,Vida Diaria y Rutinas,Vie Quotidienne et Routines,Vita Quotidiana e Routine,Alltag & Routinen,日常生活与日常工作,I try to set aside some time for reading every evening.,Tento reservar algum tempo para leitura todas as noites.,Intento reservar algo de tiempo para leer todas las noches.,J'essaie de réserver du temps pour lire chaque soir.,Cerco di ritagliarmi del tempo per leggere ogni sera.,"Ich versuche, mir jeden Abend etwas Zeit zum Lesen zu nehmen.",Wǒ měitiān wǎnshang dōu huì chōuchū shíjiān kànshū.,我每天晚上都会抽出时间看书。,
682,B1,23,Daily Life & Routines,Vida Diária e Rotinas,Vida Diaria y Rutinas,Vie Quotidienne et Routines,Vita Quotidiana e Routine,Alltag & Routinen,日常生活与日常工作,Do you find it easy to get up in the morning?,Você acha fácil levantar de manhã?,¿Te resulta fácil levantarte por la mañana?,Trouvez-vous facile de vous lever le matin ?,Trovi facile alzarti al mattino?,"Fällt es dir leicht, morgens aufzustehen?",Nǐ juéde zǎoshang qǐchuáng róngyì ma?,你觉得早上起床容易吗？,
683,B1,23,Daily Life & Routines,Vida Diária e Rotinas,Vida Diaria y Rutinas,Vie Quotidienne et Routines,Vita Quotidiana e Routine,Alltag & Routinen,日常生活与日常工作,I have been feeling much more energetic lately.,Tenho me sentido muito mais disposto ultimamente.,Me he sentido mucho más enérgico últimamente.,Je me sens beaucoup plus énergique ces derniers temps.,Mi sento molto più energico ultimamente.,Ich habe mich in letzter Zeit viel energiegeladener gefühlt.,Zuìjìn wǒ gǎnjué jīnglì chōngpèi de duō.,最近我感觉精力充沛得多。,
684,B1,23,Daily Life & Routines,Vida Diária e Rotinas,Vida Diaria y Rutinas,Vie Quotidienne et Routines,Vita Quotidiana e Routine,Alltag & Routinen,日常生活与日常工作,She spends about an hour a day commuting to work.,Ela gasta cerca de uma hora por dia indo para o trabalho.,Ella pasa aproximadamente una hora al día yendo al trabajo.,Elle passe environ une heure par jour à faire le trajet pour aller au travail.,Lei impiega circa un'ora al giorno per andare al lavoro.,Sie verbringt täglich etwa eine Stunde mit dem Arbeitsweg.,Tā měitiān shàngxiàbān tōngqín dàyuē xūyào yī gè xiǎoshí.,她每天上下班通勤大约需要一个小时。,
685,B1,23,Daily Life & Routines,Vida Diária e Rotinas,Vida Diaria y Rutinas,Vie Quotidienne et Routines,Vita Quotidiana e Routine,Alltag & Routinen,日常生活与日常工作,I don't usually watch TV unless there is a good movie.,"Eu geralmente não assisto TV, a menos que haja um bom filme.",No suelo ver la tele a menos que haya una buena película.,"Je ne regarde généralement pas la télé, sauf s'il y a un bon film.",Di solito non guardo la TV a meno che non ci sia un bel film.,"Ich sehe normalerweise nicht fern, es sei denn, es läuft ein guter Film.","Wǒ tōngcháng bù kàn diànshì, chúfēi yǒu hǎo diànyǐng.",我通常不看电视，除非有好电影。,
686,B1,23,Daily Life & Routines,Vida Diária e Rotinas,Vida Diaria y Rutinas,Vie Quotidienne et Routines,Vita Quotidiana e Routine,Alltag & Routinen,日常生活与日常工作,What time do you usually get home from work?,A que horas você costuma chegar em casa do trabalho?,¿A qué hora sueles llegar a casa del trabajo?,À quelle heure rentrez-vous habituellement du travail ?,A che ora torni di solito a casa dal lavoro?,Wann kommst du normalerweise von der Arbeit nach Hause?,Nǐ tōngcháng jǐ diǎn xiàbān huíjiā?,你通常几点下班回家？,
687,B1,23,Daily Life & Routines,Vida Diária e Rotinas,Vida Diaria y Rutinas,Vie Quotidienne et Routines,Vita Quotidiana e Routine,Alltag & Routinen,日常生活与日常工作,I always listen to a podcast while I am cleaning.,Eu sempre ouço um podcast enquanto estou limpando.,Siempre escucho un podcast mientras limpio.,J'écoute toujours un podcast pendant que je fais le ménage.,Ascolto sempre un podcast mentre pulisco.,"Ich höre immer einen Podcast, während ich putze.",Wǒ dǎsǎo de shíhou zǒngshì tīng bōkè.,我打扫的时候总是听播客。,
688,B1,23,Daily Life & Routines,Vida Diária e Rotinas,Vida Diaria y Rutinas,Vie Quotidienne et Routines,Vita Quotidiana e Routine,Alltag & Routinen,日常生活与日常工作,He is always the last person to leave the office.,Ele é sempre a última pessoa a sair do escritório.,Él siempre es la última persona en irse de la oficina.,Il est toujours le dernier à quitter le bureau.,Lui è sempre l'ultima persona a lasciare l'ufficio.,"Er ist immer der Letzte, der das Büro verlässt.",Tā zǒngshì bàngōngshì lǐ zuìhòu yī gè zǒu de rén.,他总是办公室里最后一个走的人。,
689,B1,23,Daily Life & Routines,Vida Diária e Rotinas,Vida Diaria y Rutinas,Vie Quotidienne et Routines,Vita Quotidiana e Routine,Alltag & Routinen,日常生活与日常工作,I’ve been trying to eat more fruit and vegetables.,Tenho tentado comer mais frutas e vegetais.,He estado intentando comer más frutas y verduras.,J'essaie de manger plus de fruits et légumes.,Sto cercando di mangiare più frutta e verdura.,"Ich habe versucht, mehr Obst und Gemüse zu essen.",Wǒ yīzhí zài chángshì duō chī shuǐguǒ hé shūcài.,我一直在尝试多吃水果和蔬菜。,
690,B1,23,Daily Life & Routines,Vida Diária e Rotinas,Vida Diaria y Rutinas,Vie Quotidienne et Routines,Vita Quotidiana e Routine,Alltag & Routinen,日常生活与日常工作,Do you have a specific routine for your Sunday mornings?,Você tem uma rotina específica para suas manhãs de domingo?,¿Tienes una rutina específica para tus mañanas de domingo?,Avez-vous une routine spécifique pour vos dimanches matin ?,Hai una routine specifica per le tue domeniche mattina?,Hast du eine bestimmte Routine für deinen Sonntagmorgen?,Nǐ zài zhōurì zǎoshang yǒu shénme tèbié de xíguàn ma?,你在周日早上有什么特别的习惯吗？,
691,B1,24,Travel & Transportation,Viagem e Transporte,Viajes y Transporte,Voyage et Transport,Viaggi e Trasporti,Reisen & Verkehrsmittel,旅行与交通,I have never traveled outside of my own country.,Nunca viajei para fora do meu próprio país.,Nunca he viajado fuera de mi propio país.,Je n'ai jamais voyagé en dehors de mon propre pays.,Non ho mai viaggiato fuori dal mio paese.,Ich bin noch nie außerhalb meines eigenen Landes gereist.,Wǒ cónglái méiyǒu qùguo guówài.,我从来没有去过国外。,
692,B1,24,Travel & Transportation,Viagem e Transporte,Viajes y Transporte,Voyage et Transport,Viaggi e Trasporti,Reisen & Verkehrsmittel,旅行与交通,"If I have enough money, I will go to Japan next year.","Se eu tiver dinheiro suficiente, irei para o Japão no ano que vem.","Si tengo suficiente dinero, iré a Japón el año que viene.","Si j'ai assez d'argent, j'irai au Japon l'année prochaine.","Se avrò abbastanza soldi, andrò in Giappone l'anno prossimo.","Wenn ich genug Geld habe, werde ich nächstes Jahr nach Japan reisen.","Rúguǒ wǒ yǒu zúgòu de qián, míngnián wǒ jiù qù Rìběn.",如果我有足够的钱，明年我就去日本。,
693,B1,24,Travel & Transportation,Viagem e Transporte,Viajes y Transporte,Voyage et Transport,Viaggi e Trasporti,Reisen & Verkehrsmittel,旅行与交通,The flight was delayed due to the bad weather.,O voo atrasou devido ao mau tempo.,El vuelo se retrasó debido al mal tiempo.,Le vol a été retardé en raison du mauvais temps.,Il volo è stato ritardato a causa del maltempo.,Der Flug verspätete sich wegen des schlechten Wetters.,Hángbān yīnwèi tiānqì bù hǎo yánwù le.,航班因为天气不好延误了。,
694,B1,24,Travel & Transportation,Viagem e Transporte,Viajes y Transporte,Voyage et Transport,Viaggi e Trasporti,Reisen & Verkehrsmittel,旅行与交通,Could you tell me how long the journey takes by train?,Você poderia me dizer quanto tempo dura a viagem de trem?,¿Podrías decirme cuánto dura el viaje en tren?,Pourriez-vous me dire combien de temps dure le trajet en train ?,Potresti dirmi quanto dura il viaggio in treno?,"Könnten Sie mir sagen, wie lange die Fahrt mit dem Zug dauert?",Nǐ néng gàosu wǒ zuò huǒchē xūyào duōjiǔ ma?,你能告诉我坐火车需要多久吗？,
695,B1,24,Travel & Transportation,Viagem e Transporte,Viajes y Transporte,Voyage et Transport,Viaggi e Trasporti,Reisen & Verkehrsmittel,旅行与交通,I’m looking for a hotel that is centrally located.,Estou procurando um hotel que seja localizado no centro.,Estoy buscando un hotel que esté en el centro.,Je cherche un hôtel situé au centre-ville.,Sto cercando un hotel che sia in posizione centrale.,"Ich suche ein Hotel, das zentral gelegen ist.",Wǒ zài zhǎo yī jiā wèiyú shìzhōngxīn de jiǔdiàn.,我在找一家位于市中心的酒店。,
696,B1,24,Travel & Transportation,Viagem e Transporte,Viajes y Transporte,Voyage et Transport,Viaggi e Trasporti,Reisen & Verkehrsmittel,旅行与交通,We’ve been waiting for the bus for over twenty minutes.,Estamos esperando o ônibus há mais de vinte minutos.,Llevamos esperando el autobús más de veinte minutos.,Nous attendons le bus depuis plus de vingt minutes.,Stiamo aspettando l'autobus da oltre venti minuti.,Wir warten seit über zwanzig Minuten auf den Bus.,Wǒmen děng gōnggòng qìchē yǐjīng děng le èrshí duō fēnzhōng le.,我们等公共汽车已经等了二十多分钟了。,
697,B1,24,Travel & Transportation,Viagem e Transporte,Viajes y Transporte,Voyage et Transport,Viaggi e Trasporti,Reisen & Verkehrsmittel,旅行与交通,I would rather travel by train than go by plane.,Eu preferiria viajar de trem do que ir de avião.,Preferiría viajar en tren que ir en avión.,Je préférerais voyager en train plutôt qu'en avion.,Preferirei viaggiare in treno piuttosto che in aereo.,"Ich würde lieber mit dem Zug reisen, als zu fliegen.",Wǒ nìngyuàn zuò huǒchē yě bùyuàn zuò fēijī.,我宁愿坐火车也不愿坐飞机。,
698,B1,24,Travel & Transportation,Viagem e Transporte,Viajes y Transporte,Voyage et Transport,Viaggi e Trasporti,Reisen & Verkehrsmittel,旅行与交通,Is it necessary to book the tickets in advance?,É necessário reservar os ingressos com antecedência?,¿Es necesario reservar los billetes con antelación?,Est-il nécessaire de réserver les billets à l'avance ?,È necessario prenotare i biglietti in anticipo?,"Ist es notwendig, die Tickets im Voraus zu buchen?",Xūyào tíqián dìng piào ma?,需要提前订票吗？,
699,B1,24,Travel & Transportation,Viagem e Transporte,Viajes y Transporte,Voyage et Transport,Viaggi e Trasporti,Reisen & Verkehrsmittel,旅行与交通,I am not used to driving on the left side of the road.,Não estou acostumado a dirigir no lado esquerdo da estrada.,No estoy acostumbrado a conducir por el lado izquierdo de la carretera.,Je n'ai pas l'habitude de conduire à gauche.,Non sono abituato a guidare sul lato sinistro della strada.,"Ich bin es nicht gewohnt, auf der linken Straßenseite zu fahren.",Wǒ bù xíguàn kào zuǒ xíngshǐ.,我不习惯靠左行驶。,
700,B1,24,Travel & Transportation,Viagem e Transporte,Viajes y Transporte,Voyage et Transport,Viaggi e Trasporti,Reisen & Verkehrsmittel,旅行与交通,The luggage was lost during the flight to Rome.,A bagagem foi perdida durante o voo para Roma.,El equipaje se perdió durante el vuelo a Roma.,Les bagages ont été perdus pendant le vol vers Rome.,Il bagaglio è andato smarrito durante il volo per Roma.,Das Gepäck ging während des Fluges nach Rom verloren.,"Zài fēiwǎng Luómǎ de hángbān shàng, xíngli diū le.",在飞往罗马的航班上，行李丢了。,
701,B1,24,Travel & Transportation,Viagem e Transporte,Viajes y Transporte,Voyage et Transport,Viaggi e Trasporti,Reisen & Verkehrsmittel,旅行与交通,Have you ever missed a connection at the airport?,Você já perdeu uma conexão no aeroporto?,¿Alguna vez has perdido una conexión en el aeropuerto?,Avez-vous déjà manqué une correspondance à l'aéroport ?,Hai mai perso una coincidenza all'aeroporto?,Hast du jemals einen Anschluss am Flughafen verpasst?,Nǐ zài jīchǎng cuòguòguo zhuǎnjī ma?,你在机场错过过转机吗？,
702,B1,24,Travel & Transportation,Viagem e Transporte,Viajes y Transporte,Voyage et Transport,Viaggi e Trasporti,Reisen & Verkehrsmittel,旅行与交通,I’m thinking of renting a car for our road trip.,Estou pensando em alugar um carro para nossa viagem.,Estoy pensando en alquilar un coche para nuestro viaje por carretera.,Je pense à louer une voiture pour notre voyage.,Sto pensando di noleggiare un'auto per il nostro viaggio.,"Ich denke darüber nach, ein Auto für unseren Roadtrip zu mieten.",Wǒ zài kǎolǜ zū liàng chē qù zìjiàyóu.,我在考虑租辆车去自驾游。,
703,B1,24,Travel & Transportation,Viagem e Transporte,Viajes y Transporte,Voyage et Transport,Viaggi e Trasporti,Reisen & Verkehrsmittel,旅行与交通,What is the most beautiful place you have ever visited?,Qual é o lugar mais bonito que você já visitou?,¿Cuál es el lugar más bonito que has visitado?,Quel est le plus bel endroit que vous ayez jamais visité ?,Qual è il posto più bello che tu abbia mai visitato?,"Was ist der schönste Ort, den du je besucht hast?",Nǐ qùguo de zuì měi de dìfang shì nǎr?,你去过的最美的地方是哪儿？,
704,B1,24,Travel & Transportation,Viagem e Transporte,Viajes y Transporte,Voyage et Transport,Viaggi e Trasporti,Reisen & Verkehrsmittel,旅行与交通,The hotel we stayed in was much better than I expected.,O hotel em que ficamos era muito melhor do que eu esperava.,El hotel en el que nos alojamos era mucho mejor de lo que esperaba.,L'hôtel où nous avons séjourné était bien meilleur que ce que j'espérais.,L'hotel in cui abbiamo soggiornato era molto meglio di quanto mi aspettassi.,"Das Hotel, in dem wir übernachtet haben, war viel besser, als ich erwartet hatte.",Wǒmen zhù de jiǔdiàn bǐ wǒ xiǎngxiàng de hǎo de duō.,我们住的酒店比我想象的好得多。,
705,B1,24,Travel & Transportation,Viagem e Transporte,Viajes y Transporte,Voyage et Transport,Viaggi e Trasporti,Reisen & Verkehrsmittel,旅行与交通,I’ll call you as soon as I arrive at the station.,Eu te ligo assim que chegar na estação.,Te llamaré en cuanto llegue a la estación.,Je t'appellerai dès que j'arriverai à la gare.,Ti chiamo non appena arrivo in stazione.,"Ich rufe dich an, sobald ich am Bahnhof ankomme.",Wǒ yī dào zhàn jiù gěi nǐ dǎ diànhuà.,我一到站就给你打电话。,
706,B1,24,Travel & Transportation,Viagem e Transporte,Viajes y Transporte,Voyage et Transport,Viaggi e Trasporti,Reisen & Verkehrsmittel,旅行与交通,Do you know if there is a shuttle bus to the city?,Você sabe se tem um ônibus de traslado para a cidade?,¿Sabes si hay un autobús de enlace a la ciudad?,Savez-vous s'il y a une navette pour la ville ?,Sai se c'è un bus navetta per la città?,"Wissen Sie, ob es einen Shuttlebus in die Stadt gibt?",Nǐ zhīdào yǒu méiyǒu qù shìqū de jiēbóchē ma?,你知道有没有去市区的接驳车吗？,
707,B1,24,Travel & Transportation,Viagem e Transporte,Viajes y Transporte,Voyage et Transport,Viaggi e Trasporti,Reisen & Verkehrsmittel,旅行与交通,I’ve always wanted to go on a cruise across the ocean.,Eu sempre quis fazer um cruzeiro pelo oceano.,Siempre he querido hacer un crucero por el océano.,J'ai toujours voulu faire une croisière à travers l'océan.,Ho sempre voluto fare una crociera sull'oceano.,Ich wollte schon immer mal eine Kreuzfahrt über den Ozean machen.,Wǒ yīzhí hěn xiǎng zuò yóulún héngkuà dàyáng.,我一直很想坐邮轮横跨大洋。,
708,B1,24,Travel & Transportation,Viagem e Transporte,Viajes y Transporte,Voyage et Transport,Viaggi e Trasporti,Reisen & Verkehrsmittel,旅行与交通,The traffic is usually very heavy at this time of day.,O trânsito geralmente é muito pesado a esta hora do dia.,El tráfico suele ser muy denso a esta hora del día.,La circulation est généralement très dense à cette heure de la journée.,Il traffico è solitamente molto intenso a quest'ora del giorno.,Der Verkehr ist zu dieser Tageszeit normalerweise sehr stark.,Měitiān zhège shíhou jiāotōng tōngcháng dōu hěn dǔ.,每天这个时候交通通常都很堵。,
709,B1,24,Travel & Transportation,Viagem e Transporte,Viajes y Transporte,Voyage et Transport,Viaggi e Trasporti,Reisen & Verkehrsmittel,旅行与交通,I’d like to find a quiet place away from the tourists.,"Eu gostaria de encontrar um lugar calmo, longe dos turistas.",Me gustaría encontrar un lugar tranquilo lejos de los turistas.,J'aimerais trouver un endroit calme loin des touristes.,Mi piacerebbe trovare un posto tranquillo lontano dai turisti.,Ich würde gerne einen ruhigen Ort abseits der Touristen finden.,"Wǒ xiǎng zhǎo yī gè yuǎnlí yóukè, ānjìng yīdiǎn de dìfang.",我想找一个远离游客、安静一点的地方。,
710,B1,24,Travel & Transportation,Viagem e Transporte,Viajes y Transporte,Voyage et Transport,Viaggi e Trasporti,Reisen & Verkehrsmittel,旅行与交通,Is the museum within walking distance of the hotel?,O museu fica a uma distância que dá para ir a pé do hotel?,¿Está el museo a poca distancia a pie del hotel?,Le musée est-il accessible à pied depuis l'hôtel ?,Il museo è raggiungibile a piedi dall'hotel?,Ist das Museum vom Hotel aus zu Fuß erreichbar?,Cóng jiǔdiàn zǒulù néng dào bówùguǎn ma?,从酒店走路能到博物馆吗？,
711,B1,24,Travel & Transportation,Viagem e Transporte,Viajes y Transporte,Voyage et Transport,Viaggi e Trasporti,Reisen & Verkehrsmittel,旅行与交通,I forgot to check the departure time of the train.,Esqueci de verificar o horário de partida do trem.,Olvidé comprobar la hora de salida del tren.,J'ai oublié de vérifier l'heure de départ du train.,Ho dimenticato di controllare l'orario di partenza del treno.,"Ich habe vergessen, die Abfahrtszeit des Zuges zu überprüfen.",Wǒ wàng le kàn yīxià huǒchē de fāchē shíjiān.,我忘了看一下火车的发车时间。,
712,B1,24,Travel & Transportation,Viagem e Transporte,Viajes y Transporte,Voyage et Transport,Viaggi e Trasporti,Reisen & Verkehrsmittel,旅行与交通,We should check the map before we get lost.,Devemos verificar o mapa antes de nos perdermos.,Deberíamos consultar el mapa antes de perdernos.,Nous devrions vérifier la carte avant de nous perdre.,Dovremmo controllare la mappa prima di perderci.,"Wir sollten auf die Karte schauen, bevor wir uns verlaufen.","Chènzhe hái méi mílù, wǒmen zuìhǎo xiān kàn yīxià dìtú.",趁着还没迷路，我们最好先看一下地图。,
713,B1,24,Travel & Transportation,Viagem e Transporte,Viajes y Transporte,Voyage et Transport,Viaggi e Trasporti,Reisen & Verkehrsmittel,旅行与交通,I am really looking forward to our trip to the mountains.,Estou realmente ansioso pela nossa viagem às montanhas.,Tengo muchas ganas de nuestro viaje a las montañas.,J'attends notre voyage à la montagne avec impatience.,Non vedo l'ora che arrivi il nostro viaggio in montagna.,Ich freue mich schon sehr auf unseren Ausflug in die Berge.,Wǒ hěn qīdài wǒmen qù shān lǐ wán.,我很期待我们去山里玩。,
714,B1,24,Travel & Transportation,Viagem e Transporte,Viajes y Transporte,Voyage et Transport,Viaggi e Trasporti,Reisen & Verkehrsmittel,旅行与交通,Was the flight as long as you expected it to be?,O voo foi tão longo quanto você esperava?,¿Fue el vuelo tan largo como esperabas?,Le vol a-t-il été aussi long que vous le pensiez ?,Il volo è stato lungo quanto ti aspettavi?,"War der Flug so lang, wie du es erwartet hast?",Fēixíng shíjiān yǒu nǐ yùxiǎng de nàme cháng ma?,飞行时间有你预想的那么长吗？,
715,B1,24,Travel & Transportation,Viagem e Transporte,Viajes y Transporte,Voyage et Transport,Viaggi e Trasporti,Reisen & Verkehrsmittel,旅行与交通,I’ve never stayed in a hostel before.,Eu nunca fiquei em um albergue antes.,Nunca me he alojado en un albergue antes.,Je n'ai jamais séjourné dans une auberge de jeunesse auparavant.,Non sono mai stato in un ostello prima d'ora.,Ich habe noch nie in einer Jugendherberge übernachtet.,Wǒ yǐqián cónglái méi zhùguo qīngnián lǚshè.,我以前从来没住过青年旅舍。,
716,B1,24,Travel & Transportation,Viagem e Transporte,Viajes y Transporte,Voyage et Transport,Viaggi e Trasporti,Reisen & Verkehrsmittel,旅行与交通,How much does it cost to park the car here?,Quanto custa para estacionar o carro aqui?,¿Cuánto cuesta aparcar el coche aquí?,Combien ça coûte de garer la voiture ici ?,Quanto costa parcheggiare l'auto qui?,"Wie viel kostet es, das Auto hier zu parken?",Zhèlǐ tíngchē duōshao qián?,这里停车多少钱？,
717,B1,24,Travel & Transportation,Viagem e Transporte,Viajes y Transporte,Voyage et Transport,Viaggi e Trasporti,Reisen & Verkehrsmittel,旅行与交通,I’ll pick you up from the airport if you want.,Eu te busco no aeroporto se você quiser.,Te recogeré en el aeropuerto si quieres.,Je viendrai te chercher à l'aéroport si tu veux.,Ti vengo a prendere all'aeroporto se vuoi.,"Ich hole dich vom Flughafen ab, wenn du möchtest.","Rúguǒ nǐ xiǎng de huà, wǒ kěyǐ qù jīchǎng jiē nǐ.",如果你想的话，我可以去机场接你。,
718,B1,24,Travel & Transportation,Viagem e Transporte,Viajes y Transporte,Voyage et Transport,Viaggi e Trasporti,Reisen & Verkehrsmittel,旅行与交通,Do you have any recommendations for things to see?,Você tem alguma recomendação de coisas para ver?,¿Tienes alguna recomendación de cosas que ver?,Avez-vous des recommandations de choses à voir ?,Hai qualche consiglio su cosa vedere?,Haben Sie Empfehlungen für Sehenswürdigkeiten?,Nǐ yǒu shénme jǐngdiǎn tuījiàn ma?,你有什么景点推荐吗？,
719,B1,24,Travel & Transportation,Viagem e Transporte,Viajes y Transporte,Voyage et Transport,Viaggi e Trasporti,Reisen & Verkehrsmittel,旅行与交通,The station was so crowded that I couldn't find my friend.,A estação estava tão lotada que não consegui encontrar meu amigo.,La estación estaba tan llena que no pude encontrar a mi amigo.,La gare était si bondée que je n'ai pas pu trouver mon ami.,La stazione era così affollata che non sono riuscito a trovare il mio amico.,"Der Bahnhof war so überfüllt, dass ich meinen Freund nicht finden konnte.","Chēzhàn rén tài duō le, wǒ dōu méi zhǎodào wǒ péngyou.",车站人太多了，我都没找到我朋友。,
720,B1,24,Travel & Transportation,Viagem e Transporte,Viajes y Transporte,Voyage et Transport,Viaggi e Trasporti,Reisen & Verkehrsmittel,旅行与交通,I hope the weather is good during our holiday.,Espero que o tempo esteja bom durante nossas férias.,Espero que haga buen tiempo durante nuestras vacaciones.,J'espère qu'il fera beau pendant nos vacances.,Spero che il tempo sia bello durante le nostre vacanze.,"Ich hoffe, das Wetter ist gut während unseres Urlaubs.",Xīwàng wǒmen dùjià de shíhou tiānqì hěn hǎo.,希望我们度假的时候天气很好。,
721,B1,25,Food & Restaurants,Comida e Restaurantes,Comida y Restaurantes,Nourriture et Restaurants,Cibo e Ristoranti,Essen & Restaurants,饮食与餐厅,I’ve already made a reservation for eight o'clock.,Já fiz uma reserva para as oito horas.,Ya he hecho una reserva para las ocho en punto.,J'ai déjà fait une réservation pour huit heures.,Ho già fatto una prenotazione per le otto.,Ich habe bereits eine Reservierung für acht Uhr vorgenommen.,Wǒ yǐjīng dìng le bā diǎn de wèizi.,我已经订了八点的位子。,
722,B1,25,Food & Restaurants,Comida e Restaurantes,Comida y Restaurantes,Nourriture et Restaurants,Cibo e Ristoranti,Essen & Restaurants,饮食与餐厅,This is the best meal I have had in a long time.,Esta é a melhor refeição que tive em muito tempo.,Esta es la mejor comida que he tenido en mucho tiempo.,C'est le meilleur repas que j'ai pris depuis longtemps.,Questo è il miglior pasto che abbia mangiato da molto tempo.,"Das ist das beste Essen, das ich seit Langem hatte.",Zhè shì wǒ zhème cháng shíjiān yǐlái chīguo zuì hǎo de yī dùn fàn.,这是我这么长时间以来吃过最好的一顿饭。,
723,B1,25,Food & Restaurants,Comida e Restaurantes,Comida y Restaurantes,Nourriture et Restaurants,Cibo e Ristoranti,Essen & Restaurants,饮食与餐厅,Do you know if they have any gluten-free options?,Você sabe se eles têm alguma opção sem glúten?,¿Sabes si tienen alguna opción sin gluten?,Savez-vous s'ils ont des options sans gluten ?,Sai se hanno opzioni senza glutine?,"Wissen Sie, ob es glutenfreie Optionen gibt?",Nǐ zhīdào tāmen yǒu méiyǒu wúfūzhì càipǐn ma?,你知道他们有没有无麸质菜品吗？,
724,B1,25,Food & Restaurants,Comida e Restaurantes,Comida y Restaurantes,Nourriture et Restaurants,Cibo e Ristoranti,Essen & Restaurants,饮食与餐厅,I would like to try the dish that you recommended.,Eu gostaria de experimentar o prato que você recomendou.,Me gustaría probar el plato que recomendaste.,J'aimerais essayer le plat que vous avez recommandé.,Vorrei provare il piatto che hai consigliato.,"Ich würde gerne das Gericht probieren, das Sie empfohlen haben.",Wǒ xiǎng chángchang nǐ tuījiàn de nà dào cài.,我想尝尝你推荐的那道菜。,
725,B1,25,Food & Restaurants,Comida e Restaurantes,Comida y Restaurantes,Nourriture et Restaurants,Cibo e Ristoranti,Essen & Restaurants,饮食与餐厅,"The service was a bit slow, but the food was delicious.","O serviço foi um pouco lento, mas a comida estava deliciosa.","El servicio fue un poco lento, pero la comida estaba deliciosa.","Le service était un peu lent, mais la nourriture était délicieuse.","Il servizio è stato un po' lento, ma il cibo era delizioso.","Der Service war etwas langsam, aber das Essen war köstlich.","Fúwù yǒudiǎn màn, dàn cài hǎochī jí le.",服务有点慢，但菜好吃极了。,
726,B1,25,Food & Restaurants,Comida e Restaurantes,Comida y Restaurantes,Nourriture et Restaurants,Cibo e Ristoranti,Essen & Restaurants,饮食与餐厅,I’m not very fond of food that is too spicy.,Não sou muito fã de comida apimentada demais.,No me gusta mucho la comida demasiado picante.,Je ne suis pas très fan de nourriture trop épicée.,Non vado molto matto per il cibo troppo piccante.,Ich mag kein allzu scharfes Essen.,Wǒ bù tài xǐhuan chī tài là de dōngxi.,我不太喜欢吃太辣的东西。,
727,B1,25,Food & Restaurants,Comida e Restaurantes,Comida y Restaurantes,Nourriture et Restaurants,Cibo e Ristoranti,Essen & Restaurants,饮食与餐厅,Have you ever tried the local specialties of this region?,Você já experimentou as especialidades locais desta região?,¿Has probado alguna vez las especialidades locales de esta región?,Avez-vous déjà goûté aux spécialités locales de cette région ?,Hai mai provato le specialità locali di questa regione?,Hast du schon mal die lokalen Spezialitäten dieser Region probiert?,Nǐ chángguo zhèlǐ de tèsè měishí ma?,你尝过这里的特色美食吗？,
728,B1,25,Food & Restaurants,Comida e Restaurantes,Comida y Restaurantes,Nourriture et Restaurants,Cibo e Ristoranti,Essen & Restaurants,饮食与餐厅,"I’ll have the salad instead of the fries, please.","Vou querer a salada em vez das batatas fritas, por favor.","Tomaré la ensalada en lugar de las patatas fritas, por favor.","Je prendrai la salade au lieu des frites, s'il vous plaît.","Prenderò l'insalata invece delle patatine fritte, per favore.","Ich nehme den Salat anstelle der Pommes, bitte.","Qǐng bǎ shǔtiáo huànchéng shālā, xièxie.",请把薯条换成沙拉，谢谢。,
729,B1,25,Food & Restaurants,Comida e Restaurantes,Comida y Restaurantes,Nourriture et Restaurants,Cibo e Ristoranti,Essen & Restaurants,饮食与餐厅,We were wondering if we could have a table outside.,Estávamos nos perguntando se poderíamos ter uma mesa do lado de fora.,Nos preguntábamos si podríamos tener una mesa afuera.,Nous nous demandions si nous pouvions avoir une table à l'extérieur.,Ci chiedevamo se potessimo avere un tavolo all'aperto.,"Wir haben uns gefragt, ob wir einen Tisch draußen haben könnten.",Qǐngwèn wǒmen néng zuò zài shìwài ma?,请问我们能坐在室外吗？,
730,B1,25,Food & Restaurants,Comida e Restaurantes,Comida y Restaurantes,Nourriture et Restaurants,Cibo e Ristoranti,Essen & Restaurants,饮食与餐厅,I don't think I have ever tasted anything like this before.,Acho que nunca provei algo parecido com isso antes.,Creo que nunca he probado nada parecido antes.,Je ne pense pas avoir jamais goûté quelque chose de semblable auparavant.,Non credo di aver mai assaggiato niente di simile prima d'ora.,"Ich glaube nicht, dass ich jemals zuvor etwas Vergleichbares probiert habe.",Wǒ yǐqián hǎoxiàng cónglái méi chīguo zhèzhǒng wèidào.,我以前好像从来没吃过这种味道。,
731,B1,25,Food & Restaurants,Comida e Restaurantes,Comida y Restaurantes,Nourriture et Restaurants,Cibo e Ristoranti,Essen & Restaurants,饮食与餐厅,Could you bring us another bottle of sparkling water?,Você poderia nos trazer outra garrafa de água com gás?,¿Podrías traernos otra botella de agua con gas?,Pourriez-vous nous apporter une autre bouteille d'eau gazeuse ?,Potresti portarci un'altra bottiglia di acqua frizzante?,Könnten Sie uns bitte noch eine Flasche Mineralwasser bringen?,Néng zài bāng wǒmen shàng yī píng qìpàoshuǐ ma?,能再帮我们上一瓶气泡水吗？,
732,B1,25,Food & Restaurants,Comida e Restaurantes,Comida y Restaurantes,Nourriture et Restaurants,Cibo e Ristoranti,Essen & Restaurants,饮食与餐厅,"I am allergic to dairy, so I have to be careful.","Sou alérgico a laticínios, então tenho que ter cuidado.","Soy alérgico a los lácteos, así que tengo que tener cuidado.","Je suis allergique aux produits laitiers, je dois donc faire attention.","Sono allergico ai latticini, quindi devo stare attento.","Ich bin allergisch gegen Milchprodukte, also muss ich vorsichtig sein.","Wǒ duì rǔzhìpǐn guòmǐn, suǒyǐ děi xiǎoxīn.",我对乳制品过敏，所以得小心。,
733,B1,25,Food & Restaurants,Comida e Restaurantes,Comida y Restaurantes,Nourriture et Restaurants,Cibo e Ristoranti,Essen & Restaurants,饮食与餐厅,The restaurant was much more expensive than the last one.,O restaurante era muito mais caro do que o anterior.,El restaurante era mucho más caro que el último.,Le restaurant était beaucoup plus cher que le précédent.,Il ristorante era molto più caro del precedente.,Das Restaurant war viel teurer als das letzte.,Zhè jiā cāntīng bǐ shàng yī jiā guì duō le.,这家餐厅比上一家贵多了。,
734,B1,25,Food & Restaurants,Comida e Restaurantes,Comida y Restaurantes,Nourriture et Restaurants,Cibo e Ristoranti,Essen & Restaurants,饮食与餐厅,Do you prefer sweet or savory snacks?,Você prefere lanches doces ou salgados?,¿Prefieres los aperitivos dulces o salados?,Préférez-vous les collations sucrées ou salées ?,Preferisci snack dolci o salati?,Magst du lieber süße oder herzhafte Snacks?,Nǐ gèng xǐhuan chī tián de háishì xián de língshí?,你更喜欢吃甜的还是咸的零食？,
735,B1,25,Food & Restaurants,Comida e Restaurantes,Comida y Restaurantes,Nourriture et Restaurants,Cibo e Ristoranti,Essen & Restaurants,饮食与餐厅,I’ve heard that the seafood here is excellent.,Ouvi dizer que os frutos do mar aqui são excelentes.,He oído que el marisco aquí es excelente.,J'ai entendu dire que les fruits de mer sont excellents ici.,Ho sentito dire che i frutti di mare qui sono eccellenti.,"Ich habe gehört, dass die Meeresfrüchte hier ausgezeichnet sind.",Wǒ tīngshuō zhèlǐ de hǎixiān fēicháng bàng.,我听说这里的海鲜非常棒。,
736,B1,25,Food & Restaurants,Comida e Restaurantes,Comida y Restaurantes,Nourriture et Restaurants,Cibo e Ristoranti,Essen & Restaurants,饮食与餐厅,"Can we have the dessert menu, please?","Podemos ver o cardápio de sobremesas, por favor?","¿Podemos ver la carta de postres, por favor?","Pouvons-nous avoir la carte des desserts, s'il vous plaît ?","Possiamo avere il menù dei dolci, per favore?",Können wir bitte die Dessertkarte haben?,Néng gěi wǒmen ná yīxià tiánpǐndān ma?,能给我们拿一下甜品单吗？,
737,B1,25,Food & Restaurants,Comida e Restaurantes,Comida y Restaurantes,Nourriture et Restaurants,Cibo e Ristoranti,Essen & Restaurants,饮食与餐厅,I’m trying to cut down on the amount of sugar I eat.,Estou tentando reduzir a quantidade de açúcar que como.,Estoy intentando reducir la cantidad de azúcar que como.,J'essaie de réduire ma consommation de sucre.,Sto cercando di ridurre la quantità di zucchero che mangio.,"Ich versuche, die Menge an Zucker, die ich esse, zu reduzieren.",Wǒ zhèng shìzhe shǎo chī diǎn táng.,我正试着少吃点糖。,
738,B1,25,Food & Restaurants,Comida e Restaurantes,Comida y Restaurantes,Nourriture et Restaurants,Cibo e Ristoranti,Essen & Restaurants,饮食与餐厅,The meat was cooked exactly the way I like it.,A carne estava cozida exatamente como eu gosto.,La carne estaba cocinada exactamente como me gusta.,La viande était cuite exactement comme je l'aime.,La carne era cotta esattamente come piace a me.,"Das Fleisch war genau so zubereitet, wie ich es mag.",Ròu jiān de gānghǎo shì wǒ xǐhuan de shúdù.,肉煎得刚好是我喜欢的熟度。,
739,B1,25,Food & Restaurants,Comida e Restaurantes,Comida y Restaurantes,Nourriture et Restaurants,Cibo e Ristoranti,Essen & Restaurants,饮食与餐厅,Is it possible to have the dressing on the side?,É possível vir com o molho à parte?,¿Es posible que el aderezo venga aparte?,Est-il possible d'avoir la sauce à part ?,È possibile avere il condimento a parte?,"Ist es möglich, das Dressing separat zu bekommen?",Jiàngzhī néng bāng wǒ fēnkāi fàng ma?,酱汁能帮我分开放吗？,
740,B1,25,Food & Restaurants,Comida e Restaurantes,Comida y Restaurantes,Nourriture et Restaurants,Cibo e Ristoranti,Essen & Restaurants,饮食与餐厅,I’ve been learning how to make my own bread.,Tenho aprendido a fazer meu próprio pão.,He estado aprendiendo a hacer mi propio pan.,J'ai appris à faire mon propre pain.,Sto imparando a fare il pane in casa.,"Ich habe gelernt, mein eigenes Brot zu backen.",Wǒ yīzhí zài xuézhe zìjǐ zuò miànbāo.,我一直在学着自己做面包。,
741,B1,25,Food & Restaurants,Comida e Restaurantes,Comida y Restaurantes,Nourriture et Restaurants,Cibo e Ristoranti,Essen & Restaurants,饮食与餐厅,What is the most popular restaurant in this town?,Qual é o restaurante mais popular desta cidade?,¿Cuál es el restaurante más popular de este pueblo?,Quel est le restaurant le plus populaire de cette ville ?,Qual è il ristorante più popolare di questa città?,Was ist das beliebteste Restaurant in dieser Stadt?,Zhège zhèn shàng zuì huǒ de cāntīng shì nǎ jiā?,这个镇上最火的餐厅是哪家？,
742,B1,25,Food & Restaurants,Comida e Restaurantes,Comida y Restaurantes,Nourriture et Restaurants,Cibo e Ristoranti,Essen & Restaurants,饮食与餐厅,I don't usually eat such a big lunch.,Geralmente não como um almoço tão grande.,No suelo comer un almuerzo tan grande.,Je n'ai pas l'habitude de prendre un déjeuner aussi copieux.,Di solito non faccio un pranzo così abbondante.,Normalerweise esse ich nicht so ein großes Mittagessen.,Wǒ tōngcháng wǔfàn bù chī nàme duō.,我通常午饭不吃那么多。,
743,B1,25,Food & Restaurants,Comida e Restaurantes,Comida y Restaurantes,Nourriture et Restaurants,Cibo e Ristoranti,Essen & Restaurants,饮食与餐厅,The atmosphere in the cafe was very cozy and quiet.,O ambiente no café era muito aconchegante e calmo.,El ambiente en la cafetería era muy acogedor y tranquilo.,L'ambiance dans le café était très chaleureuse et calme.,L'atmosfera nel caffè era molto accogliente e tranquilla.,Die Atmosphäre im Café war sehr gemütlich und ruhig.,"Kāfēitīng de fēnwéi hěn wēnxīn, hěn ānjìng.",咖啡厅的氛围很温馨、很安静。,
744,B1,25,Food & Restaurants,Comida e Restaurantes,Comida y Restaurantes,Nourriture et Restaurants,Cibo e Ristoranti,Essen & Restaurants,饮食与餐厅,"I’d like to order a pizza for delivery, please.","Eu gostaria de pedir uma pizza para entrega, por favor.","Me gustaría pedir una pizza a domicilio, por favor.","J'aimerais commander une pizza en livraison, s'il vous plaît.","Vorrei ordinare una pizza a domicilio, per favore.","Ich möchte bitte eine Pizza bestellen, zum Liefern.","Wǒ xiǎng diǎn fèn pīsà wàimài, xièxie.",我想点份披萨外卖，谢谢。,
745,B1,25,Food & Restaurants,Comida e Restaurantes,Comida y Restaurantes,Nourriture et Restaurants,Cibo e Ristoranti,Essen & Restaurants,饮食与餐厅,Do you have a fixed price menu for lunch?,Vocês têm um menu de almoço com preço fixo?,¿Tienen un menú de precio fijo para el almuerzo?,Avez-vous un menu déjeuner à prix fixe ?,Avete un menù per il pranzo a prezzo fisso?,Haben Sie ein Mittagsmenü zum Festpreis?,Nǐmen yǒu wǔshì tàocàn ma?,你们有午市套餐吗？,
746,B1,25,Food & Restaurants,Comida e Restaurantes,Comida y Restaurantes,Nourriture et Restaurants,Cibo e Ristoranti,Essen & Restaurants,饮食与餐厅,I’m not sure if I like the taste of this sauce.,Não tenho certeza se gosto do sabor deste molho.,No estoy seguro de si me gusta el sabor de esta salsa.,Je ne suis pas sûr d'aimer le goût de cette sauce.,Non sono sicuro che mi piaccia il sapore di questa salsa.,"Ich bin mir nicht sicher, ob mir diese Sauce schmeckt.",Wǒ hǎoxiàng bù tài xǐhuan zhèzhǒng jiàng de wèidào.,我好像不太喜欢这种酱的味道。,
747,B1,25,Food & Restaurants,Comida e Restaurantes,Comida y Restaurantes,Nourriture et Restaurants,Cibo e Ristoranti,Essen & Restaurants,饮食与餐厅,We had a wonderful dinner to celebrate his birthday.,Tivemos um jantar maravilhoso para comemorar o aniversário dele.,Tuvimos una cena maravillosa para celebrar su cumpleaños.,Nous avons eu un merveilleux dîner pour fêter son anniversaire.,Abbiamo cenato magnificamente per festeggiare il suo compleanno.,"Wir hatten ein wunderbares Abendessen, um seinen Geburtstag zu feiern.",Wǒmen chī le yī dùn dàcān lái qìngzhù tā de shēngrì.,我们吃了一顿大餐来庆祝他的生日。,
748,B1,25,Food & Restaurants,Comida e Restaurantes,Comida y Restaurantes,Nourriture et Restaurants,Cibo e Ristoranti,Essen & Restaurants,饮食与餐厅,Is the service charge included in the bill?,A taxa de serviço está incluída na conta?,¿Está incluido el cargo por servicio en la cuenta?,Le service est-il compris dans l'addition ?,Il servizio è incluso nel conto?,Ist die Servicegebühr in der Rechnung enthalten?,Zhàngdān lǐ bāohán fúwùfèi ma?,账单里包含服务费吗？,
749,B1,25,Food & Restaurants,Comida e Restaurantes,Comida y Restaurantes,Nourriture et Restaurants,Cibo e Ristoranti,Essen & Restaurants,饮食与餐厅,I’ll pay for the drinks if you pay for the food.,Eu pago as bebidas se você pagar a comida.,Yo pago las bebidas si tú pagas la comida.,Je paie les boissons si tu paies la nourriture.,Pago io da bere se tu paghi da mangiare.,"Ich bezahle die Getränke, wenn du das Essen bezahlst.","Nǐ fù fànqián, wǒ lái fù yǐnliàoqián.",你付饭钱，我来付饮料钱。,
750,B1,25,Food & Restaurants,Comida e Restaurantes,Comida y Restaurantes,Nourriture et Restaurants,Cibo e Ristoranti,Essen & Restaurants,饮食与餐厅,I’ve never been a big fan of fast food.,Nunca fui um grande fã de fast food.,Nunca he sido un gran fan de la comida rápida.,Je n'ai jamais été un grand fan de restauration rapide.,Non sono mai stato un grande fan del fast food.,Ich war noch nie ein großer Fan von Fast Food.,Wǒ cónglái dōu bù tài xǐhuan chī kuàicān.,我从来都不太喜欢吃快餐。,
751,B1,26,Shopping & Money,Compras e Dinheiro,Compras y Dinero,Achats et Argent,Acquisti e Denaro,Einkaufen & Geld,购物与金钱,I’m looking for a pair of shoes that are comfortable.,Estou procurando um par de sapatos que sejam confortáveis.,Estoy buscando un par de zapatos que sean cómodos.,Je cherche une paire de chaussures confortables.,Sto cercando un paio di scarpe comode.,"Ich suche ein Paar Schuhe, die bequem sind.",Wǒ zài zhǎo yī shuāng chuānzhe shūfu de xié.,我在找一双穿着舒服的鞋。,
752,B1,26,Shopping & Money,Compras e Dinheiro,Compras y Dinero,Achats et Argent,Acquisti e Denaro,Einkaufen & Geld,购物与金钱,Do you have this in a size larger than this one?,Você tem isso em um tamanho maior que este?,¿Tienes esto en una talla más grande que esta?,Avez-vous ceci dans une taille au-dessus ?,Avete questo in una taglia più grande di questa?,Haben Sie das eine Nummer größer?,Zhège yǒu bǐ tā dà yī hào de ma?,这个有比它大一号的吗？,
753,B1,26,Shopping & Money,Compras e Dinheiro,Compras y Dinero,Achats et Argent,Acquisti e Denaro,Einkaufen & Geld,购物与金钱,I’ve been thinking about buying a new laptop recently.,Tenho pensado em comprar um laptop novo recentemente.,He estado pensando en comprar un portátil nuevo recientemente.,J'ai pensé à acheter un nouvel ordinateur portable récemment.,Ultimamente ho pensato di comprare un nuovo computer portatile.,"Ich habe in letzter Zeit darüber nachgedacht, einen neuen Laptop zu kaufen.",Wǒ zuìjìn yīzhí zài kǎolǜ mǎi tái xīn bǐjìběn diànnǎo.,我最近一直在考虑买台新笔记本电脑。,
754,B1,26,Shopping & Money,Compras e Dinheiro,Compras y Dinero,Achats et Argent,Acquisti e Denaro,Einkaufen & Geld,购物与金钱,I don't think I can afford to buy that at the moment.,Acho que não posso pagar por isso no momento.,No creo que pueda permitirme comprar eso en este momento.,Je ne pense pas pouvoir me permettre d'acheter ça pour le moment.,Non credo di potermelo permettere al momento.,"Ich glaube nicht, dass ich mir das im Moment leisten kann.",Wǒ juéde wǒ xiànzài hái mǎibuqǐ nàge.,我觉得我现在还买不起那个。,
755,B1,26,Shopping & Money,Compras e Dinheiro,Compras y Dinero,Achats et Argent,Acquisti e Denaro,Einkaufen & Geld,购物与金钱,Is it possible to get a refund if I change my mind?,É possível obter um reembolso se eu mudar de ideia?,¿Es posible obtener un reembolso si cambio de opinión?,Est-il possible d'obtenir un remboursement si je change d'avis ?,È possibile ottenere un rimborso se cambio idea?,"Ist eine Rückerstattung möglich, wenn ich es mir anders überlege?","Rúguǒ wǒ gǎibiàn zhǔyi le, kěyǐ tuìkuǎn ma?",如果我改变主意了，可以退款吗？,
756,B1,26,Shopping & Money,Compras e Dinheiro,Compras y Dinero,Achats et Argent,Acquisti e Denaro,Einkaufen & Geld,购物与金钱,I’m trying to save as much money as I can for my trip.,Estou tentando economizar o máximo de dinheiro que posso para minha viagem.,Estoy intentando ahorrar todo el dinero que pueda para mi viaje.,J'essaie d'économiser autant d'argent que possible pour mon voyage.,Sto cercando di risparmiare quanti più soldi possibile per il mio viaggio.,"Ich versuche, so viel Geld wie möglich für meine Reise zu sparen.","Wèile zhè cì lǚxíng, wǒ zhèng jìnliàng duō shěng diǎn qián.",为了这次旅行，我正尽量多省点钱。,
757,B1,26,Shopping & Money,Compras e Dinheiro,Compras y Dinero,Achats et Argent,Acquisti e Denaro,Einkaufen & Geld,购物与金钱,The shop was so busy that I decided to leave.,A loja estava tão cheia que decidi ir embora.,La tienda estaba tan llena que decidí irme.,Le magasin était si bondé que j'ai décidé de partir.,Il negozio era così affollato che ho deciso di andarmene.,"Der Laden war so voll, dass ich beschlossen habe, zu gehen.","Diàn lǐ rén tài duō le, wǒ jiù xiān zǒu le.",店里人太多了，我就先走了。,
758,B1,26,Shopping & Money,Compras e Dinheiro,Compras y Dinero,Achats et Argent,Acquisti e Denaro,Einkaufen & Geld,购物与金钱,I’ve already spent my budget for this month.,Já gastei meu orçamento para este mês.,Ya he gastado mi presupuesto para este mes.,J'ai déjà dépensé mon budget pour ce mois-ci.,Ho già esaurito il mio budget per questo mese.,Ich habe mein Budget für diesen Monat bereits aufgebraucht.,Wǒ zhège yuè de yùsuàn yǐjīng yòngguāng le.,我这个月的预算已经用光了。,
759,B1,26,Shopping & Money,Compras e Dinheiro,Compras y Dinero,Achats et Argent,Acquisti e Denaro,Einkaufen & Geld,购物与金钱,Do you know where the nearest post office is?,Você sabe onde fica o correio mais próximo?,¿Sabes dónde está la oficina de correos más cercana?,Savez-vous où se trouve le bureau de poste le plus proche ?,Sai dove si trova l'ufficio postale più vicino?,"Wissen Sie, wo die nächste Post ist?",Nǐ zhīdào zuìjìn de yóujú zài nǎlǐ ma?,你知道最近的邮局在哪里吗？,
760,B1,26,Shopping & Money,Compras e Dinheiro,Compras y Dinero,Achats et Argent,Acquisti e Denaro,Einkaufen & Geld,购物与金钱,I’d like to exchange this shirt for a smaller one.,Eu gostaria de trocar esta camisa por uma menor.,Me gustaría cambiar esta camisa por una más pequeña.,J'aimerais échanger cette chemise contre une plus petite.,Vorrei cambiare questa camicia con una più piccola.,Ich würde dieses Hemd gerne gegen ein kleineres umtauschen.,Wǒ xiǎng bǎ zhè jiàn chènshān huànchéng xiǎohào de.,我想把这件衬衫换成小号的。,
761,B1,26,Shopping & Money,Compras e Dinheiro,Compras y Dinero,Achats et Argent,Acquisti e Denaro,Einkaufen & Geld,购物与金钱,The price was much lower than I had expected.,O preço foi muito mais baixo do que eu esperava.,El precio fue mucho más bajo de lo que esperaba.,Le prix était bien inférieur à ce que j'espérais.,Il prezzo era molto più basso di quanto mi aspettassi.,"Der Preis war viel niedriger, als ich erwartet hatte.",Jiàgé bǐ wǒ xiǎngxiàng de piányi duō le.,价格比我想象的便宜多了。,
762,B1,26,Shopping & Money,Compras e Dinheiro,Compras y Dinero,Achats et Argent,Acquisti e Denaro,Einkaufen & Geld,购物与金钱,I usually compare prices online before I buy anything.,Eu geralmente comparo preços online antes de comprar qualquer coisa.,Suelo comparar precios por internet antes de comprar cualquier cosa.,Je compare généralement les prix en ligne avant d'acheter quoi que ce soit.,Di solito confronto i prezzi online prima di comprare qualcosa.,"Normalerweise vergleiche ich die Preise online, bevor ich etwas kaufe.",Wǒ mǎi dōngxi qián tōngcháng huì xiān zài wǎngshàng bǐbijia.,我买东西前通常会先在网上比比价。,
763,B1,26,Shopping & Money,Compras e Dinheiro,Compras y Dinero,Achats et Argent,Acquisti e Denaro,Einkaufen & Geld,购物与金钱,Is there a discount for students or senior citizens?,Há desconto para estudantes ou idosos?,¿Hay algún descuento para estudiantes o personas mayores?,Y a-t-il une réduction pour les étudiants ou les seniors ?,C'è uno sconto per studenti o anziani?,Gibt es eine Ermäßigung für Studenten oder Senioren?,Xuéshēng huò lǎorén yǒu yōuhuì ma?,学生或老人有优惠吗？,
764,B1,26,Shopping & Money,Compras e Dinheiro,Compras y Dinero,Achats et Argent,Acquisti e Denaro,Einkaufen & Geld,购物与金钱,I’ve lost my receipt; can I still return this item?,Perdi meu recibo; ainda posso devolver este item?,He perdido mi recibo; ¿puedo devolver este artículo todavía?,J'ai perdu mon reçu ; puis-je quand même retourner cet article ?,Ho perso lo scontrino; posso ancora restituire questo articolo?,Ich habe meinen Beleg verloren; kann ich diesen Artikel trotzdem zurückgeben?,"Wǒ de xiǎopiào diū le, hái néng tuìhuò ma?",我的小票丢了，还能退货吗？,
765,B1,26,Shopping & Money,Compras e Dinheiro,Compras y Dinero,Achats et Argent,Acquisti e Denaro,Einkaufen & Geld,购物与金钱,I’m not sure if this color suits me very well.,Não tenho certeza se esta cor fica muito bem em mim.,No estoy seguro de si este color me queda muy bien.,Je ne suis pas sûr que cette couleur me convienne très bien.,Non sono sicuro che questo colore mi stia bene.,"Ich bin mir nicht sicher, ob mir diese Farbe steht.",Wǒ juéde zhège yánsè hǎoxiàng bù tài shìhé wǒ.,我觉得这个颜色好像不太适合我。,
766,B1,26,Shopping & Money,Compras e Dinheiro,Compras y Dinero,Achats et Argent,Acquisti e Denaro,Einkaufen & Geld,购物与金钱,Do you have any of these items in stock?,Você tem algum desses itens em estoque?,¿Tienes alguno de estos artículos en stock?,Avez-vous certains de ces articles en stock ?,Avete alcuni di questi articoli in magazzino?,Haben Sie davon etwas auf Lager?,Zhè kuǎn hái yǒu xiànhuò ma?,这款还有现货吗？,
767,B1,26,Shopping & Money,Compras e Dinheiro,Compras y Dinero,Achats et Argent,Acquisti e Denaro,Einkaufen & Geld,购物与金钱,I’ve been using this credit card for a long time.,Uso este cartão de crédito há muito tempo.,He estado usando esta tarjeta de crédito durante mucho tiempo.,J'utilise cette carte de crédit depuis longtemps.,Uso questa carta di credito da molto tempo.,Ich benutze diese Kreditkarte schon seit langer Zeit.,Zhè zhāng xìnyòngkǎ wǒ yǐjīng yòng hěnjiǔ le.,这张信用卡我已经用很久了。,
768,B1,26,Shopping & Money,Compras e Dinheiro,Compras y Dinero,Achats et Argent,Acquisti e Denaro,Einkaufen & Geld,购物与金钱,I’d like to speak to the manager about this problem.,Gostaria de falar com o gerente sobre este problema.,Me gustaría hablar con el gerente sobre este problema.,J'aimerais parler au directeur de ce problème.,Vorrei parlare con il manager di questo problema.,Ich würde gerne mit dem Manager über dieses Problem sprechen.,Wǒ xiǎng hé jīnglǐ tántan zhège wèntí.,我想和经理谈谈这个问题。,
769,B1,26,Shopping & Money,Compras e Dinheiro,Compras y Dinero,Achats et Argent,Acquisti e Denaro,Einkaufen & Geld,购物与金钱,The quality of the products is not as good as it used to be.,A qualidade dos produtos não é tão boa quanto costumava ser.,La calidad de los productos no es tan buena como solía ser.,La qualité des produits n'est plus aussi bonne qu'avant.,La qualità dei prodotti non è buona come una volta.,Die Qualität der Produkte ist nicht mehr so gut wie früher.,Chǎnpǐn de zhìliàng bùrú yǐqián le.,产品的质量不如以前了。,
770,B1,26,Shopping & Money,Compras e Dinheiro,Compras y Dinero,Achats et Argent,Acquisti e Denaro,Einkaufen & Geld,购物与金钱,I’m looking for a gift that is both useful and beautiful.,Estou procurando um presente que seja útil e bonito.,Estoy buscando un regalo que sea útil y bonito.,Je cherche un cadeau qui soit à la fois utile et beau.,Sto cercando un regalo che sia utile e bello.,"Ich suche ein Geschenk, das sowohl nützlich als auch schön ist.",Wǒ xiǎng tiāo yī jiàn jì shíyòng yòu hǎokàn de lǐwù.,我想挑一件既实用又好看的礼物。,
771,B1,26,Shopping & Money,Compras e Dinheiro,Compras y Dinero,Achats et Argent,Acquisti e Denaro,Einkaufen & Geld,购物与金钱,Is it cheaper to buy these things in bulk?,É mais barato comprar essas coisas em grande quantidade?,¿Es más barato comprar estas cosas al por mayor?,Est-ce moins cher d'acheter ces choses en gros ?,È più economico comprare queste cose all'ingrosso?,"Ist es billiger, diese Dinge in großen Mengen zu kaufen?",Pīliàng mǎi huì gèng piányi ma?,批量买会更便宜吗？,
772,B1,26,Shopping & Money,Compras e Dinheiro,Compras y Dinero,Achats et Argent,Acquisti e Denaro,Einkaufen & Geld,购物与金钱,I’ve decided to stop buying things I don't need.,Decidi parar de comprar coisas que não preciso.,He decidido dejar de comprar cosas que no necesito.,J'ai décidé d'arrêter d'acheter des choses dont je n'ai pas besoin.,Ho deciso di smettere di comprare cose di cui non ho bisogno.,"Ich habe beschlossen, keine Dinge mehr zu kaufen, die ich nicht brauche.",Wǒ juédìng yǐhòu bù zài mǎi bù xūyào de dōngxi le.,我决定以后不再买不需要的东西了。,
773,B1,26,Shopping & Money,Compras e Dinheiro,Compras y Dinero,Achats et Argent,Acquisti e Denaro,Einkaufen & Geld,购物与金钱,Do you accept payments through mobile apps?,Vocês aceitam pagamentos por aplicativos de celular?,¿Aceptáis pagos a través de aplicaciones móviles?,Acceptez-vous les paiements par application mobile ?,Accettate pagamenti tramite app mobili?,Akzeptieren Sie Zahlungen über mobile Apps?,Nǐmen zhīchí shǒujī zhīfù ma?,你们支持手机支付吗？,
774,B1,26,Shopping & Money,Compras e Dinheiro,Compras y Dinero,Achats et Argent,Acquisti e Denaro,Einkaufen & Geld,购物与金钱,I’m waiting for the summer sales to start.,Estou esperando as liquidações de verão começarem.,Estoy esperando a que empiecen las rebajas de verano.,J'attends que les soldes d'été commencent.,Aspetto l'inizio dei saldi estivi.,"Ich warte darauf, dass der Sommerschlussverkauf beginnt.",Wǒ zài děng xiàjì cùxiāo kāishǐ.,我在等夏季促销开始。,
775,B1,26,Shopping & Money,Compras e Dinheiro,Compras y Dinero,Achats et Argent,Acquisti e Denaro,Einkaufen & Geld,购物与金钱,The store is located just around the corner from here.,A loja fica logo ali na esquina.,La tienda está ubicada justo a la vuelta de la esquina de aquí.,Le magasin est situé juste au coin de la rue.,Il negozio si trova proprio dietro l'angolo da qui.,Der Laden befindet sich gleich um die Ecke von hier.,Diàn jiù zài qiánmiàn zhuǎnjiǎochù.,店就在前面转角处。,
776,B1,26,Shopping & Money,Compras e Dinheiro,Compras y Dinero,Achats et Argent,Acquisti e Denaro,Einkaufen & Geld,购物与金钱,I’ve been looking for this book everywhere!,Estive procurando este livro em todos os lugares!,¡He estado buscando este libro por todas partes!,J'ai cherché ce livre partout !,Ho cercato questo libro ovunque!,Ich habe überall nach diesem Buch gesucht!,Wǒ dàochù dōu zài zhǎo zhè běn shū!,我到处都在找这本书！,
777,B1,26,Shopping & Money,Compras e Dinheiro,Compras y Dinero,Achats et Argent,Acquisti e Denaro,Einkaufen & Geld,购物与金钱,I don't have enough cash to pay for the taxi.,Não tenho dinheiro vivo suficiente para pagar o táxi.,No tengo suficiente efectivo para pagar el taxi.,Je n'ai pas assez d'argent liquide pour payer le taxi.,Non ho abbastanza contanti per pagare il taxi.,"Ich habe nicht genug Bargeld, um das Taxi zu bezahlen.",Wǒ shēnshang de xiànjīn bù gòu fù chūzūchē fèi.,我身上的现金不够付出租车费。,
778,B1,26,Shopping & Money,Compras e Dinheiro,Compras y Dinero,Achats et Argent,Acquisti e Denaro,Einkaufen & Geld,购物与金钱,Can you tell me where the fitting rooms are?,Você pode me dizer onde ficam os provadores?,¿Me puedes decir dónde están los probadores?,Pouvez-vous me dire où se trouvent les cabines d'essayage ?,Puoi dirmi dove sono i camerini?,"Können Sie mir sagen, wo die Umkleidekabinen sind?",Qǐngwèn shìyījiān zài nǎr?,请问试衣间在哪儿？,
779,B1,26,Shopping & Money,Compras e Dinheiro,Compras y Dinero,Achats et Argent,Acquisti e Denaro,Einkaufen & Geld,购物与金钱,I’m not very good at managing my personal finances.,Não sou muito bom em administrar minhas finanças pessoais.,No soy muy bueno gestionando mis finanzas personales.,Je ne suis pas très doué pour gérer mes finances personnelles.,Non sono molto bravo a gestire le mie finanze personali.,"Ich bin nicht sehr gut darin, meine persönlichen Finanzen zu verwalten.",Wǒ bù tài shàncháng lǐcái.,我不太擅长理财。,
780,B1,26,Shopping & Money,Compras e Dinheiro,Compras y Dinero,Achats et Argent,Acquisti e Denaro,Einkaufen & Geld,购物与金钱,I’d like to open a savings account at this bank.,Gostaria de abrir uma conta poupança neste banco.,Me gustaría abrir una cuenta de ahorros en este banco.,J'aimerais ouvrir un compte d'épargne dans cette banque.,Vorrei aprire un conto di risparmio in questa banca.,Ich würde gerne ein Sparkonto bei dieser Bank eröffnen.,Wǒ xiǎng zài zhè jiā yínháng kāi gè chǔxù zhànghù.,我想在这家银行开个储蓄账户。,
781,B1,27,Work & Study,Trabalho e Estudo,Trabajo y Estudio,Travail et Études,Lavoro e Studio,Arbeit & Studium,工作与学习,I have been working for this company for five years.,Trabalho nesta empresa há cinco anos.,Llevo cinco años trabajando para esta empresa.,Je travaille pour cette entreprise depuis cinq ans.,Lavoro per questa azienda da cinque anni.,Ich arbeite seit fünf Jahren für dieses Unternehmen.,Wǒ zài zhè jiā gōngsī gōngzuò wǔ nián le.,我在这家公司工作五年了。,
782,B1,27,Work & Study,Trabalho e Estudo,Trabajo y Estudio,Travail et Études,Lavoro e Studio,Arbeit & Studium,工作与学习,She is studying for a degree in international relations.,Ela está cursando relações internacionais.,Ella está estudiando un grado en relaciones internacionales.,Elle étudie pour obtenir un diplôme en relations internationales.,Lei sta studiando per una laurea in relazioni internazionali.,Sie studiert Internationale Beziehungen.,Tā zhèngzài gōngdú guójì guānxì xuéwèi.,她正在攻读国际关系学位。,
783,B1,27,Work & Study,Trabalho e Estudo,Trabajo y Estudio,Travail et Études,Lavoro e Studio,Arbeit & Studium,工作与学习,I was wondering if you could help me with this report.,Eu estava me perguntando se você poderia me ajudar com este relatório.,Me preguntaba si podrías ayudarme con este informe.,Je me demandais si vous pouviez m'aider pour ce rapport.,Mi chiedevo se potessi aiutarmi con questo rapporto.,"Ich habe mich gefragt, ob du mir bei diesem Bericht helfen könntest.",Néng máfan nǐ bāng wǒ kàn yīxià zhè fèn bàogào.,能麻烦你帮我看一下这份报告吗？,
784,B1,27,Work & Study,Trabalho e Estudo,Trabajo y Estudio,Travail et Études,Lavoro e Studio,Arbeit & Studium,工作与学习,The meeting has been rescheduled for tomorrow morning.,A reunião foi remarcada para amanhã de manhã.,La reunión se ha reprogramado para mañana por la mañana.,La réunion a été reportée à demain matin.,La riunione è stata spostata a domani mattina.,Das Treffen wurde auf morgen früh verschoben.,Huìyì gǎi dào míngtiān zǎoshang le.,会议改到明天早上了。,
785,B1,27,Work & Study,Trabalho e Estudo,Trabajo y Estudio,Travail et Études,Lavoro e Studio,Arbeit & Studium,工作与学习,I’m not very satisfied with my current job.,Não estou muito satisfeito com meu trabalho atual.,No estoy muy satisfecho con mi trabajo actual.,Je ne suis pas très satisfait de mon travail actuel.,Non sono molto soddisfatto del mio attuale lavoro.,Ich bin mit meinem jetzigen Job nicht sehr zufrieden.,Wǒ duì mùqián de gōngzuò bù tài mǎnyì.,我对目前的工作不太满意。,
786,B1,27,Work & Study,Trabalho e Estudo,Trabajo y Estudio,Travail et Études,Lavoro e Studio,Arbeit & Studium,工作与学习,He has been offered a promotion at the London office.,Ele recebeu uma oferta de promoção no escritório de Londres.,A él le han ofrecido un ascenso en la oficina de Londres.,On lui a proposé une promotion au bureau de Londres.,Gli è stata offerta una promozione nell'ufficio di Londra.,Ihm wurde eine Beförderung im Londoner Büro angeboten.,Tā huòdé le zài Lúndūn bàngōngshì shēngzhí de jīhuì.,他获得了在伦敦办公室升职的机会。,
787,B1,27,Work & Study,Trabalho e Estudo,Trabajo y Estudio,Travail et Études,Lavoro e Studio,Arbeit & Studium,工作与学习,Do you think it’s possible to learn a language in a year?,Você acha que é possível aprender uma língua em um ano?,¿Crees que es posible aprender un idioma en un año?,Pensez-vous qu'il soit possible d'apprendre une langue en un an ?,Pensi che sia possibile imparare una lingua in un anno?,"Glaubst du, dass es möglich ist, eine Sprache in einem Jahr zu lernen?",Nǐ juéde yī nián shíjiān néng xuéhuì yī mén wàiyǔ ma?,你觉得一年时间能学会一门外语吗？,
788,B1,27,Work & Study,Trabalho e Estudo,Trabajo y Estudio,Travail et Études,Lavoro e Studio,Arbeit & Studium,工作与学习,I’m planning to take a course in web development.,Estou planejando fazer um curso de desenvolvimento web.,Tengo planeado hacer un curso de desarrollo web.,Je prévois de suivre un cours de développement web.,Sto pianificando di fare un corso di sviluppo web.,"Ich plane, einen Kurs in Webentwicklung zu machen.",Wǒ dǎsuàn bào yī mén wǎngyè kāifā kèchéng.,我打算报一门网页开发课程。,
789,B1,27,Work & Study,Trabalho e Estudo,Trabajo y Estudio,Travail et Études,Lavoro e Studio,Arbeit & Studium,工作与学习,The project was finished on time and under budget.,O projeto foi concluído no prazo e dentro do orçamento.,El proyecto se terminó a tiempo y dentro del presupuesto.,Le projet a été terminé à temps et en respectant le budget.,Il progetto è stato completato in tempo e nel rispetto del budget.,Das Projekt wurde pünktlich und im Rahmen des Budgets abgeschlossen.,"Xiàngmù ànshí wánchéng le, érqiě méiyǒu chāo yùsuàn.",项目按时完成了，而且没有超预算。,
790,B1,27,Work & Study,Trabalho e Estudo,Trabajo y Estudio,Travail et Études,Lavoro e Studio,Arbeit & Studium,工作与学习,I’ve been looking for a new job for several months.,Estou procurando um novo emprego há vários meses.,He estado buscando un nuevo trabajo durante varios meses.,Je cherche un nouvel emploi depuis plusieurs mois.,Sto cercando un nuovo lavoro da diversi mesi.,Ich suche seit mehreren Monaten nach einem neuen Job.,Wǒ yǐjīng zhǎo xīn gōngzuò hǎojǐ ge yuè le.,我已经找新工作好几个月了。,
791,B1,27,Work & Study,Trabalho e Estudo,Trabajo y Estudio,Travail et Études,Lavoro e Studio,Arbeit & Studium,工作与学习,She is the most experienced person on our team.,Ela é a pessoa mais experiente da nossa equipe.,Ella es la persona con más experiencia de nuestro equipo.,C'est la personne la plus expérimentée de notre équipe.,Lei è la persona con più esperienza nel nostro team.,Sie ist die Erfahrenste in unserem Team.,Tā shì wǒmen tuánduì lǐ jīngyàn zuì fēngfù de rén.,她是我们团队里经验最丰富的人。,
792,B1,27,Work & Study,Trabalho e Estudo,Trabajo y Estudio,Travail et Études,Lavoro e Studio,Arbeit & Studium,工作与学习,I have to finish this presentation by the end of the day.,Tenho que terminar esta apresentação até o final do dia.,Tengo que terminar esta presentación para el final del día.,Je dois finir cette présentation d'ici la fin de la journée.,Devo finire questa presentazione entro la fine della giornata.,Ich muss diese Präsentation bis zum Ende des Tages fertigstellen.,Wǒ děi zài jīntiān xiàbān qián bǎ zhège yǎnshì wéngǎo zuòwán.,我得在今天下班前把这个演示文稿做完。,
793,B1,27,Work & Study,Trabalho e Estudo,Trabajo y Estudio,Travail et Études,Lavoro e Studio,Arbeit & Studium,工作与学习,Do you have to attend many meetings in your job?,Você tem que participar de muitas reuniões no seu trabalho?,¿Tienes que asistir a muchas reuniones en tu trabajo?,Devez-vous assister à de nombreuses réunions dans votre travail ?,Devi partecipare a molte riunioni nel tuo lavoro?,Musst du in deinem Job an vielen Besprechungen teilnehmen?,Nǐ píngshí gōngzuò yào kāi hěn duō huì ma?,你平时工作要开很多会吗？,
794,B1,27,Work & Study,Trabalho e Estudo,Trabajo y Estudio,Travail et Études,Lavoro e Studio,Arbeit & Studium,工作与学习,I’m not used to working such long hours.,Não estou acostumado a trabalhar tantas horas.,No estoy acostumbrado a trabajar tantas horas.,Je n'ai pas l'habitude de travailler autant d'heures.,Non sono abituato a lavorare così tante ore.,"Ich bin es nicht gewohnt, so lange zu arbeiten.",Wǒ bù xíguàn gōngzuò zhème jiǔ.,我不习惯工作这么久。,
795,B1,27,Work & Study,Trabalho e Estudo,Trabajo y Estudio,Travail et Études,Lavoro e Studio,Arbeit & Studium,工作与学习,He is currently doing an internship at a law firm.,Ele está estagiando atualmente em um escritório de advocacia.,Él está haciendo actualmente unas prácticas en un bufete de abogados.,Il fait actuellement un stage dans un cabinet d'avocats.,Attualmente lui sta facendo uno stage in uno studio legale.,Er macht derzeit ein Praktikum in einer Anwaltskanzlei.,Tā mùqián zài yī jiā lǜshī shìwùsuǒ shíxí.,他目前在一家律师事务所实习。,
796,B1,27,Work & Study,Trabalho e Estudo,Trabajo y Estudio,Travail et Études,Lavoro e Studio,Arbeit & Studium,工作与学习,I’ve learned a lot from my mistakes in the past.,Aprendi muito com meus erros no passado.,He aprendido mucho de mis errores en el pasado.,J'ai beaucoup appris de mes erreurs passées.,Ho imparato molto dai miei errori passati.,Ich habe viel aus meinen Fehlern in der Vergangenheit gelernt.,Wǒ cóng guòqù de cuòwù zhōng xīqǔ le hěn duō jiàoxùn.,我从过去的错误中吸取了很多教训。,
797,B1,27,Work & Study,Trabalho e Estudo,Trabajo y Estudio,Travail et Études,Lavoro e Studio,Arbeit & Studium,工作与学习,What is the most difficult part of your studies?,Qual é a parte mais difícil dos seus estudos?,¿Cuál es la parte más difícil de tus estudios?,Quelle est la partie la plus difficile de vos études ?,Qual è la parte più difficile dei tuoi studi?,Was ist der schwierigste Teil deines Studiums?,Nǐ xuéxí shàng juéde zuì nán de shì nǎ bùfen?,你学习上觉得最难的是哪部分？,
798,B1,27,Work & Study,Trabalho e Estudo,Trabajo y Estudio,Travail et Études,Lavoro e Studio,Arbeit & Studium,工作与学习,I’m thinking of applying for a scholarship.,Estou pensando em me candidatar a uma bolsa de estudos.,Estoy pensando en solicitar una beca.,Je pense à postuler pour une bourse.,Sto pensando di fare domanda per una borsa di studio.,"Ich überlege, mich für ein Stipendium zu bewerben.",Wǒ zài kǎolǜ shēnqǐng jiǎngxuéjīn.,我在考虑申请奖学金。,
799,B1,27,Work & Study,Trabalho e Estudo,Trabajo y Estudio,Travail et Études,Lavoro e Studio,Arbeit & Studium,工作与学习,The office is much more modern than the old one.,O escritório é muito mais moderno do que o antigo.,La oficina es mucho más moderna que la antigua.,Le bureau est beaucoup plus moderne que l'ancien.,L'ufficio è molto più moderno di quello vecchio.,Das Büro ist viel moderner als das alte.,Xiànzài de bàngōngshì bǐ yuánlái de xiàndàihuà duō le.,现在的办公室比原来的现代化多了。,
800,B1,27,Work & Study,Trabalho e Estudo,Trabajo y Estudio,Travail et Études,Lavoro e Studio,Arbeit & Studium,工作与学习,I’ve already sent the email to the client.,Já enviei o e-mail para o cliente.,Ya le envié el correo electrónico al cliente.,J'ai déjà envoyé l'e-mail au client.,Ho già inviato l'e-mail al cliente.,Ich habe die E-Mail bereits an den Kunden gesendet.,Wǒ yǐjīng gěi kèhù fā le yóujiàn.,我已经给客户发了邮件。,
801,B1,27,Work & Study,Trabalho e Estudo,Trabajo y Estudio,Travail et Études,Lavoro e Studio,Arbeit & Studium,工作与学习,Do you prefer working from home or in an office?,Você prefere trabalhar em casa ou em um escritório?,¿Prefieres trabajar desde casa o en una oficina?,Préférez-vous travailler à domicile ou dans un bureau ?,Preferisci lavorare da casa o in ufficio?,Arbeitest du lieber von zu Hause aus oder in einem Büro?,Nǐ gèng xǐhuan jūjiā bàngōng háishì zài bàngōngshì gōngzuò?,你更喜欢居家办公还是在办公室工作？,
802,B1,27,Work & Study,Trabalho e Estudo,Trabajo y Estudio,Travail et Études,Lavoro e Studio,Arbeit & Studium,工作与学习,She is very good at dealing with difficult customers.,Ela é muito boa em lidar com clientes difíceis.,Ella es muy buena tratando con clientes difíciles.,Elle est très douée pour gérer les clients difficiles.,È molto brava a gestire i clienti difficili.,"Sie ist sehr gut darin, mit schwierigen Kunden umzugehen.",Tā hěn shàncháng yìngfu nánchán de kèhù.,她很擅长应付难缠的客户。,
803,B1,27,Work & Study,Trabalho e Estudo,Trabajo y Estudio,Travail et Études,Lavoro e Studio,Arbeit & Studium,工作与学习,I need to improve my communication skills.,Eu preciso melhorar minhas habilidades de comunicação.,Necesito mejorar mis habilidades de comunicación.,Je dois améliorer mes compétences en communication.,Devo migliorare le mie capacità comunicative.,Ich muss meine Kommunikationsfähigkeiten verbessern.,Wǒ xūyào tígāo gōutōng nénglì.,我需要提高沟通能力。,
804,B1,27,Work & Study,Trabalho e Estudo,Trabajo y Estudio,Travail et Études,Lavoro e Studio,Arbeit & Studium,工作与学习,The deadline for the assignment is next Friday.,O prazo para a tarefa é na próxima sexta-feira.,La fecha límite para la tarea es el próximo viernes.,La date limite pour le devoir est vendredi prochain.,La scadenza per l'incarico è venerdì prossimo.,Die Abgabefrist ist nächsten Freitag.,Zuòyè de jiézhǐ rìqī shì xià zhōuwǔ.,作业的截止日期是下周五。,
805,B1,27,Work & Study,Trabalho e Estudo,Trabajo y Estudio,Travail et Études,Lavoro e Studio,Arbeit & Studium,工作与学习,I’ve been trying to find a better work-life balance.,Tenho tentado encontrar um melhor equilíbrio entre trabalho e vida pessoal.,He estado intentando encontrar un mejor equilibrio entre el trabajo y la vida.,J'essaie de trouver un meilleur équilibre entre travail et vie privée.,Sto cercando di trovare un migliore equilibrio tra lavoro e vita privata.,"Ich habe versucht, eine bessere Work-Life-Balance zu finden.",Wǒ yīzhí zài nǔlì gèng hǎo de pínghéng gōngzuò yǔ shēnghuó.,我一直在努力更好地平衡工作与生活。,
806,B1,27,Work & Study,Trabalho e Estudo,Trabajo y Estudio,Travail et Études,Lavoro e Studio,Arbeit & Studium,工作与学习,What do you enjoy most about your profession?,O que você mais gosta na sua profissão?,¿Qué es lo que más te gusta de tu profesión?,Qu'est-ce que vous aimez le plus dans votre profession ?,Cosa ti piace di più della tua professione?,Was gefällt dir an deinem Beruf am besten?,Nǐ zuì xǐhuan nǐ zhè fèn gōngzuò de nǎ yī diǎn?,你最喜欢你这份工作的哪一点？,
807,B1,27,Work & Study,Trabalho e Estudo,Trabajo y Estudio,Travail et Études,Lavoro e Studio,Arbeit & Studium,工作与学习,I’m not sure if I want to pursue a career in teaching.,Não tenho certeza se quero seguir uma carreira no ensino.,No estoy seguro de si quiero seguir una carrera en la enseñanza.,Je ne sais pas si je veux poursuivre une carrière dans l'enseignement.,Non sono sicuro di voler intraprendere una carriera nell'insegnamento.,"Ich bin mir nicht sicher, ob ich eine Karriere im Lehramt anstreben möchte.",Wǒ bù quèdìng shìfǒu xiǎng cóngshì jiàoxué gōngzuò.,我不确定是否想从事教学工作。,
808,B1,27,Work & Study,Trabalho e Estudo,Trabajo y Estudio,Travail et Études,Lavoro e Studio,Arbeit & Studium,工作与学习,He is responsible for managing the company’s budget.,Ele é responsável por gerenciar o orçamento da empresa.,Él es responsable de gestionar el presupuesto de la empresa.,Il est responsable de la gestion du budget de l'entreprise.,Lui è responsabile della gestione del budget aziendale.,Er ist für die Verwaltung des Budgets des Unternehmens verantwortlich.,Tā fùzé guǎnlǐ gōngsī de yùsuàn.,他负责管理公司的预算。,
809,B1,27,Work & Study,Trabalho e Estudo,Trabajo y Estudio,Travail et Études,Lavoro e Studio,Arbeit & Studium,工作与学习,I’ve been invited to go for an interview next week.,Fui convidado para uma entrevista na próxima semana.,Me han invitado a una entrevista la próxima semana.,J'ai été invité à un entretien la semaine prochaine.,Sono stato invitato a un colloquio la prossima settimana.,Ich bin nächste Woche zu einem Vorstellungsgespräch eingeladen.,Wǒ shōudào tōngzhī xià zhōu qù miànshì.,我收到通知下周去面试。,
810,B1,27,Work & Study,Trabalho e Estudo,Trabajo y Estudio,Travail et Études,Lavoro e Studio,Arbeit & Studium,工作与学习,The training session was very helpful for the new staff.,A sessão de treinamento foi muito útil para a nova equipe.,La sesión de formación fue muy útil para el nuevo personal.,La séance de formation a été très utile pour le nouveau personnel.,La sessione di formazione è stata molto utile per il nuovo personale.,Die Schulung war für das neue Personal sehr hilfreich.,Zhè cì péixùn duì xīn yuángōng fēicháng yǒu bāngzhù.,这次培训对新员工非常有帮助。,
811,B1,28,Health & Emergencies,Saúde e Emergências,Salud y Emergencias,Santé et Urgences,Salute ed Emergenze,Gesundheit & Notfälle,健康与紧急情况,I’ve been feeling a bit under the weather lately.,Tenho me sentido um pouco indisposto ultimamente.,Me he sentido un poco mal últimamente.,Je me sens un peu indisposé ces derniers temps.,Mi sono sentito un po' indisposto ultimamente.,Ich habe mich in letzter Zeit etwas unwohl gefühlt.,Wǒ zuìjìn gǎnjué yǒudiǎn bù shūfu.,我最近感觉有点不舒服。,
812,B1,28,Health & Emergencies,Saúde e Emergências,Salud y Emergencias,Santé et Urgences,Salute ed Emergenze,Gesundheit & Notfälle,健康与紧急情况,You should see a doctor if the pain doesn't go away.,Você deveria consultar um médico se a dor não passar.,Deberías ver a un médico si el dolor no desaparece.,Vous devriez voir un médecin si la douleur ne disparaît pas.,Dovresti consultare un medico se il dolore non passa.,"Du solltest zum Arzt gehen, wenn die Schmerzen nicht nachlassen.","Rúguǒ hái yīzhí téng, nǐ yīnggāi qù kànkan yīshēng.",如果还一直疼，你应该去看看医生。,
813,B1,28,Health & Emergencies,Saúde e Emergências,Salud y Emergencias,Santé et Urgences,Salute ed Emergenze,Gesundheit & Notfälle,健康与紧急情况,I have an appointment with the dentist at four o'clock.,Tenho uma consulta com o dentista às quatro horas.,Tengo una cita con el dentista a las cuatro.,J'ai rendez-vous chez le dentiste à quatre heures.,Ho un appuntamento dal dentista alle quattro.,Ich habe um vier Uhr einen Termin beim Zahnarzt.,Wǒ yuē le sì diǎn kàn yáyī.,我约了四点看牙医。,
814,B1,28,Health & Emergencies,Saúde e Emergências,Salud y Emergencias,Santé et Urgences,Salute ed Emergenze,Gesundheit & Notfälle,健康与紧急情况,What should I do if I lose my passport while traveling?,O que devo fazer se perder meu passaporte durante a viagem?,¿Qué debo hacer si pierdo mi pasaporte mientras viajo?,Que dois-je faire si je perds mon passeport en voyage ?,Cosa devo fare se perdo il passaporto durante il viaggio?,"Was soll ich tun, wenn ich auf Reisen meinen Reisepass verliere?",Lǚxíng shí rúguǒ hùzhào diū le wǒ gāi zěnme bàn?,旅行时如果护照丢了我该怎么办？,
815,B1,28,Health & Emergencies,Saúde e Emergências,Salud y Emergencias,Santé et Urgences,Salute ed Emergenze,Gesundheit & Notfälle,健康与紧急情况,"I’m allergic to cats, so I can't stay at your house.","Sou alérgico a gatos, então não posso ficar na sua casa.","Soy alérgico a los gatos, así que no puedo quedarme en tu casa.","Je suis allergique aux chats, donc je ne peux pas rester chez vous.","Sono allergico ai gatti, quindi non posso stare a casa tua.","Ich bin allergisch gegen Katzen, also kann ich nicht bei dir übernachten.","Wǒ duì māo guòmǐn, suǒyǐ bù néng zhù zài nǐ jiā.",我对猫过敏，所以不能住在你家。,
816,B1,28,Health & Emergencies,Saúde e Emergências,Salud y Emergencias,Santé et Urgences,Salute ed Emergenze,Gesundheit & Notfälle,健康与紧急情况,She has been suffering from back pain for a few weeks.,Ela tem sofrido de dores nas costas há algumas semanas.,Ella lleva sufriendo de dolor de espalda unas semanas.,Elle souffre de maux de dos depuis quelques semaines.,Lei soffre di mal di schiena da alcune settimane.,Sie leidet seit ein paar Wochen an Rückenschmerzen.,Tā bèi téng le hǎojǐ ge xīngqī le.,她背疼了好几个星期了。,
817,B1,28,Health & Emergencies,Saúde e Emergências,Salud y Emergencias,Santé et Urgences,Salute ed Emergenze,Gesundheit & Notfälle,健康与紧急情况,Do you know where the nearest emergency room is?,Você sabe onde fica o pronto-socorro mais próximo?,¿Sabes dónde está la sala de urgencias más cercana?,Savez-vous où se trouvent les urgences les plus proches ?,Sai dove si trova il pronto soccorso più vicino?,"Wissen Sie, wo die nächste Notaufnahme ist?",Nǐ zhīdào zuìjìn de jízhěnshì zài nǎlǐ ma?,你知道最近的急诊室在哪里吗？,
818,B1,28,Health & Emergencies,Saúde e Emergências,Salud y Emergencias,Santé et Urgences,Salute ed Emergenze,Gesundheit & Notfälle,健康与紧急情况,I’ve decided to start eating a healthier diet.,Decidi começar a ter uma dieta mais saudável.,He decidido empezar a llevar una dieta más saludable.,J'ai décidé de commencer un régime plus sain.,Ho deciso di iniziare una dieta più sana.,"Ich habe beschlossen, mich gesünder zu ernähren.",Wǒ juédìng kāishǐ chī de jiànkāng yīdiǎn.,我决定开始吃得健康一点。,
819,B1,28,Health & Emergencies,Saúde e Emergências,Salud y Emergencias,Santé et Urgences,Salute ed Emergenze,Gesundheit & Notfälle,健康与紧急情况,I was so tired that I fell asleep on the bus.,Eu estava tão cansado que dormi no ônibus.,Estaba tan cansado que me quedé dormido en el autobús.,J'étais si fatigué que je me suis endormi dans le bus.,Ero così stanco che mi sono addormentato sull'autobus.,"Ich war so müde, dass ich im Bus eingeschlafen bin.","Wǒ tài lèi le, zài gōngjiāochē shàng jiù shuìzháo le.",我太累了，在公交车上就睡着了。,
820,B1,28,Health & Emergencies,Saúde e Emergências,Salud y Emergencias,Santé et Urgences,Salute ed Emergenze,Gesundheit & Notfälle,健康与紧急情况,"I’m sorry, I can't come to work because I’m sick.","Sinto muito, não posso ir trabalhar porque estou doente.","Lo siento, no puedo ir a trabajar porque estoy enfermo.","Je suis désolé, je ne peux pas venir travailler car je suis malade.","Mi dispiace, non posso venire al lavoro perché sono malato.","Tut mir leid, ich kann nicht zur Arbeit kommen, weil ich krank bin.","Bù hǎoyìsi, wǒ shēngbìng le, bù néng qù shàngbān.",不好意思，我生病了，不能去上班。,
821,B1,28,Health & Emergencies,Saúde e Emergências,Salud y Emergencias,Santé et Urgences,Salute ed Emergenze,Gesundheit & Notfälle,健康与紧急情况,You need to take this medicine twice a day after meals.,Você precisa tomar este remédio duas vezes ao dia após as refeições.,Necesitas tomar esta medicina dos veces al día después de las comidas.,Vous devez prendre ce médicament deux fois par jour après les repas.,Devi prendere questa medicina due volte al giorno dopo i pasti.,Sie müssen dieses Medikament zweimal täglich nach den Mahlzeiten einnehmen.,Zhèzhǒng yào měitiān fànhòu chī liǎng cì.,这种药每天饭后吃两次。,
822,B1,28,Health & Emergencies,Saúde e Emergências,Salud y Emergencias,Santé et Urgences,Salute ed Emergenze,Gesundheit & Notfälle,健康与紧急情况,I’ve been trying to lose some weight for the summer.,Tenho tentado perder peso para o verão.,He estado intentando perder algo de peso para el verano.,J'essaie de perdre du poids pour l'été.,Sto cercando di perdere un po' di peso per l'estate.,"Ich habe versucht, für den Sommer etwas Gewicht zu verlieren.","Wèile guò xiàtiān, wǒ zuìjìn yīzhí zài jiǎnféi.",为了过夏天，我最近一直在减肥。,
823,B1,28,Health & Emergencies,Saúde e Emergências,Salud y Emergencias,Santé et Urgences,Salute ed Emergenze,Gesundheit & Notfälle,健康与紧急情况,Is there anything I can do to help you feel better?,Existe algo que eu possa fazer para ajudar você a se sentir melhor?,¿Hay algo que pueda hacer para ayudarte a sentirte mejor?,Y a-t-il quelque chose que je puisse faire pour vous aider à vous sentir mieux ?,C'è qualcosa che posso fare per aiutarti a sentirti meglio?,"Kann ich irgendetwas tun, damit du dich besser fühlst?",Wǒ néng zuò diǎn shénme ràng nǐ shūfu yīdiǎn ma?,我能做点什么让你舒服一点吗？,
824,B1,28,Health & Emergencies,Saúde e Emergências,Salud y Emergencias,Santé et Urgences,Salute ed Emergenze,Gesundheit & Notfälle,健康与紧急情况,I had a small accident while I was cycling to work.,Tive um pequeno acidente enquanto ia de bicicleta para o trabalho.,Tuve un pequeño accidente mientras iba al trabajo en bicicleta.,J'ai eu un petit accident alors que j'allais au travail à vélo.,Ho avuto un piccolo incidente mentre andavo al lavoro in bicicletta.,"Ich hatte einen kleinen Unfall, als ich mit dem Fahrrad zur Arbeit fuhr.",Wǒ qíchē qù shàngbān de lùshang chū le diǎn xiǎoyìwài.,我骑车去上班的路上出了点小意外。,
825,B1,28,Health & Emergencies,Saúde e Emergências,Salud y Emergencias,Santé et Urgences,Salute ed Emergenze,Gesundheit & Notfälle,健康与紧急情况,The doctor told me that I need to get more exercise.,O médico me disse que preciso fazer mais exercícios.,El médico me dijo que necesito hacer más ejercicio.,Le médecin m'a dit que je devais faire plus d'exercice.,Il medico mi ha detto che ho bisogno di fare più esercizio fisico.,"Der Arzt hat mir gesagt, dass ich mich mehr bewegen muss.",Yīshēng jiànyì wǒ yào duō yùndòng.,医生建议我要多运动。,
826,B1,28,Health & Emergencies,Saúde e Emergências,Salud y Emergencias,Santé et Urgences,Salute ed Emergenze,Gesundheit & Notfälle,健康与紧急情况,I’ve been feeling much more stressed than usual.,Tenho me sentido muito mais estressado do que o normal.,Me he estado sintiendo mucho más estresado de lo habitual.,Je me sens beaucoup plus stressé que d'habitude.,Mi sono sentito molto più stressato del solito.,Ich habe mich viel gestresster als sonst gefühlt.,Wǒ gǎnjué bǐ píngshí yālì dà duō le.,我感觉比平时压力大多了。,
827,B1,28,Health & Emergencies,Saúde e Emergências,Salud y Emergencias,Santé et Urgences,Salute ed Emergenze,Gesundheit & Notfälle,健康与紧急情况,Do you have a first-aid kit in your car?,Você tem um kit de primeiros socorros no seu carro?,¿Tienes un botiquín de primeros auxilios en tu coche?,Avez-vous une trousse de premiers soins dans votre voiture ?,Hai un kit di pronto soccorso in macchina?,Hast du einen Verbandskasten in deinem Auto?,Nǐ chē lǐ yǒu jíjiùbāo ma?,你车里有急救包吗？,
828,B1,28,Health & Emergencies,Saúde e Emergências,Salud y Emergencias,Santé et Urgences,Salute ed Emergenze,Gesundheit & Notfälle,健康与紧急情况,I need to find a pharmacy that is open late.,Preciso encontrar uma farmácia que fique aberta até tarde.,Necesito encontrar una farmacia que esté abierta hasta tarde.,Je dois trouver une pharmacie ouverte tard.,Devo trovare una farmacia aperta fino a tardi.,"Ich muss eine Apotheke finden, die lange offen hat.",Wǒ děi zhǎo yī jiā kāi dào hěn wǎn de yàodiàn.,我得找一家开到很晚的药店。,
829,B1,28,Health & Emergencies,Saúde e Emergências,Salud y Emergencias,Santé et Urgences,Salute ed Emergenze,Gesundheit & Notfälle,健康与紧急情况,She is recovering from a cold that she had last week.,Ela está se recuperando de um resfriado que teve na semana passada.,Ella se está recuperando de un resfriado que tuvo la semana pasada.,Elle se remet d'un rhume qu'elle a eu la semaine dernière.,Lei si sta riprendendo da un raffreddore che ha avuto la scorsa settimana.,"Sie erholt sich von einer Erkältung, die sie letzte Woche hatte.","Tā shàng zhōu gǎnmào le, xiànzài zhèngzài hǎozhuǎn.",她上周感冒了，现在正在好转。,
830,B1,28,Health & Emergencies,Saúde e Emergências,Salud y Emergencias,Santé et Urgences,Salute ed Emergenze,Gesundheit & Notfälle,健康与紧急情况,I’ve never broken a bone in my life.,Nunca quebrei um osso na minha vida.,Nunca me he roto un hueso en mi vida.,Je ne me suis jamais cassé d'os de ma vie.,Non mi sono mai rotto un osso in vita mia.,Ich habe mir noch nie in meinem Leben einen Knochen gebrochen.,Wǒ zhǎng zhème dà hái cónglái méi gǔzhé guo.,我长这么大还从来没骨折过。,
831,B1,28,Health & Emergencies,Saúde e Emergências,Salud y Emergencias,Santé et Urgences,Salute ed Emergenze,Gesundheit & Notfälle,健康与紧急情况,You should drink more water to stay hydrated.,Você deveria beber mais água para se manter hidratado.,Deberías beber más agua para mantenerte hidratado.,Vous devriez boire plus d'eau pour rester hydraté.,Dovresti bere più acqua per mantenerti idratato.,"Du solltest mehr Wasser trinken, damit der Körper nicht austrocknet.",Nǐ yīnggāi duō hē diǎn shuǐ bǔchōng shuǐfèn.,你应该多喝点水补充水分。,
832,B1,28,Health & Emergencies,Saúde e Emergências,Salud y Emergencias,Santé et Urgences,Salute ed Emergenze,Gesundheit & Notfälle,健康与紧急情况,I’m looking for a gym that is near my house.,Estou procurando uma academia que seja perto da minha casa.,Estoy buscando un gimnasio que esté cerca de mi casa.,Je cherche une salle de sport près de chez moi.,Sto cercando una palestra vicino a casa mia.,Ich suche ein Fitnessstudio in der Nähe meines Hauses.,Wǒ zài zhǎo yī jiā lí wǒ jiā jìn de jiànshēnfáng.,我在找一家离我家近的健身房。,
833,B1,28,Health & Emergencies,Saúde e Emergências,Salud y Emergencias,Santé et Urgences,Salute ed Emergenze,Gesundheit & Notfälle,健康与紧急情况,The nurse was very kind and helpful during my visit.,A enfermeira foi muito gentil e prestativa durante a minha visita.,La enfermera fue muy amable y servicial durante mi visita.,L'infirmière a été très gentille et serviable pendant ma visite.,L'infermiera è stata molto gentile e disponibile durante la mia visita.,Die Krankenschwester war während meines Besuchs sehr nett und hilfsbereit.,"Wǒ kànbìng de shíhou hùshi tèbié rèqíng, bāng le wǒ hěn duō.",我看病的时候护士特别热情，帮了我很多。,
834,B1,28,Health & Emergencies,Saúde e Emergências,Salud y Emergencias,Santé et Urgences,Salute ed Emergenze,Gesundheit & Notfälle,健康与紧急情况,I’ve been having trouble sleeping recently.,Tenho tido problemas para dormir recentemente.,He tenido problemas para dormir recientemente.,J'ai eu du mal à dormir récemment.,Ho avuto problemi a dormire recentemente.,Ich hatte in letzter Zeit Schlafstörungen.,Wǒ zuìjìn lǎoshi shuì bù hǎo.,我最近老是睡不好。,
835,B1,28,Health & Emergencies,Saúde e Emergências,Salud y Emergencias,Santé et Urgences,Salute ed Emergenze,Gesundheit & Notfälle,健康与紧急情况,What is the best way to prevent getting a cold?,Qual é a melhor maneira de evitar pegar um resfriado?,¿Cuál es la mejor manera de evitar resfriarse?,Quelle est la meilleure façon d'éviter d'attraper un rhume ?,Qual è il modo migliore per evitare di prendere il raffreddore?,Wie beugt man einer Erkältung am besten vor?,Yùfáng gǎnmào zuì hǎo de bànfǎ shì shénme?,预防感冒最好的办法是什么？,
836,B1,28,Health & Emergencies,Saúde e Emergências,Salud y Emergencias,Santé et Urgences,Salute ed Emergenze,Gesundheit & Notfälle,健康与紧急情况,I need to renew my health insurance policy.,Preciso renovar minha apólice de seguro de saúde.,Necesito renovar mi póliza de seguro médico.,Je dois renouveler ma police d'assurance maladie.,Devo rinnovare la mia polizza assicurativa sanitaria.,Ich muss meine Krankenversicherung verlängern.,Wǒ xūyào gěi wǒ de yīliáo bǎoxiǎn xùbǎo.,我需要给我的医疗保险续保。,
837,B1,28,Health & Emergencies,Saúde e Emergências,Salud y Emergencias,Santé et Urgences,Salute ed Emergenze,Gesundheit & Notfälle,健康与紧急情况,I was very relieved when the test results came back.,Fiquei muito aliviado quando os resultados dos exames chegaram.,Me sentí muy aliviado cuando llegaron los resultados de las pruebas.,J'ai été très soulagé quand les résultats des tests sont arrivés.,Sono stato molto sollevato quando sono arrivati i risultati del test.,"Ich war sehr erleichtert, als die Testergebnisse kamen.","Jiǎnchá jiéguǒ chūlái hòu, wǒ sōng le kǒuqì.",检查结果出来后，我松了口气。,
838,B1,28,Health & Emergencies,Saúde e Emergências,Salud y Emergencias,Santé et Urgences,Salute ed Emergenze,Gesundheit & Notfälle,健康与紧急情况,Do you think it’s a good idea to take vitamins?,Você acha que é uma boa ideia tomar vitaminas?,¿Crees que es buena idea tomar vitaminas?,Pensez-vous que ce soit une bonne idée de prendre des vitamines ?,Pensi che sia una buona idea prendere le vitamine?,"Glaubst du, dass es eine gute Idee ist, Vitamine einzunehmen?",Nǐ juéde chī wéishēngsù yǒu bìyào ma?,你觉得吃维生素有必要吗？,
839,B1,28,Health & Emergencies,Saúde e Emergências,Salud y Emergencias,Santé et Urgences,Salute ed Emergenze,Gesundheit & Notfälle,健康与紧急情况,I’ve been feeling a lot better since I started walking.,Tenho me sentido muito melhor desde que comecei a caminhar.,Me he sentido mucho mejor desde que empecé a caminar.,Je me sens beaucoup mieux depuis que j'ai commencé à marcher.,Mi sento molto meglio da quando ho iniziato a camminare.,"Ich fühle mich viel besser, seit ich regelmäßig spazieren gehe.","Zìcóng kāishǐ sànbù hòu, wǒ gǎnjué hǎoduō le.",自从开始散步后，我感觉好多了。,
840,B1,28,Health & Emergencies,Saúde e Emergências,Salud y Emergencias,Santé et Urgences,Salute ed Emergenze,Gesundheit & Notfälle,健康与紧急情况,You should call the police if you see anything suspicious.,Você deve chamar a polícia se vir algo suspeito.,Deberías llamar a la policía si ves algo sospechoso.,Vous devriez appeler la police si vous voyez quelque chose de suspect.,Dovresti chiamare la polizia se vedi qualcosa di sospetto.,"Du solltest die Polizei rufen, wenn du etwas Verdächtiges siehst.","Rúguǒ kàndào rènhé kěyí qíngkuàng, yīnggāi bàojǐng.",如果看到任何可疑情况，应该报警。,
841,B1,29,Opinions & Feelings,Opiniões e Sentimentos,Opiniones y Sentimentos,Opinions et Sentiments,Opinioni e Sentimenti,Meinungen & Gefühle,意见与感受,"In my opinion, the movie was better than the book.","Na minha opinião, o filme foi melhor que o livro.","En mi opinión, la película fue mejor que el libro.","À mon avis, le film était meilleur que le livre.","Secondo me, il film è stato migliore del libro.",Meiner Meinung nach war der Film besser als das Buch.,Wǒ juéde diànyǐng bǐ yuánzhù hǎokàn duō le.,我觉得电影比原著好看多了。,
842,B1,29,Opinions & Feelings,Opiniões e Sentimentos,Opiniones y Sentimentos,Opinions et Sentiments,Opinioni e Sentimenti,Meinungen & Gefühle,意见与感受,I completely agree with your point of view.,Concordo completamente com o seu ponto de vista.,Estoy completamente de acuerdo con tu punto de vista.,Je suis tout à fait d'accord avec votre point de vue.,Concordo pienamente con il tuo punto di vista.,Ich stimme deinem Standpunkt voll and ganz zu.,Wǒ wánquán tóngyì nǐ de guāndiǎn.,我完全同意你的观点。,
843,B1,29,Opinions & Feelings,Opiniões e Sentimentos,Opiniones y Sentimentos,Opinions et Sentiments,Opinioni e Sentimenti,Meinungen & Gefühle,意见与感受,"I’m not so sure about that, to be honest.","Não tenho tanta certeza disso, para ser honesto.","No estoy tan seguro de eso, para ser honesto.","Je n'en suis pas si sûr, pour être honnête.","Non ne sono così sicuro, a dire il vero.","Ich bin mir da nicht so sicher, um ehrlich zu sein.","Shuō shíhuà, wǒ juéde dào bù yīdìng.",说实话，我觉得倒不一定。,
844,B1,29,Opinions & Feelings,Opiniões e Sentimentos,Opiniones y Sentimentos,Opinions et Sentiments,Opinioni e Sentimenti,Meinungen & Gefühle,意见与感受,What do you think is the best way to learn English?,Qual você acha que é a melhor maneira de aprender inglês?,¿Cuál crees que es la mejor manera de aprender inglés?,"Quelle est, selon vous, la meilleure façon d'apprendre l'anglais ?",Quale pensi sia il modo migliore per imparare l'inglese?,"Was ist deiner Meinung nach der beste Weg, um Englisch zu lernen?",Nǐ juéde xué Yīngyǔ zuì hǎo de fāngfǎ shì shénme?,你觉得学英语最好的方法是什么？,
845,B1,29,Opinions & Feelings,Opiniões e Sentimentos,Opiniones y Sentimentos,Opinions et Sentiments,Opinioni e Sentimenti,Meinungen & Gefühle,意见与感受,I was very disappointed with the way they treated us.,Fiquei muito decepcionado com a forma como eles nos trataram.,Me decepcionó mucho la forma en que nos trataron.,J'ai été très déçu par la façon dont ils nous ont traités.,Sono rimasto molto deluso dal modo in cui ci hanno trattato.,"Ich war sehr enttäuscht darüber, wie sie uns behandelt haben.",Wǒ duì tāmen duìdài wǒmen de tàidù fēicháng shìwàng.,我对他们对待我们的态度非常失望。,
846,B1,29,Opinions & Feelings,Opiniões e Sentimentos,Opiniones y Sentimentos,Opinions et Sentiments,Opinioni e Sentimenti,Meinungen & Gefühle,意见与感受,I’m really excited about the possibility of moving.,Estou muito animado com a possibilidade de me mudar.,Estoy muy emocionado con la posibilidad de mudarme.,Je suis très enthousiaste à l'idée de déménager.,Sono molto entusiasta della prospettiva di trasferirmi.,Ich freue mich sehr auf die Aussicht auf den Umzug.,"Yī xiǎngdào kěnéng huì bānjiā, wǒ jiù tèbié xīngfèn.",一想到可能会搬家，我就特别兴奋。,
847,B1,29,Opinions & Feelings,Opiniões e Sentimentos,Opiniones y Sentimentos,Opinions et Sentiments,Opinioni e Sentimenti,Meinungen & Gefühle,意见与感受,I don't think it’s fair to judge people by their looks.,Não acho justo julgar as pessoas pela aparência.,No creo que sea justo juzgar a las personas por su apariencia.,Je ne pense pas qu'il soit juste de juger les gens sur leur apparence.,Non penso sia giusto giudicare le persone dal loro aspetto.,"Ich finde es nicht fair, Menschen nach ihrem Aussehen zu beurteilen.",Wǒ juéde yǐmàoqǔrén shì hěn bù duì de.,我觉得以貌取人是很不对的。,
848,B1,29,Opinions & Feelings,Opiniões e Sentimentos,Opiniones y Sentimentos,Opinions et Sentiments,Opinioni e Sentimenti,Meinungen & Gefühle,意见与感受,I’ve always been interested in historical novels.,Sempre tive interesse em romances históricos.,Siempre me han interesado las novelas históricas.,J'ai toujours été intéressé par les romans historiques.,Mi sono sempre interessato ai romanzi storici.,Ich habe mich schon immer für historische Romane interessiert.,Wǒ yīzhí duì lìshǐ xiǎoshuō hěn gǎn xìngqù.,我一直对历史小说很感兴趣。,
849,B1,29,Opinions & Feelings,Opiniões e Sentimentos,Opiniones y Sentimentos,Opinions et Sentiments,Opinioni e Sentimenti,Meinungen & Gefühle,意见与感受,She was very upset when she heard the news.,Ela ficou muito chateada quando ouviu a notícia.,Ella se puso muy triste cuando escuchó la noticia.,Elle était très bouleversée quand elle a appris la nouvelle.,È rimasta molto male quando ha sentito la notizia.,"Sie war sehr bestürzt, als sie die Nachricht hörte.",Tā tīngdào zhège xiāoxi de shíhou hěn nánguò.,她听到这个消息的时候很难过。,
850,B1,29,Opinions & Feelings,Opiniões e Sentimentos,Opiniones y Sentimentos,Opinions et Sentiments,Opinioni e Sentimenti,Meinungen & Gefühle,意见与感受,I’m not very keen on the idea of working on weekends.,Não gosto muito da ideia de trabalhar nos fins de semana.,No me entusiasma mucho la idea de trabajar los fines de semana.,Je ne suis pas très chaud à l'idée de travailler le week-end.,Non mi entusiasma l'idea di lavorare nei fine settimana.,"Ich bin nicht sehr begeistert von der Idee, am Wochenende zu arbeiten.",Wǒ kě bù xiǎng zhōumò jiābān.,我可不想周末加班。,
851,B1,29,Opinions & Feelings,Opiniões e Sentimentos,Opiniones y Sentimentos,Opinions et Sentiments,Opinioni e Sentimenti,Meinungen & Gefühle,意见与感受,I feel much more confident than I did a year ago.,Sinto-me muito mais confiante do que há um ano.,Me siento mucho más seguro que hace un año.,Je me sens beaucoup plus confiant qu'il y a un an.,Mi sento molto più sicuro di me rispetto a un anno fa.,Ich fühle mich viel selbstbewusster als vor einem Jahr.,Wǒ bǐ yī nián qián gèng yǒu xìnxīn le.,我比一年前更有信心了。,
852,B1,29,Opinions & Feelings,Opiniões e Sentimentos,Opiniones y Sentimentos,Opinions et Sentiments,Opinioni e Sentimenti,Meinungen & Gefühle,意见与感受,Do you find it difficult to express your feelings?,Você acha difícil expressar seus sentimentos?,¿Te resulta difícil expresar tus sentimientos?,Trouvez-vous difficile d'exprimer vos sentiments ?,Trovi difficile esprimere i tuoi sentimenti?,"Fällt es dir schwer, deine Gefühle auszudrücken?",Nǐ juéde biǎodá nèixīn gǎnshòu hěn nán ma?,你觉得表达内心感受很难吗？,
853,B1,29,Opinions & Feelings,Opiniões e Sentimentos,Opiniones y Sentimentos,Opinions et Sentiments,Opinioni e Sentimenti,Meinungen & Gefühle,意见与感受,I’m really looking forward to the holidays.,Estou ansioso pelas férias.,Tengo muchas ganas de que lleguen las vacaciones.,J'attends les vacances avec impatience.,Non vedo l'ora che arrivino le vacanze.,Ich freue mich schon auf die Ferien.,Wǒ hěn qīdài jiàqī de dàolái.,我很期待假期的到来。,
854,B1,29,Opinions & Feelings,Opiniões e Sentimentos,Opiniones y Sentimentos,Opinions et Sentiments,Opinioni e Sentimenti,Meinungen & Gefühle,意见与感受,I think that we should focus on the positive side.,Acho que devemos focar no lado positivo.,Creo que deberíamos centrarnos en el lado positivo.,Je pense que nous devrions nous concentrer sur le côté positif.,Penso che dovremmo concentrarci sul lato positivo.,"Ich denke, wir sollten uns auf die positive Seite konzentrieren.",Wǒ juéde wǒmen yīnggāi duō kàn jījí de yīmiàn.,我觉得我们应该多看积极的一面。,
855,B1,29,Opinions & Feelings,Opiniões e Sentimentos,Opiniones y Sentimentos,Opinions et Sentiments,Opinioni e Sentimenti,Meinungen & Gefühle,意见与感受,I was quite surprised by his reaction to the news.,Fiquei bastante surpreso com a reação dele à notícia.,Me sorprendió bastante su reacción ante la noticia.,J'ai été assez surpris par sa réaction à la nouvelle.,Sono rimasto piuttosto sorpreso dalla sua reazione alla notizia.,Ich war ziemlich überrascht von seiner Reaktion auf die Nachricht.,Tā duì zhège xiāoxi de fǎnyìng ràng wǒ tǐng yìwài de.,他对这个消息的反应让我挺意外的。,
856,B1,29,Opinions & Feelings,Opiniões e Sentimentos,Opiniones y Sentimentos,Opinions et Sentiments,Opinioni e Sentimenti,Meinungen & Gefühle,意见与感受,I’m not very happy with the service I received.,Não estou muito satisfeito com o serviço que recebi.,No estoy muy contento con el servicio que recibí.,Je ne suis pas très satisfait du service que j'ai reçu.,Non sono molto soddisfatto del servizio ricevuto.,"Ich bin mit dem Service, den ich erhalten habe, nicht sehr zufrieden.",Wǒ duì zhèlǐ tígōng de fúwù bù tài mǎnyì.,我对这里提供的服务不太满意。,
857,B1,29,Opinions & Feelings,Opiniões e Sentimentos,Opiniones y Sentimentos,Opinions et Sentiments,Opinioni e Sentimenti,Meinungen & Gefühle,意见与感受,It’s important to stay positive when things go wrong.,É importante manter a positividade quando as coisas dão errado.,Es importante mantenerse positivo cuando las cosas salen mal.,Il est important de rester positif quand les choses tournent mal.,È importante rimanere positivi quando le cose vanno male.,"Es ist wichtig, positiv zu bleiben, wenn Dinge schiefgehen.","Shìqing bù shùnlì de shíhou, bǎochí lèguān hěn zhòngyào.",事情不顺利的时候，保持乐观很重要。,
858,B1,29,Opinions & Feelings,Opiniões e Sentimentos,Opiniones y Sentimentos,Opinions et Sentiments,Opinioni e Sentimenti,Meinungen & Gefühle,意见与感受,I don't mind waiting as long as I have a book to read.,"Não me importo de esperar, desde que eu tenha um livro para ler.",No me importa esperar siempre que tenga un libro para leer.,"Ça ne me dérange pas d'attendre, tant que j'ai un livre à lire.","Non mi dispiace aspettare, purché io abbia un libro da leggere.","Es macht mir nichts aus, zu warten, solange ich ein Buch zum Lesen habe.","Zhǐyào yǒu shū kàn, wǒ bù jièyì duō děng huìr.",只要有书看，我不介意多等会儿。,
859,B1,29,Opinions & Feelings,Opiniões e Sentimentos,Opiniones y Sentimentos,Opinions et Sentiments,Opinioni e Sentimenti,Meinungen & Gefühle,意见与感受,I’ve always believed that honesty is very important.,Sempre acreditei que a honestidade é muito importante.,Siempre he creído que la honestidad es muy importante.,J'ai toujours cru que l'honnêteté est très importante.,Ho sempre creduto che l'onestà sia molto importante.,"Ich habe schon immer geglaubt, dass Ehrlichkeit sehr wichtig ist.",Wǒ yīzhí xiāngxìn chéngshí fēicháng zhòngyào.,我一直相信诚实非常重要。,
860,B1,29,Opinions & Feelings,Opiniões e Sentimentos,Opiniones y Sentimentos,Opinions et Sentiments,Opinioni e Sentimenti,Meinungen & Gefühle,意见与感受,What is your opinion on the current situation?,Qual é a sua opinião sobre a situação atual?,¿Cuál es tu opinión sobre la situación actual?,Quel est votre avis sur la situation actuelle ?,Qual è la tua opinione sulla situazione attuale?,Was ist deine Meinung zur aktuellen Situation?,Nǐ duì mùqián de júshì zěnme kàn?,你对目前的局势怎么看？,
861,B1,29,Opinions & Feelings,Opiniões e Sentimentos,Opiniones y Sentimentos,Opinions et Sentiments,Opinioni e Sentimenti,Meinungen & Gefühle,意见与感受,I’m a bit worried about the future of the planet.,Estou um pouco preocupado com o futuro do planeta.,Estoy un poco preocupado por el futuro del planeta.,Je suis un peu inquiet pour l'avenir de la planète.,Sono un po' preoccupato per il futuro del pianeta.,Ich mache mir ein wenig Sorgen um die Zukunft des Planeten.,Wǒ duì dìqiú de wèilái yǒudiǎn dānxīn.,我对地球的未来有点担心。,
862,B1,29,Opinions & Feelings,Opiniões e Sentimentos,Opiniones y Sentimentos,Opinions et Sentiments,Opinioni e Sentimenti,Meinungen & Gefühle,意见与感受,I felt very proud when I finished the marathon.,Senti-me muito orgulhoso quando terminei a maratona.,Me sentí muy orgulloso cuando terminé el maratón.,Je me suis senti très fier quand j'ai terminé le marathon.,Mi sono sentito molto orgoglioso quando ho finito la maratona.,"Ich war sehr stolz, als ich den Marathon beendet habe.","Pǎowán mǎlāsōng de shíhou, wǒ gǎndào fēicháng zìháo.",跑完马拉松的时候，我感到非常自豪。,
863,B1,29,Opinions & Feelings,Opiniões e Sentimentos,Opiniones y Sentimentos,Opinions et Sentiments,Opinioni e Sentimenti,Meinungen & Gefühle,意见与感受,I don't see why we can't try something different.,Não vejo por que não podemos tentar algo diferente.,No veo por qué no podemos probar algo diferente.,Je ne vois pas pourquoi nous ne pourrions pas essayer quelque chose de différent.,Non vedo perché non possiamo provare qualcosa di diverso.,"Ich sehe nicht ein, warum wir nicht etwas anderes ausprobieren können.",Wǒ bù míngbai wèishéme wǒmen bù néng chángshì diǎn bù yīyàng de.,我不明白为什么我们不能尝试点不一样的。,
864,B1,29,Opinions & Feelings,Opiniões e Sentimentos,Opiniones y Sentimentos,Opinions et Sentiments,Opinioni e Sentimenti,Meinungen & Gefühle,意见与感受,I was bored because the lecture was too long.,Eu estava entediado porque a palestra foi longa demais.,Estaba aburrido porque la conferencia fue demasiado larga.,Je m'ennuyais parce que la conférence était trop longue.,Mi annoiavo perché la conferenza era troppo lunga.,"Mir war langweilig, weil der Vortrag zu lang war.","Jiǎngzuò shíjiān tài cháng le, wǒ juéde hěn wúliáo.",讲座时间太长了，我觉得很无聊。,
865,B1,29,Opinions & Feelings,Opiniões e Sentimentos,Opiniones y Sentimentos,Opinions et Sentiments,Opinioni e Sentimenti,Meinungen & Gefühle,意见与感受,I’m not sure if I can trust him anymore.,Não tenho certeza se posso mais confiar nele.,No estoy seguro de si puedo confiar más en él.,Je ne suis pas sûr de pouvoir encore lui faire confiance.,Non sono sicuro di potermi più fidare di lui.,"Ich bin mir nicht sicher, ob ich ihm noch vertrauen kann.",Wǒ bù quèdìng hái néng bù néng zài xìnrèn tā.,我不确定还能不能再信任他。,
866,B1,29,Opinions & Feelings,Opiniões e Sentimentos,Opiniones y Sentimentos,Opinions et Sentiments,Opinioni e Sentimenti,Meinungen & Gefühle,意见与感受,It makes me feel happy to see my friends.,Ver meus amigos me faz sentir feliz.,Me hace sentir feliz ver a mis amigos.,Voir mes amis me rend heureux.,Vedere i miei amici mi rende felice.,"Meine Freunde zu sehen, macht mich glücklich.",Jiàndào péngyou ràng wǒ juéde hěn kāixīn.,见到朋友让我觉得很开心。,
867,B1,29,Opinions & Feelings,Opiniões e Sentimentos,Opiniones y Sentimentos,Opinions et Sentiments,Opinioni e Sentimenti,Meinungen & Gefühle,意见与感受,I’ve always enjoyed being in the countryside.,Sempre gostei de estar no campo.,Siempre me ha gustado estar en el campo.,J'ai toujours aimé être à la campagne.,Mi è sempre piaciuto stare in campagna.,"Ich habe es schon immer genossen, auf dem Land zu sein.",Wǒ yīzhí hěn xǐhuan dāi zài xiāngxià.,我一直很喜欢待在乡下。,
868,B1,29,Opinions & Feelings,Opiniões e Sentimentos,Opiniones y Sentimentos,Opinions et Sentiments,Opinioni e Sentimenti,Meinungen & Gefühle,意见与感受,What do you think is the most important quality in a friend?,O que você acha que é a qualidade mais importante em um amigo?,¿Cuál crees que es la cualidad más importante en un amigo?,"Quelle est, selon vous, la qualité la plus importante chez un ami ?",Quale pensi sia la qualità più importante in un amico?,Was ist deiner Meinung nach die wichtigste Eigenschaft bei einem Freund?,"Nǐ juéde zuòwéi péngyou, zuì zhòngyào de pǐnzhì shì shénme?",你觉得作为朋友，最重要的品质是什么？,
869,B1,29,Opinions & Feelings,Opiniões e Sentimentos,Opiniones y Sentimentos,Opinions et Sentiments,Opinioni e Sentimenti,Meinungen & Gefühle,意见与感受,I was quite impressed by her performance.,Fiquei bastante impressionado com a performance dela.,Me impresionó bastante su actuación.,J'ai été assez impressionné par sa performance.,Sono rimasto piuttosto colpito dalla sua performance.,Ich war von ihrer Leistung ziemlich beeindruckt.,Tā de biǎoyǎn gěi wǒ liúxià le hěn shēn de yìnxiàng.,她的表演给我留下了很深的印象。,
870,B1,29,Opinions & Feelings,Opiniões e Sentimentos,Opiniones y Sentimentos,Opinions et Sentiments,Opinioni e Sentimenti,Meinungen & Gefühle,意见与感受,I’m feeling very relaxed after my holiday.,Estou me sentindo muito relaxado depois das minhas férias.,Me siento muy relajado después de mis vacaciones.,Je me sens très détendu après mes vacances.,Mi sento molto rilassato dopo le vacanze.,Ich fühle mich nach meinem Urlaub sehr entspannt.,"Dùjià huílái yǐhòu, wǒ gǎnjué tèbié fàngsōng.",度假回来以后，我感觉特别放松。,
871,B1,30,Abstract  Concepts,Conceitos Abstratos,Conceptos Abstractos,Concepts Abstraits,Concetti Astratti,Abstrakte Konzepte,抽象概念,I believe that education is the most powerful tool we have.,Acredito que a educação é a ferramenta mais poderosa que temos.,Creo que la educación es la herramienta más poderosa que tenemos.,Je crois que l'éducation est l'outil le plus puissant que nous ayons.,Credo che l'istruzione sia lo strumento più potente che abbiamo.,"Ich glaube, dass Bildung das mächtigste Werkzeug ist, das wir haben.",Wǒ xiāngxìn jiàoyù shì wǒmen zuì yǒulì de gōngjù.,我相信教育是我们最有力的工具。,
872,B1,30,Abstract  Concepts,Conceitos Abstratos,Conceptos Abstractos,Concepts Abstraits,Concetti Astratti,Abstrakte Konzepte,抽象概念,It is important to find a balance between work and play.,É importante encontrar um equilíbrio entre trabalho e lazer.,Es importante encontrar un equilibrio entre el trabajo y el juego.,Il est important de trouver un équilibre entre travail et loisirs.,È importante trovare un equilibrio tra lavoro e svago.,"Es ist wichtig, ein Gleichgewicht zwischen Arbeit und Freizeit zu finden.",Zài gōngzuò hé yúlè zhījiān zhǎodào pínghéng hěn zhòngyào.,在工作和娱乐之间找到平衡很重要。,
873,B1,30,Abstract  Concepts,Conceitos Abstratos,Conceptos Abstractos,Concepts Abstraits,Concetti Astratti,Abstrakte Konzepte,抽象概念,Technology has changed the way we communicate with each other.,A tecnologia mudou a forma como nos comunicamos uns com os outros.,La tecnología ha cambiado la forma en que nos comunicamos entre nosotros.,La technologie a changé la façon dont nous communiquons les uns avec les autres.,La tecnologia ha cambiato il modo in cui comunichiamo tra di noi.,"Die Technologie hat die Art und Weise verändert, wie wir miteinander kommunizieren.",Kējì gǎibiàn le wǒmen de gōutōng fāngshì.,科技改变了我们的沟通方式。,
874,B1,30,Abstract  Concepts,Conceitos Abstratos,Conceptos Abstractos,Concepts Abstraits,Concetti Astratti,Abstrakte Konzepte,抽象概念,I think that everyone should have the right to free healthcare.,Acho que todos deveriam ter direito à saúde gratuita.,Creo que todo el mundo debería tener derecho a una sanidad gratuita.,Je pense que tout le monde devrait avoir droit à des soins de santé gratuits.,Penso che tutti dovrebbero avere diritto alla sanità gratuita.,"Ich denke, dass jeder ein Recht auf kostenlose Gesundheitsversorgung haben sollte.",Wǒ rènwéi rénrén dōu yīnggāi xiǎngyǒu miǎnfèi yīliáo de quánlì.,我认为人人都应该享有免费医疗的权利。,
875,B1,30,Abstract  Concepts,Conceitos Abstratos,Conceptos Abstractos,Concepts Abstraits,Concetti Astratti,Abstrakte Konzepte,抽象概念,The environment is something that we must protect for the future.,O meio ambiente é algo que devemos proteger para o futuro.,El medio ambiente es algo que debemos proteger para el futuro.,L'environnement est quelque chose que nous devons protéger pour l'avenir.,L'ambiente è qualcosa che dobbiamo proteggere per il futuro.,"Die Umwelt ist etwas, das wir für die Zukunft schützen müssen.","Wèile wèilái, wǒmen bìxū bǎohù hǎo huánjìng.",为了未来，我们必须保护好环境。,
876,B1,30,Abstract  Concepts,Conceitos Abstratos,Conceptos Abstractos,Concepts Abstraits,Concetti Astratti,Abstrakte Konzepte,抽象概念,Do you think that money can really make people happy?,Você acha que o dinheiro pode realmente fazer as pessoas felizes?,¿Crees que el dinero realmente puede hacer feliz a la gente?,Pensez-vous que l'argent puisse vraiment rendre les gens heureux ?,Pensi che i soldi possano davvero rendere felici le persone?,"Glaubst du, dass Geld Menschen wirklich glücklich machen kann?",Nǐ juéde qián zhēn de néng ràng rén kuàilè ma?,你觉得钱真的能让人快乐吗？,
877,B1,30,Abstract  Concepts,Conceitos Abstratos,Conceptos Abstractos,Concepts Abstraits,Concetti Astratti,Abstrakte Konzepte,抽象概念,It is often difficult to make the right decision.,Frequentemente é difícil tomar a decisão certa.,A menudo es difícil tomar la decisión correcta.,Il est souvent difficile de prendre la bonne décision.,Spesso è difficile prendere la decisione giusta.,"Es ist oft schwierig, die richtige Entscheidung zu treffen.",Zuòchū zhèngquè de juédìng wǎngwǎng hěn nán.,做出正确的决定往往很难。,
878,B1,30,Abstract  Concepts,Conceitos Abstratos,Conceptos Abstractos,Concepts Abstraits,Concetti Astratti,Abstrakte Konzepte,抽象概念,I’ve always been fascinated by the history of the world.,Sempre fui fascinado pela história do mundo.,Siempre me ha fascinado la historia del mundo.,J'ai toujours été fasciné par l'histoire du monde.,Sono sempre stato affascinato dalla storia del mondo.,Ich war schon immer von der Weltgeschichte fasziniert.,Wǒ yīzhí duì shìjiè lìshǐ fēicháng zháomí.,我一直对世界历史非常着迷。,
879,B1,30,Abstract  Concepts,Conceitos Abstratos,Conceptos Abstractos,Concepts Abstraits,Concetti Astratti,Abstrakte Konzepte,抽象概念,We need to find a better way to solve our problems.,Precisamos encontrar uma maneira melhor de resolver nossos problemas.,Necesitamos encontrar una mejor manera de resolver nuestros problemas.,Nous devons trouver un meilleur moyen de résoudre nos problèmes.,Dobbiamo trovare un modo migliore per risolvere i nostri problemi.,"Wir müssen einen besseren Weg finden, unsere Probleme zu lösen.",Wǒmen xūyào zhǎodào gèng hǎo de fāngfǎ lái jiějué wèntí.,我们需要找到更好的方法来解决问题。,
880,B1,30,Abstract  Concepts,Conceitos Abstratos,Conceptos Abstractos,Concepts Abstraits,Concetti Astratti,Abstrakte Konzepte,抽象概念,What do you think is the meaning of true success?,O que você acha que é o significado do verdadeiro sucesso?,¿Qué crees que es el significado del verdadero éxito?,"Quel est, selon vous, le sens du vrai succès ?",Quale pensi sia il significato del vero successo?,Was ist deiner Meinung nach die Bedeutung von wahrem Erfolg?,Nǐ juéde zhēnzhèng chénggōng de yìyì shì shénme?,你觉得真正成功的意义是什么？,
881,B1,30,Abstract  Concepts,Conceitos Abstratos,Conceptos Abstractos,Concepts Abstraits,Concetti Astratti,Abstrakte Konzepte,抽象概念,It is important to respect the opinions of other people.,É importante respeitar as opiniões das outras pessoas.,Es importante respetar las opiniones de otras personas.,Il est important de respecter les opinions des autres.,È importante rispettare le opinioni degli altri.,"Es ist wichtig, die Meinungen anderer Menschen zu respektieren.",Zūnzhòng tārén de yìjiàn fēicháng zhòngyào.,尊重他人的意见非常重要。,
882,B1,30,Abstract  Concepts,Conceitos Abstratos,Conceptos Abstractos,Concepts Abstraits,Concetti Astratti,Abstrakte Konzepte,抽象概念,Knowledge is something that grows the more you share it.,Conhecimento é algo que cresce quanto mais você o compartilha.,El conocimiento es algo que crece cuanto más lo compartes.,La connaissance est quelque chose qui grandit plus on la partage.,La conoscenza è qualcosa che cresce quanto più la si condivide.,"Wissen ist etwas, das wächst, je mehr man es teilt.",Zhīshi shì yuè fēnxiǎng yuè duō de.,知识是越分享越多的。,
883,B1,30,Abstract  Concepts,Conceitos Abstratos,Conceptos Abstractos,Concepts Abstraits,Concetti Astratti,Abstrakte Konzepte,抽象概念,I think that travel is a great way to broaden the mind.,Acho que viajar é uma ótima maneira de ampliar a mente.,Creo que viajar es una gran manera de ampliar la mente.,Je pense que le voyage est un excellent moyen d'élargir l'esprit.,Penso che viaggiare sia un ottimo modo per ampliare la mente.,"Ich denke, dass Reisen eine großartige Möglichkeit ist, den Horizont zu erweitern.",Wǒ juéde lǚxíng shì kāikuò yǎnjiè de hǎo fāngfǎ.,我觉得旅行是开阔眼界的好方法。,
884,B1,30,Abstract  Concepts,Conceitos Abstratos,Conceptos Abstractos,Concepts Abstraits,Concetti Astratti,Abstrakte Konzepte,抽象概念,The future is something that we create for ourselves.,O futuro é algo que nós mesmos criamos.,El futuro es algo que creamos para nosotros mismos.,L'avenir est quelque chose que nous créons nous-mêmes.,Il futuro è qualcosa che creiamo noi stessi.,"Die Zukunft ist etwas, das wir selbst erschaffen.",Wèilái shì wǒmen zìjǐ chuàngzào de.,未来是我们自己创造的。,
885,B1,30,Abstract  Concepts,Conceitos Abstratos,Conceptos Abstractos,Concepts Abstraits,Concetti Astratti,Abstrakte Konzepte,抽象概念,Is it possible to live in a world without any conflict?,É possível viver em um mundo sem nenhum conflito?,¿Es posible vivir en un mundo sin ningún conflicto?,Est-il possible de vivre dans un monde sans aucun conflit ?,È possibile vivere in un mondo senza alcun conflitto?,"Ist es möglich, in einer Welt ohne Konflikte zu leben?",Shìjiè shàng zhēn de kěnéng wánquán méiyǒu chōngtū ma?,世界上真的可能完全没有冲突吗？,
886,B1,30,Abstract  Concepts,Conceitos Abstratos,Conceptos Abstractos,Concepts Abstraits,Concetti Astratti,Abstrakte Konzepte,抽象概念,We should all try to be more mindful of our actions.,Todos deveríamos tentar ser mais conscientes de nossas ações.,Todos deberíamos intentar ser más conscientes de nuestras acciones.,Nous devrions tous essayer d'être plus conscients de nos actions.,Dovremmo tutti cercare di essere più consapevoli delle nostre azioni.,"Wir sollten alle versuchen, uns unserer Handlungen bewusster zu sein.",Wǒmen dōu yīnggāi duì zìjǐ de yánxíng gèngjiā jǐnshèn.,我们都应该对自己的言行更加谨慎。,
887,B1,30,Abstract  Concepts,Conceitos Abstratos,Conceptos Abstractos,Concepts Abstraits,Concetti Astratti,Abstrakte Konzepte,抽象概念,I believe that everyone has a special talent.,Acredito que todos têm um talento especial.,Creo que todo el mundo tiene un talento especial.,Je crois que tout le monde a un talent particulier.,Credo che tutti abbiano un talento speciale.,"Ich glaube, dass jeder ein besonderes Talent hat.",Wǒ xiāngxìn měi gè rén dōu yǒu dútè de tiānfù.,我相信每个人都有独特的天赋。,
888,B1,30,Abstract  Concepts,Conceitos Abstratos,Conceptos Abstractos,Concepts Abstraits,Concetti Astratti,Abstrakte Konzepte,抽象概念,It is important to learn from the mistakes of the past.,É importante aprender com os erros do passado.,Es importante aprender de los errores del pasado.,Il est important d'apprendre des erreurs du passé.,È importante imparare dagli errori del passato.,"Es ist wichtig, aus den Fehlern der Vergangenheit zu lernen.",Cóng guòqù de cuòwù zhōng xīqǔ jiàoxùn fēicháng zhòngyào.,从过去的错误中吸取教训非常重要。,
889,B1,30,Abstract  Concepts,Conceitos Abstratos,Conceptos Abstractos,Concepts Abstraits,Concetti Astratti,Abstrakte Konzepte,抽象概念,What do you think is the role of art in our society?,Qual você acha que é o papel da arte na nossa sociedade?,¿Cuál crees que es el papel del arte en nuestra sociedad?,"Quel est, selon vous, le rôle de l'art dans notre société ?",Quale pensi sia il ruolo dell'arte nella nostra società?,Was ist deiner Meinung nach die Rolle der Kunst in unserer Gesellschaft?,Nǐ rènwéi yìshù zài shèhuì zhōng bànyǎnzhe shénme juésè?,你认为艺术在社会中扮演着什么角色？,
890,B1,30,Abstract  Concepts,Conceitos Abstratos,Conceptos Abstractos,Concepts Abstraits,Concetti Astratti,Abstrakte Konzepte,抽象概念,Happiness is something that comes from within yourself.,A felicidade é algo que vem de dentro de você.,La felicidad es algo que viene de tu interior.,Le bonheur est quelque chose qui vient de l'intérieur de soi.,La felicità è qualcosa che viene da dentro di sé.,"Glück ist etwas, das von innen kommt.",Xìngfú shì yuánzì nèixīn de.,幸福是源自内心的。,
891,B1,30,Abstract  Concepts,Conceitos Abstratos,Conceptos Abstractos,Concepts Abstraits,Concetti Astratti,Abstrakte Konzepte,抽象概念,We live in a world that is constantly changing.,Vivemos em um mundo que está em constante mudança.,Vivimos en un mundo que cambia constantemente.,Nous vivons dans un monde en constante évolution.,Viviamo in un mondo in continua evoluzione.,"Wir leben in einer Welt, die sich ständig verändert.",Wǒmen shēnghuó zài yī gè bùduàn biànhuà de shìjiè lǐ.,我们生活在一个不断变化的世界里。,
892,B1,30,Abstract  Concepts,Conceitos Abstratos,Conceptos Abstractos,Concepts Abstraits,Concetti Astratti,Abstrakte Konzepte,抽象概念,I think that friendship is more important than money.,Acho que a amizade é mais importante do que o dinheiro.,Creo que la amistad es más importante que el dinero.,Je pense que l'amitié est plus importante que l'argent.,Penso che l'amicizia sia più importante dei soldi.,"Ich denke, dass Freundschaft wichtiger ist als Geld.",Wǒ juéde yǒuyì bǐ jīnqián gèng zhòngyào.,我觉得友谊比金钱更重要。,
893,B1,30,Abstract  Concepts,Conceitos Abstratos,Conceptos Abstractos,Concepts Abstraits,Concetti Astratti,Abstrakte Konzepte,抽象概念,It is necessary to take risks if you want to succeed.,É necessário correr riscos se você quiser ter sucesso.,Es necesario correr riesgos si quieres tener éxito.,Il est nécessaire de prendre des risques si l'on veut réussir.,È necessario correre dei rischi se si vuole avere successo.,"Es ist notwendig, Risiken einzugehen, wenn man erfolgreich sein will.","Yàoxiǎng chénggōng, jiù bìxū yǒngyú màoxiǎn.",要想成功，就必须勇于冒险。,
894,B1,30,Abstract  Concepts,Conceitos Abstratos,Conceptos Abstractos,Concepts Abstraits,Concetti Astratti,Abstrakte Konzepte,抽象概念,What do you believe is the most important human right?,O que você acredita ser o direito humano mais importante?,¿Cuál crees que es el derecho humano más importante?,"Quel est, selon vous, le droit de l'homme le plus important ?",Quale credi sia il diritto umano più importante?,Was ist deiner Meinung nach das wichtigste Menschenrecht?,Nǐ rènwéi zuì zhòngyào de rénquán shì shénme?,你认为最重要的人权是什么？,
895,B1,30,Abstract  Concepts,Conceitos Abstratos,Conceptos Abstractos,Concepts Abstraits,Concetti Astratti,Abstrakte Konzepte,抽象概念,I’ve always thought that nature is the best teacher.,Sempre achei que a natureza é a melhor professora.,Siempre he pensado que la naturaleza es el mejor maestro.,J'ai toujours pensé que la nature est le meilleur professeur.,Ho sempre pensato che la natura sia la migliore maestra.,"Ich habe schon immer gedacht, dass die Natur der beste Lehrer ist.",Wǒ yīzhí rènwéi dàzìrán shì zuì hǎo de lǎoshī.,我一直认为大自然是最好的老师。,
896,B1,30,Abstract  Concepts,Conceitos Abstratos,Conceptos Abstractos,Concepts Abstraits,Concetti Astratti,Abstrakte Konzepte,抽象概念,It is important to be honest with yourself and others.,É importante ser honesto consigo mesmo e com os outros.,Es importante ser honesto contigo mismo y con los demás.,Il est important d'être honnête avec soi-même et avec les autres.,È importante essere onesti con se stessi e con gli altri.,"Es ist wichtig, ehrlich zu sich selbst und zu anderen zu sein.",Duì zìjǐ hé tārén chéngshí fēicháng zhòngyào.,对自己和他人诚实非常重要。,
897,B1,30,Abstract  Concepts,Conceitos Abstratos,Conceptos Abstractos,Concepts Abstraits,Concetti Astratti,Abstrakte Konzepte,抽象概念,We should try to help those who are less fortunate than us.,Deveríamos tentar ajudar aqueles que são menos afortunados que nós.,Deberíamos intentar ayudar a los menos afortunados que nosotros.,Nous devrions essayer d'aider ceux qui ont moins de chance que nous.,Dovremmo cercare di aiutare chi è meno fortunato di noi.,"Wir sollten versuchen, denjenigen zu helfen, denen es weniger gut geht als uns.",Wǒmen yīnggāi duō qù bāngzhù nàxiē jìngyù bùrú wǒmen de rén.,我们应该多去帮助那些境遇不如我们的人。,
898,B1,30,Abstract  Concepts,Conceitos Abstratos,Conceptos Abstractos,Concepts Abstraits,Concetti Astratti,Abstrakte Konzepte,抽象概念,I think that time is the most valuable thing we have.,Acho que o tempo é a coisa mais valiosa que temos.,Creo que el tiempo es lo más valioso que tenemos.,Je pense que le temps est la chose la plus précieuse que nous ayons.,Penso che il tempo sia la cosa più preziosa che abbiamo.,"Ich denke, dass Zeit das Kostbarste ist, was wir haben.",Wǒ juéde shíjiān shì wǒmen zuì bǎoguì de cáifù.,我觉得时间是我们最宝贵的财富。,
899,B1,30,Abstract  Concepts,Conceitos Abstratos,Conceptos Abstractos,Concepts Abstraits,Concetti Astratti,Abstrakte Konzepte,抽象概念,Do you think that the internet has made our lives better?,Você acha que a internet tornou nossas vidas melhores?,¿Crees que internet ha mejorado nuestras vidas?,Pensez-vous qu'Internet a amélioré nos vies ?,Pensi che Internet abbia migliorato le nostre vite?,"Glaubst du, dass das Internet unser Leben besser gemacht hat?",Nǐ juéde hùliánwǎng ràng wǒmen de shēnghuó biànde gèng hǎo le ma?,你觉得互联网让我们的生活变得更好了吗？,
900,B1,30,Abstract  Concepts,Conceitos Abstratos,Conceptos Abstractos,Concepts Abstraits,Concetti Astratti,Abstrakte Konzepte,抽象概念,The world would be a better place if everyone was kinder.,O mundo seria um lugar melhor se todos fossem mais gentis.,El mundo sería un lugar mejor si todos fueran más amables.,Le monde serait un meilleur endroit si tout le monde était plus gentil.,Il mondo sarebbe un posto migliore se tutti fossero più gentili.,"Die Welt wäre ein besserer Ort, wenn jeder freundlicher wäre.","Rúguǒ rénrén dōu duō yīdiǎn shànyì, shìjiè huì biànde gèng měihǎo.",如果人人都多一点善意，世界会变得更美好。,
901,B2,31,Greetings & Social Basics,Saudações e Socialização,Saludos y Socialización,Salutations et Base Sociale,Saluti e Socializzazione,Begrüßung & Soziales,问候与社交基础,It has been a pleasure catching up with you after all this time.,Tem sido um prazer falar com você depois de tanto tempo.,Ha sido un placer ponerme al día contigo después de tanto tiempo.,C'est un plaisir de vous revoir après tout ce temps.,È stato un piacere rivederti dopo tutto questo tempo.,"Es war schön, mich nach all der Zeit wieder mit dir zu unterhalten.","Zhème jiǔ méi jiàn, néng hé nǐ xùxùjiù zhēn hǎo.",这么久没见，能和你叙叙旧真好。,
902,B2,31,Greetings & Social Basics,Saudações e Socialização,Saludos y Socialización,Salutations et Base Sociale,Saluti e Socializzazione,Begrüßung & Soziales,问候与社交基础,I was wondering if you could possibly put me in touch with your manager.,Eu estava me perguntando se por acaso você poderia me colocar em contato com seu gerente.,Me preguntaba si de casualidad podrías ponerme en contacto con tu gerente.,Je me demandais si vous pourriez me mettre en relation avec votre responsable.,Mi chiedevo se potessi mettermi in contatto con il tuo manager.,"Ich habe mich gefragt, ob du mich vielleicht mit deinem Chef in Verbindung bringen könntest.",Bùzhī nín néngfǒu bāng wǒ yǐnjiàn yīxià nǐmen jīnglǐ?,不知您能否帮我引荐一下你们经理？,
903,B2,31,Greetings & Social Basics,Saudações e Socialização,Saludos y Socialización,Salutations et Base Sociale,Saluti e Socializzazione,Begrüßung & Soziales,问候与社交基础,"I’m sorry to bother you, but I couldn't help overhearing your conversation.","Sinto muito incomodá-lo, mas não pude deixar de ouvir sua conversa.","Siento molestarte, pero no pude evitar escuchar tu conversación.","Veuillez m'excuser de vous déranger, mais je n'ai pas pu m'empêcher d'entendre votre conversation.","Scusa se ti disturbo, ma non ho potuto fare a meno di ascoltare la tua conversazione.","Entschuldigen Sie die Störung, aber ich habe zufällig Ihr Gespräch mitgehört.","Bù hǎoyìsi dǎrǎo yīxià, wǒ gāngcái wúyì zhōng tīngdào le nǐmen de tánhuà.",不好意思打扰一下，我刚才无意中听到了你们的谈话。,
904,B2,31,Greetings & Social Basics,Saudações e Socialização,Saludos y Socialización,Salutations et Base Sociale,Saluti e Socializzazione,Begrüßung & Soziales,问候与社交基础,Please accept my sincerest apologies for the delay in getting back to you.,"Por favor, aceite minhas sinceras desculpas pela demora em responder.","Por favor, acepta mis más sinceras disculpas por la demora en responderte.",Je vous prie d'accepter mes sincères excuses pour le retard de ma réponse.,Ti prego di accettare le mie più sincere scuse per il ritardo nella risposta.,Bitte entschuldige vielmals meine verspätete Rückmeldung.,"Méi néng jíshí huífù nín, zàicǐ xiàng nín zhìyǐ chéngzhì de qiànyì.",没能及时回复您，在此向您致以诚挚的歉意。,
905,B2,31,Greetings & Social Basics,Saudações e Socialização,Saludos y Socialización,Salutations et Base Sociale,Saluti e Socializzazione,Begrüßung & Soziales,问候与社交基础,"It’s been ages, what have you been up to lately?","Faz séculos, o que você tem feito ultimamente?",Hace siglos; ¿qué has estado haciendo últimamente?,"Ça fait un bail, qu'as-tu fait de beau ces derniers temps ?","È passato un secolo, cosa hai fatto di bello ultimamente?","Es ist ewig her, was hast du in letzter Zeit so gemacht?","Hǎojiǔ bùjiàn, nǐ zuìjìn dōu zài máng xiē shénme ne?",好久不见，你最近都在忙些什么呢？,
906,B2,31,Greetings & Social Basics,Saudações e Socialização,Saludos y Socialización,Salutations et Base Sociale,Saluti e Socializzazione,Begrüßung & Soziales,问候与社交基础,I’d like to express my gratitude for everything you’ve done for us.,Gostaria de expressar minha gratidão por tudo o que você fez por nós.,Me gustaría expresar mi gratitud por todo lo que has hecho por nosotros.,J'aimerais vous exprimer ma gratitude pour tout ce que vous avez fait pour nous.,Vorrei esprimere la mia gratitudine per tutto quello che hai fatto per noi.,"Ich möchte dir für alles danken, was du für uns getan hast.","Duì nín wèi wǒmen suǒ zuò de yīqiè, wǒ shēn biǎo gǎnxiè.",对您为我们所做的一切，我深表感谢。,
907,B2,31,Greetings & Social Basics,Saudações e Socialização,Saludos y Socialización,Salutations et Base Sociale,Saluti e Socializzazione,Begrüßung & Soziales,问候与社交基础,Would you mind if I joined you for a moment?,Você se importaria se eu me juntasse a você por um momento?,¿Te importaría si me uniera a ti por un momento?,Cela te dérangerait-il que je me joigne à toi un instant ?,Ti dispiacerebbe se mi unissi a te per un momento?,"Hättest du etwas dagegen, wenn ich mich kurz zu dir setze?",Bù jièyì wǒ zuò guòlái liáo huìr ba?,不介意我坐过来聊会儿吧？,
908,B2,31,Greetings & Social Basics,Saudações e Socialização,Saludos y Socialización,Salutations et Base Sociale,Saluti e Socializzazione,Begrüßung & Soziales,问候与社交基础,"I don’t think we’ve officially met yet, have we?","Acho que ainda não nos conhecemos oficialmente, não é?","No creo que nos hayamos conocido oficialmente todavía, ¿verdad?","Je ne pense pas que nous nous soyons déjà rencontrés officiellement, n'est-ce pas ?","Non credo che ci siamo ancora presentati ufficialmente, vero?","Ich glaube, wir kennen uns noch gar nicht offiziell, oder?",Wǒmen hǎoxiàng hái méi zhèngshì rènshi guò ba?,我们好像还没正式认识过吧？,
909,B2,31,Greetings & Social Basics,Saudações e Socialização,Saludos y Socialización,Salutations et Base Sociale,Saluti e Socializzazione,Begrüßung & Soziales,问候与社交基础,I’m really looking forward to seeing how this project develops.,Estou realmente ansioso para ver como este projeto se desenvolve.,Tengo muchas ganas de ver cómo se desarrolla este proyecto.,J'ai vraiment hâte de voir comment ce projet évolue.,Non vedo l'ora di vedere come si svilupperà questo progetto.,"Ich bin sehr gespannt darauf, wie sich dieses Projekt entwickelt.",Wǒ hěn qīdài kàndào zhège xiàngmù de hòuxù jìnzhǎn.,我很期待看到这个项目的后续进展。,
910,B2,31,Greetings & Social Basics,Saudações e Socialização,Saludos y Socialización,Salutations et Base Sociale,Saluti e Socializzazione,Begrüßung & Soziales,问候与社交基础,Could you give my regards to the rest of the team?,Você poderia mandar meus cumprimentos ao resto da equipe?,¿Podrías dar mis saludos al resto del equipo?,Pourriez-vous transmettre mes amitiés au reste de l'équipe ?,Potresti portare i miei saluti al resto della squadra?,Könntest du dem Rest des Teams meine Grüße ausrichten?,Néng bāng wǒ xiàng tuánduì lǐ de qítā rén dài gè hǎo ma?,能帮我向团队里的其他人带个好吗？,
911,B2,31,Greetings & Social Basics,Saudações e Socialização,Saludos y Socialización,Salutations et Base Sociale,Saluti e Socializzazione,Begrüßung & Soziales,问候与社交基础,It was very kind of you to host such a wonderful dinner.,Foi muita gentileza sua oferecer um jantar tão maravilhoso.,Fue muy amable de tu parte organizar una cena tan maravillosa.,C'était très gentil de votre part d'organiser un si merveilleux dîner.,È stato molto gentile da parte tua organizzare una cena così meravigliosa.,"Es war sehr nett von dir, so ein wunderbares Abendessen auszurichten.",Fēicháng gǎnxiè nín zhǔnbèi le zhème fēngshèng de wǎncān.,非常感谢您准备了这么丰盛的晚餐。,
912,B2,31,Greetings & Social Basics,Saudações e Socialização,Saludos y Socialización,Salutations et Base Sociale,Saluti e Socializzazione,Begrüßung & Soziales,问候与社交基础,I hope you don’t mind me dropping by unannounced.,Espero que não se importe que eu passe por aqui sem avisar.,Espero que no te importe que pase por aquí sin avisar.,J'espère que cela ne vous dérange pas que je passe à l'improviste.,Spero che non ti dispiaccia se sono passato senza preavviso.,"Ich hoffe, es macht dir nichts aus, dass ich unangekündigt vorbeischaue.","Méi tíqián dǎ zhāohu jiù guòlái, xīwàng méi dǎrǎo dào nǐ.",没提前打招呼就过来，希望没打扰到你。,
913,B2,31,Greetings & Social Basics,Saudações e Socialização,Saludos y Socialización,Salutations et Base Sociale,Saluti e Socializzazione,Begrüßung & Soziales,问候与社交基础,I’m afraid I’ve got to head off now as I have another commitment.,"Receio que eu tenha que ir agora, pois tenho outro compromisso.",Me temo que tengo que irme ahora porque tengo otro compromiso.,Je crains de devoir partir maintenant car j'ai un autre engagement.,Temo di dover andare via ora perché ho un altro impegno.,"Ich fürchte, ich muss jetzt los, da ich noch einen Termin habe.","Wǒ jiēxiàlái hái yǒudiǎn bié de shì, jiù xiān shīpéi le.",我接下来还有点别的事，就先失陪了。,
914,B2,31,Greetings & Social Basics,Saudações e Socialização,Saludos y Socialización,Salutations et Base Sociale,Saluti e Socializzazione,Begrüßung & Soziales,问候与社交基础,Let’s make sure to keep in touch more often in the future.,Vamos nos assegurar de manter contato com mais frequência no futuro.,Asegurémonos de mantener el contacto con más frecuencia en el futuro.,Assurons-nous de rester en contact plus souvent à l'avenir.,Assicuriamoci di rimanere in contatto più spesso in futuro.,Lass uns in Zukunft öfter in Kontakt bleiben.,Wǒmen yǐhòu kě yào cháng liánxì a.,我们以后可要常联系啊。,
915,B2,31,Greetings & Social Basics,Saudações e Socialização,Saludos y Socialización,Salutations et Base Sociale,Saluti e Socializzazione,Begrüßung & Soziales,问候与社交基础,Do you happen to have a spare minute to discuss something?,Por acaso você teria um minuto livre para discutir algo?,¿Por casualidad tendrías un minuto libre para discutir algo?,Aurais-tu une minute pour discuter de quelque chose ?,Avresti un minuto libero per discutere di una cosa?,"Hast du zufällig eine Minute Zeit, um etwas zu besprechen?",Nǐ xiànzài fāngbiàn liáo jǐ fēnzhōng ma?,你现在方便聊几分钟吗？,
916,B2,31,Greetings & Social Basics,Saudações e Socialização,Saludos y Socialización,Salutations et Base Sociale,Saluti e Socializzazione,Begrüßung & Soziales,问候与社交基础,I really appreciate you taking the time to see me on such short notice.,Eu realmente agradeço por você ter reservado um tempo para me ver em cima da hora.,Realmente agradezco que te hayas tomado el tiempo de verme con tan poco aviso.,Je vous remercie vraiment d'avoir pris le temps de me voir si vite.,Apprezzo molto che tu abbia trovato il tempo di vedermi con così poco preavviso.,"Ich weiß es wirklich zu schätzen, dass du dir so kurzfristig Zeit für mich genommen hast.",Fēicháng gǎnxiè nín zài bǎimáng zhī zhōng chōukòng jiàn wǒ.,非常感谢您在百忙之中抽空见我。,
917,B2,31,Greetings & Social Basics,Saudações e Socialização,Saludos y Socialización,Salutations et Base Sociale,Saluti e Socializzazione,Begrüßung & Soziales,问候与社交基础,"I’m sorry, I didn't quite catch the last part of what you said.","Desculpe, não entendi bem a última parte do que você disse.","Lo siento, no entendí bien la última parte de lo que dijiste.","Désolé, je n'ai pas tout à fait saisi la dernière partie de ce que vous avez dit.","Scusa, non ho afferrato bene l'ultima parte di quello che hai detto.","Entschuldige, ich habe den letzten Teil von dem, was du gesagt hast, nicht ganz mitbekommen.","Bù hǎoyìsi, wǒ méi tài tīngqīng nǐ zuìhòu shuō de zhè bùfen.",不好意思，我没太听清你最后说的这部分。,
918,B2,31,Greetings & Social Basics,Saudações e Socialização,Saludos y Socialización,Salutations et Base Sociale,Saluti e Socializzazione,Begrüßung & Soziales,问候与社交基础,It’s a pleasure to finally meet you in person.,É um prazer finalmente conhecê-lo pessoalmente.,Es un placer conocerte finalmente en persona.,C'est un plaisir de vous rencontrer enfin en personne.,È un piacere conoscerti finalmente di persona.,"Es ist schön, dich endlich persönlich kennenzulernen.",Hěn gāoxìng zhōngyú jiàndào nín běnrén le.,很高兴终于见到您本人了。,
919,B2,31,Greetings & Social Basics,Saudações e Socialização,Saludos y Socialización,Salutations et Base Sociale,Saluti e Socializzazione,Begrüßung & Soziales,问候与社交基础,I’d be more than happy to show you around the office.,Ficaria mais do que feliz em mostrar o escritório a você.,Estaría más que feliz de mostrarte la oficina.,Je serais ravi de vous faire visiter le bureau.,Sarei più che felice di mostrarti l'ufficio.,Ich zeige dir sehr gerne das Büro.,Wǒ hěn lèyì dài nǐ zài bàngōngshì zhuànzhuan.,我很乐意带你在办公室转转。,
920,B2,31,Greetings & Social Basics,Saudações e Socialização,Saludos y Socialización,Salutations et Base Sociale,Saluti e Socializzazione,Begrüßung & Soziales,问候与社交基础,I’m sorry for any inconvenience this may have caused.,Sinto muito por qualquer inconveniente que isso possa ter causado.,Siento cualquier inconveniente que esto haya podido causar.,Je suis désolé pour tout désagrément que cela a pu causer.,Mi scuso per qualsiasi inconveniente questo possa aver causato.,"Ich entschuldige mich für etwaige Unannehmlichkeiten, die dadurch entstanden sein könnten.","Yóucǐ gěi nín dàilái de bùbiàn, wǒmen shēn biǎo qiànyì.",由此给您带来的不便，我们深表歉意。,
921,B2,31,Greetings & Social Basics,Saudações e Socialização,Saludos y Socialización,Salutations et Base Sociale,Saluti e Socializzazione,Begrüßung & Soziales,问候与社交基础,How are you finding your new role so far?,O que você está achando da sua nova função até agora?,¿Cómo te está pareciendo tu nuevo puesto hasta ahora?,Comment trouves-tu ton nouveau rôle jusqu'à présent ?,Come ti trovi nel tuo nuovo ruolo finora?,Wie gefällt dir deine neue Rolle bisher?,Xīn gǎngwèi nǐ shìyìng de zěnmeyàng le?,新岗位你适应得怎么样了？,
922,B2,31,Greetings & Social Basics,Saudações e Socialização,Saludos y Socialización,Salutations et Base Sociale,Saluti e Socializzazione,Begrüßung & Soziales,问候与社交基础,"It was lovely meeting you, and I hope our paths cross again soon.",Foi um prazer conhecê-lo e espero que nossos caminhos se cruzem novamente em breve.,Fue un placer conocerte y espero que nuestros caminos se crucen de nuevo pronto.,J'ai été ravi de vous rencontrer et j'espère que nous nous reverrons bientôt.,È stato un piacere conoscerti e spero che le nostre strade si incrocino di nuovo presto.,"Es war schön, dich kennenzulernen, und ich hoffe, wir sehen uns bald wieder.","Hěn gāoxìng jiéshí nín, qīdài bùjiǔ hòu néng zàicì xiāngyù.",很高兴结识您，期待不久后能再次相遇。,
923,B2,31,Greetings & Social Basics,Saudações e Socialização,Saludos y Socialización,Salutations et Base Sociale,Saluti e Socializzazione,Begrüßung & Soziales,问候与社交基础,Would it be possible for us to reschedule our meeting for next week?,Seria possível remarcarmos nossa reunião para a próxima semana?,¿Sería posible que reprogramáramos nuestra reunión para la próxima semana?,Serait-il possible de reporter notre réunion à la semaine prochaine ?,Sarebbe possibile spostare la nostra riunione alla prossima settimana?,"Wäre es möglich, unser Treffen auf nächste Woche zu verschieben?",Wǒmen néng bù néng bǎ huìyì tuīchí dào xià zhōu ma?,我们能不能把会议推迟到下周？,
924,B2,31,Greetings & Social Basics,Saudações e Socialização,Saludos y Socialización,Salutations et Base Sociale,Saluti e Socializzazione,Begrüßung & Soziales,问候与社交基础,I’ll be sure to pass that information along to the relevant person.,Vou repassar essa informação para o responsável.,Me aseguraré de pasar esa información a la persona correspondiente.,Je ne manquerai pas de transmettre cette information à la personne concernée.,Mi assicurerò di trasmettere l'informazione alla persona competente.,Ich leite diese Information auf jeden Fall an die zuständige Person weiter.,Wǒ yīdìng huì bǎ zhège qíngkuàng zhuǎndá gěi xiāngguān fùzérén.,我一定会把这个情况转达给相关负责人。,
925,B2,31,Greetings & Social Basics,Saudações e Socialização,Saludos y Socialización,Salutations et Base Sociale,Saluti e Socializzazione,Begrüßung & Soziales,问候与社交基础,I hope you have a productive and enjoyable stay here.,Espero que você tenha uma estadia produtiva e agradável aqui.,Espero que tengas una estancia productiva y agradable aquí.,J'espère que vous passerez un séjour productif et agréable ici.,Spero che il tuo soggiorno qui sia produttivo e piacevole.,"Ich hoffe, du hast einen produktiven und angenehmen Aufenthalt hier.","Zhù nǐ zài zhèlǐ guò de yúkuài, gōngzuò shùnlì, shōuhuò mǎnmǎn.",祝你在这里过得愉快，工作顺利、收获满满。,
926,B2,31,Greetings & Social Basics,Saudações e Socialização,Saludos y Socialización,Salutations et Base Sociale,Saluti e Socializzazione,Begrüßung & Soziales,问候与社交基础,Thank you for being so patient with me during this process.,Obrigado por ser tão paciente comigo durante este processo.,Gracias por ser tan paciente conmigo durante este proceso.,Merci d'avoir été si patient avec moi pendant ce processus.,Grazie per essere stato così paziente con me durante questo processo.,Vielen Dank für deine Geduld während dieses Prozesses.,Fēicháng gǎnxiè nǐ zàicǐ qījiān duì wǒ de nàixīn bāoróng.,非常感谢你在此期间对我的耐心包容。,
927,B2,31,Greetings & Social Basics,Saudações e Socialização,Saludos y Socialización,Salutations et Base Sociale,Saluti e Socializzazione,Begrüßung & Soziales,问候与社交基础,I was just about to call you when I saw your message.,Eu estava prestes a ligar para você quando vi sua mensagem.,Estaba a punto de llamarte cuando vi tu mensaje.,J'étais sur le point de t'appeler quand j'ai vu ton message.,Stavo proprio per chiamarti quando ho visto il tuo messaggio.,"Ich wollte dich gerade anrufen, als ich deine Nachricht gesehen habe.","Wǒ zhèng zhǔnbèi gěi nǐ dǎ diànhuà, jiù kàndào nǐ de xiāoxi le.",我正准备给你打电话，就看到你的消息了。,
928,B2,31,Greetings & Social Basics,Saudações e Socialização,Saludos y Socialización,Salutations et Base Sociale,Saluti e Socializzazione,Begrüßung & Soziales,问候与社交基础,I’m really glad we had the chance to talk things through.,Estou muito feliz por termos tido a chance de conversar abertamente.,Realmente me alegra que hayamos tenido la oportunidad de hablar las cosas a fondo.,Je suis vraiment content que nous ayons eu la chance de discuter de tout ça.,Sono davvero felice che abbiamo avuto la possibilità di chiarire le cose.,"Ich bin wirklich froh, dass wir die Gelegenheit hatten, uns auszusprechen.",Wǒ hěn gāoxìng wǒmen yǒu jīhuì bǎ huà shuōkāi.,我很高兴我们有机会把话说开。,
929,B2,31,Greetings & Social Basics,Saudações e Socialização,Saludos y Socialización,Salutations et Base Sociale,Saluti e Socializzazione,Begrüßung & Soziales,问候与社交基础,Please let me know if there is anything else I can help you with.,"Por favor, me avise se houver algo mais em que eu possa ajudá-lo.","Por favor, avísame si hay algo más en lo que pueda ayudarte.",N'hésitez pas à me faire savoir si je peux vous aider pour quoi que ce soit d'autre.,Fammi sapere se c'è qualcos'altro in cui posso aiutarti.,"Sag mir bitte Bescheid, wenn ich dir sonst noch irgendwie helfen kann.","Rúguǒ hái yǒu qítā xūyào xiézhù de dìfang, qǐng suíshí gàosu wǒ.",如果还有其他需要协助的地方，请随时告诉我。,
930,B2,31,Greetings & Social Basics,Saudações e Socialização,Saludos y Socialización,Salutations et Base Sociale,Saluti e Socializzazione,Begrüßung & Soziales,问候与社交基础,I’ll see you at the conference on Thursday then!,Vejo você na conferência na quinta-feira então!,¡Nos vemos en la conferencia el jueves entonces!,On se voit à la conférence jeudi alors !,Ci vediamo alla conferenza giovedì allora!,Dann sehen wir uns am Donnerstag auf der Konferenz!,Nà zánmen zhōusì huì shàng jiàn!,那咱们周四会上见！,
931,B2,32,Personal Information,Informações Pessoais,Información Personal,Informations Personnelles,Informazioni Personali,Persönliche Infos,个人信息,I grew up in a suburb where everyone knew each other's business.,Cresci em um subúrbio onde todos sabiam da vida uns dos outros.,Crecí en un suburbio donde todo el mundo sabía los asuntos de los demás.,J'ai grandi dans une banlieue où tout le monde se mêlait des affaires des autres.,Sono cresciuto in un sobborgo dove tutti sapevano tutto di tutti.,"Ich bin in einem Vorort aufgewachsen, in dem jeder über jeden Bescheid wusste.",Wǒ shì zài yī gè dàjiā dōu zhīgēnzhīdǐ de jiāoqū xiǎozhèn zhǎngdà de.,我是在一个大家都知根知底的郊区小镇长大的。,
932,B2,32,Personal Information,Informações Pessoais,Información Personal,Informations Personnelles,Informazioni Personali,Persönliche Infos,个人信息,She has always been someone who puts others before herself.,Ela sempre foi alguém que coloca os outros à frente de si mesma.,Ella siempre ha sido alguien que pone a los demás antes que a sí misma.,Elle a toujours été quelqu'un qui fait passer les autres avant elle-même.,È sempre stata una persona che mette gli altri prima di se stessa.,"Sie war schon immer jemand, der zuerst an andere denkt.",Tā zǒngshì yīxīn tì biérén zháoxiǎng.,她总是一心替别人着想。,
933,B2,32,Personal Information,Informações Pessoais,Información Personal,Informations Personnelles,Informazioni Personali,Persönliche Infos,个人信息,I’ve been living in this neighborhood for nearly a decade now.,Moro neste bairro há quase uma década agora.,He vivido en este barrio durante casi una década.,J'habite dans ce quartier depuis près de dix ans maintenant.,Vivo in questo quartiere da quasi un decennio ormai.,Ich lebe jetzt seit fast zehn Jahren in diesem Viertel.,Wǒ zài zhège xiǎoqū zhù le kuài shí nián le.,我在这个小区住了快十年了。,
934,B2,32,Personal Information,Informações Pessoais,Información Personal,Informations Personnelles,Informazioni Personali,Persönliche Infos,个人信息,My brother is much more ambitious than I could ever be.,Meu irmão é muito mais ambicioso do que eu jamais poderia ser.,Mi hermano es mucho más ambicioso de lo que yo podría ser jamás.,Mon frère est beaucoup plus ambitieux que je ne pourrais jamais l'être.,Mio fratello è molto più ambizioso di quanto potrei mai essere io.,"Mein Bruder ist viel ehrgeiziger, als ich jemals sein könnte.",Wǒ gē bǐ wǒ gèng yǒu shàngjìnxīn.,我哥比我更有上进心。,
935,B2,32,Personal Information,Informações Pessoais,Información Personal,Informations Personnelles,Informazioni Personali,Persönliche Infos,个人信息,"I used to be quite shy, but I’ve become much more confident over time.","Eu costumava ser bastante tímido, mas me tornei muito mais confiante com o tempo.","Solía ser bastante tímido, pero me he vuelto mucho más seguro con el tiempo.","J'étais assez timide avant, mais je suis devenu beaucoup plus sûr de moi avec le temps.","Un tempo ero piuttosto timido, ma col tempo sono diventato molto più sicuro di me.","Früher war ich ziemlich schüchtern, aber mit der Zeit bin ich viel selbstbewusster geworden.","Wǒ yǐqián hěn nèixiàng, dàn suízhe shíjiān tuīyí biànde zìxìn duō le.",我以前很内向，但随着时间推移变得自信多了。,
936,B2,32,Personal Information,Informações Pessoais,Información Personal,Informations Personnelles,Informazioni Personali,Persönliche Infos,个人信息,Do you know anyone who has managed to turn their hobby into a career?,Você conhece alguém que conseguiu transformar seu hobby em carreira?,¿Conoces a alguien que haya logrado convertir su afición en una carrera profesional?,Connaissez-vous quelqu'un qui a réussi à faire de son hobby sa carrière ?,Conosci qualcuno che sia riuscito a trasformare il proprio hobby in una carriera?,"Kennst du jemanden, der es geschafft hat, sein Hobby zum Beruf zu machen?",Nǐ rènshi bǎ xìngqù àihào fāzhǎn chéng shìyè de rén ma?,你认识把兴趣爱好发展成事业的人吗？,
937,B2,32,Personal Information,Informações Pessoais,Información Personal,Informations Personnelles,Informazioni Personali,Persönliche Infos,个人信息,I am currently working as a senior analyst for a multinational company.,Atualmente trabalho como analista sênior para uma empresa multinacional.,Actualmente trabajo como analista sénior para una empresa multinacional.,Je travaille actuellement en tant qu'analyste senior pour une multinationale.,Attualmente lavoro come analista senior per una multinazionale.,Ich arbeite derzeit als Senior Analyst bei einem multinationalen Unternehmen.,Wǒ mùqián zài yī jiā kuàguó gōngsī dānrèn gāojí fēnxīshī.,我目前在一家跨国公司担任高级分析师。,
938,B2,32,Personal Information,Informações Pessoais,Información Personal,Informations Personnelles,Informazioni Personali,Persönliche Infos,个人信息,She has never really been the type of person to follow the crowd.,Ela nunca foi do tipo de pessoa que segue a multidão.,Ella nunca ha sido realmente el tipo de persona que sigue a la multitud.,Elle n'a jamais vraiment été du genre à suivre la foule.,Non è mai stata il tipo di persona che segue la massa.,"Sie war noch nie der Typ, der einfach mit dem Strom schwimmt.",Tā cónglái dōu bùshì nàzhǒng suíbōzhúliú de rén.,她从来都不是那种随波逐流的人。,
939,B2,32,Personal Information,Informações Pessoais,Información Personal,Informations Personnelles,Informazioni Personali,Persönliche Infos,个人信息,I am not nearly as patient as I used to be when I was younger.,Não sou nem de longe tão paciente quanto costumava ser quando era mais jovem.,No soy ni de cerca tan paciente como solía ser cuando era más joven.,Je ne suis pas du tout aussi patient que je l'étais quand j'étais plus jeune.,Non sono affatto paziente come lo ero quando ero più giovane.,"Ich bin bei Weitem nicht mehr so geduldig wie früher, als ich jünger war.",Wǒ xiànzài yuǎn méiyǒu niánqīng shí nàme yǒu nàixīn le.,我现在远没有年轻时那么有耐心了。,
940,B2,32,Personal Information,Informações Pessoais,Información Personal,Informations Personnelles,Informazioni Personali,Persönliche Infos,个人信息,My parents have always encouraged me to pursue my own path.,Meus pais sempre me incentivaram a seguir meu próprio caminho.,Mis padres siempre me han animado a seguir mi propio camino.,Mes parents m'ont toujours encouragé à suivre ma propre voie.,I miei genitori mi hanno sempre incoraggiato a seguire la mia strada.,"Meine Eltern haben mich immer ermutigt, meinen eigenen Weg zu gehen.",Wǒ fùmǔ yīzhí gǔlì wǒ zǒu zìjǐ de lù.,我父母一直鼓励我走自己的路。,
941,B2,32,Personal Information,Informações Pessoais,Información Personal,Informations Personnelles,Informazioni Personali,Persönliche Infos,个人信息,How would you describe your personality in just three words?,Como você descreveria sua personalidade em apenas três palavras?,¿Cómo describirías tu personalidad en solo tres palabras?,Comment décririez-vous votre personnalité en seulement trois mots ?,Come descriveresti la tua personalità in sole tre parole?,Wie würdest du deine Persönlichkeit in nur drei Wörtern beschreiben?,Nǐ néng yòng sān gè cí lái gàikuò nǐ de xìnggé ma?,你能用三个词来概括你的性格吗？,
942,B2,32,Personal Information,Informações Pessoais,Información Personal,Informations Personnelles,Informazioni Personali,Persönliche Infos,个人信息,I’m planning on taking a gap year to travel around South America.,Estou planejando tirar um ano sabático para viajar pela América do Sul.,Tengo planeado tomarme un año sabático para viajar por Sudamérica.,Je prévois de prendre une année sabbatique pour voyager en Amérique du Sud.,Sto pianificando di prendermi un anno sabbatico per viaggiare in Sud America.,"Ich plane, ein Sabbatjahr einzulegen, um durch Südamerika zu reisen.",Wǒ dǎsuan xiūzhěng yī nián qù Nánměi lǚxíng.,我打算休整一年去南美旅行。,
943,B2,32,Personal Information,Informações Pessoais,Información Personal,Informations Personnelles,Informazioni Personali,Persönliche Infos,个人信息,He is by far the most talented musician I have ever had the privilege to meet.,Ele é de longe o músico mais talentoso que já tive o privilégio de conhecer.,"Él es, con diferencia, el músico con más talento que he tenido el privilegio de conocer.",Il est de loin le musicien le plus talentueux que j'aie jamais eu le privilège de rencontrer.,È di gran lunga il musicista più talentuoso che io abbia mai avuto il privilegio di conoscere.,"Er ist mit Abstand der talentierteste Musiker, den ich jemals kennenlernen durfte.",Tā shì wǒ yǒuxìng jiéshí de zuì yǒu cáihuá de yīnyuèjiā.,他是我有幸结识的最有才华的音乐家。,
944,B2,32,Personal Information,Informações Pessoais,Información Personal,Informations Personnelles,Informazioni Personali,Persönliche Infos,个人信息,I have a close friend whose career has really taken off recently.,Tenho um amigo próximo cuja carreira decolou recentemente.,Tengo un amigo cercano cuya carrera ha despegado realmente hace poco.,J'ai un ami proche dont la carrière a vraiment décollé récemment.,Ho un caro amico la cui carriera è decollata di recente.,"Ich habe einen engen Freund, dessen Karriere in letzter Zeit so richtig Fahrt aufgenommen hat.","Wǒ yǒu gè hǎo péngyou, tā de shìyè zuìjìn fāzhǎn de fēngshēngshuǐqǐ.",我有个好朋友，他的事业最近发展得风生水起。,
945,B2,32,Personal Information,Informações Pessoais,Información Personal,Informations Personnelles,Informazioni Personali,Persönliche Infos,个人信息,I don't have nearly as much free time as I’d like to have.,Não tenho nem de longe tanto tempo livre quanto gostaria de ter.,No tengo ni de cerca tanto tiempo libre como me gustaría tener.,Je n'ai pas du tout autant de temps libre que je le souhaiterais.,Non ho affatto tutto il tempo libero che vorrei avere.,"Ich habe bei Weitem nicht so viel Freizeit, wie ich gerne hätte.",Wǒ de kòngxián shíjiān yuǎn méiyǒu wǒ xīwàng de nàme duō.,我的空闲时间远没有我希望的那么多。,
946,B2,32,Personal Information,Informações Pessoais,Información Personal,Informations Personnelles,Informazioni Personali,Persönliche Infos,个人信息,What do you consider to be your greatest achievement so far?,O que você considera ser sua maior conquista até agora?,¿Cuál consideras que ha sido tu mayor logro hasta ahora?,"Quel est, selon vous, votre plus bel accomplissement jusqu'à présent ?",Quale consideri sia il tuo più grande successo finora?,Was siehst du als deinen bisher größten Erfolg an?,Nǐ rènwéi zìjǐ mùqián zuìdà de chéngjiù shì shénme?,你认为自己目前最大的成就是什么？,
947,B2,32,Personal Information,Informações Pessoais,Información Personal,Informations Personnelles,Informazioni Personali,Persönliche Infos,个人信息,I was raised in an environment where education was highly valued.,Fui criado em um ambiente onde a educação era muito valorizada.,Me crié en un entorno donde se valoraba mucho la educación.,J'ai été élevé dans un environnement où l'éducation était très valorisée.,Sono cresciuto in un ambiente in cui l'istruzione era molto apprezzata.,"Ich bin in einem Umfeld aufgewachsen, in dem Bildung sehr geschätzt wurde.",Wǒ shì zài yī gè fēicháng zhòngshì jiàoyù de huánjìng zhōng zhǎngdà de.,我是在一个非常重视教育的环境中长大的。,
948,B2,32,Personal Information,Informações Pessoais,Información Personal,Informations Personnelles,Informazioni Personali,Persönliche Infos,个人信息,She is the person I always turn to whenever I need some sound advice.,Ela é a pessoa a quem sempre recorro quando preciso de um bom conselho.,Ella es la persona a la que siempre recurro cuando necesito un buen consejo.,C'est la personne vers qui je me tourne toujours quand j'ai besoin d'un bon conseil.,Lei è la persona a cui mi rivolgo sempre quando ho bisogno di un buon consiglio.,"Sie ist die Person, an die ich mich immer wende, wenn ich einen guten Rat brauche.","Měi dāng wǒ xūyào zhòngkěn de jiànyì shí, zǒng huì xiàng tā qǐngjiào.",每当我需要中肯的建议时，总会向她请教。,
949,B2,32,Personal Information,Informações Pessoais,Información Personal,Informations Personnelles,Informazioni Personali,Persönliche Infos,个人信息,I’ve always felt a strong connection to my roots in the countryside.,Sempre senti uma forte conexão com minhas raízes no campo.,Siempre he sentido una fuerte conexión con mis raíces en el campo.,J'ai toujours ressenti un lien fort avec mes racines à la campagne.,Ho sempre sentito un forte legame con le mie radici in campagna.,Ich habe mich schon immer stark mit meinen Wurzeln auf dem Land verbunden gefühlt.,Wǒ yīzhí juéde zìjǐ hé xiāngxià de gùtǔ yǒuzhe hěn shēn de liánjié.,我一直觉得自己和乡下的故土有着很深的联结。,
950,B2,32,Personal Information,Informações Pessoais,Información Personal,Informations Personnelles,Informazioni Personali,Persönliche Infos,个人信息,"My family moved abroad when I was ten, which was a huge adjustment.","Minha família mudou-se para o exterior quando eu tinha dez anos, o que foi um grande ajuste.","Mi familia se mudó al extranjero cuando yo tenía diez años, lo cual fue un gran cambio.","Ma famille a déménagé à l'étranger quand j'avais dix ans, ce qui a été un énorme changement.","La mia famiglia si è trasferita all'estero quando avevo dieci anni, il che è stato un grande cambiamento.","Meine Familie ist ins Ausland gezogen, als ich zehn war, was eine riesige Umstellung war.","Wǒ shí suì shí quánjiā yíjū guówài, nà shì yī duàn màncháng de shìyìng guòchéng.",我十岁时全家移居国外，那是一段漫长的适应过程。,
951,B2,32,Personal Information,Informações Pessoais,Información Personal,Informations Personnelles,Informazioni Personali,Persönliche Infos,个人信息,Are you the sort of person who thrives under pressure?,Você é o tipo de pessoa que prospera sob pressão?,¿Eres el tipo de persona que prospera bajo presión?,Es-tu le genre de personne qui s'épanouit sous la pression ?,Sei il tipo di persona che dà il meglio di sé sotto pressione?,"Bist du der Typ Mensch, der unter Druck zur Höchstform aufläuft?",Nǐ shì nàzhǒng yuè yǒu yālì yuè néng chāocháng fāhuī de rén ma?,你是那种越有压力越能超常发挥的人吗？,
952,B2,32,Personal Information,Informações Pessoais,Información Personal,Informations Personnelles,Informazioni Personali,Persönliche Infos,个人信息,I’ve known my best friend since we were toddlers playing in the park.,Conheço meu melhor amigo desde que éramos crianças brincando no parque.,Conozco a mi mejor amigo desde que éramos niños pequeños jugando en el parque.,Je connais mon meilleur ami depuis que nous sommes tout petits et que nous jouions au parc.,Conosco il mio migliore amico da quando eravamo piccoli e giocavamo al parco.,"Ich kenne meinen besten Freund schon, seit wir als Kleinkinder im Park gespielt haben.",Wǒ hé zuì hǎo de péngyou cóng zài gōngyuán wánshuǎ de xiǎo wáwa shí qǐ jiù rènshi le.,我和最好的朋友从在公园玩耍的小娃娃时起就认识了。,
953,B2,32,Personal Information,Informações Pessoais,Información Personal,Informations Personnelles,Informazioni Personali,Persönliche Infos,个人信息,He is looking for a job that offers more of a challenge.,Ele está procurando um emprego que ofereça um desafio maior.,Él está buscando un trabajo que ofrezca un mayor desafío.,Il cherche un emploi qui offre un plus grand défi.,Lui sta cercando un lavoro che offra una sfida maggiore.,"Er sucht einen Job, der eine größere Herausforderung bietet.",Tā zài zhǎo yī fèn gèng jù tiǎozhǎnxìng de gōngzuò.,他在找一份更具挑战性的工作。,
954,B2,32,Personal Information,Informações Pessoais,Información Personal,Informations Personnelles,Informazioni Personali,Persönliche Infos,个人信息,I’m still not entirely sure what I want to do with my life.,Ainda não tenho certeza absoluta do que quero fazer da minha vida.,Todavía no estoy del todo seguro de qué quiero hacer con mi vida.,Je ne sais toujours pas exactement ce que je veux faire de ma vie.,Non sono ancora del tutto sicuro di cosa voglio fare della mia vita.,"Ich bin mir immer noch nicht ganz sicher, was ich mit meinem Leben anfangen will.",Wǒ dào xiànzài hái bù wánquán quèdìng zìjǐ zhè bèizi xiǎng zuò shénme.,我到现在还不完全确定自己这辈子想做什么。,
955,B2,32,Personal Information,Informações Pessoais,Información Personal,Informations Personnelles,Informazioni Personali,Persönliche Infos,个人信息,What is the thing you miss most about your home country?,O que você mais sente falta no seu país de origem?,¿Qué es lo que más extrañas de tu país de origen?,Qu'est-ce qui vous manque le plus de votre pays d'origine ?,Cosa ti manca di più del tuo paese d'origine?,Was vermisst du am meisten an deinem Heimatland?,"Líkāi zǔguó hòu, nǐ zuì xiǎngniàn de shì shénme?",离开祖国后，你最想念的是什么？,
956,B2,32,Personal Information,Informações Pessoais,Información Personal,Informations Personnelles,Informazioni Personali,Persönliche Infos,个人信息,I’ve never been particularly fond of large social gatherings.,Nunca fui particularmente fã de grandes reuniões sociais.,Nunca me han gustado especialmente las grandes reuniones sociales.,Je n'ai jamais été particulièrement fan des grands rassemblements sociaux.,Non sono mai stato particolarmente amante dei grandi eventi mondani.,Ich war noch nie ein großer Fan von großen Veranstaltungen.,Wǒ xiànglái dōu bù tài xǐhuan dàxíng shèjiāo jùhuì.,我向来都不太喜欢大型社交聚会。,
957,B2,32,Personal Information,Informações Pessoais,Información Personal,Informations Personnelles,Informazioni Personali,Persönliche Infos,个人信息,"She is much more organized than her sister, who is rather chaotic.","Ela é muito mais organizada do que a irmã, que é bastante caótica.","Ella es mucho más organizada que su hermana, que es bastante caótica.","Elle est beaucoup plus organisée que sa sœur, qui est plutôt désordonnée.","Lei è molto più organizzata di sua sorella, che è piuttosto caotica.","Sie ist viel organisierter als ihre Schwester, die eher chaotisch ist.",Tā bǐ zuòshì yītuánzāo de mèimei yǒu tiáolǐ duō le.,她比做事一团糟的妹妹有条理多了。,
958,B2,32,Personal Information,Informações Pessoais,Información Personal,Informations Personnelles,Informazioni Personali,Persönliche Infos,个人信息,I’m extremely proud of the way I’ve handled recent challenges.,Estou extremamente orgulhoso da forma como lidei com os desafios recentes.,Estoy sumamente orgulloso de la forma en que he manejado los desafíos recientes.,Je suis extrêmement fier de la façon dont j'ai géré les récents défis.,Sono estremamente orgoglioso di come ho gestito le recenti sfide.,"Ich bin extrem stolz darauf, wie ich die Herausforderungen der letzten Zeit gemeistert habe.",Wǒ wèi zìjǐ yìngduì zuìjìn zhèxiē tiǎozhǎn de fāngshì gǎndào hěn zìháo.,我为自己应对最近这些挑战的方式感到很自豪。,
959,B2,32,Personal Information,Informações Pessoais,Información Personal,Informations Personnelles,Informazioni Personali,Persönliche Infos,个人信息,Do you have any interests that you’d like to pursue more seriously?,Você tem algum interesse que gostaria de seguir mais seriamente?,¿Tienes algún interés que te gustaría seguir más seriamente?,As-tu des centres d'intérêt que tu aimerais approfondir plus sérieusement ?,Hai qualche interesse che vorresti coltivare più seriamente?,"Hast du Interessen, die du gerne ernsthafter verfolgen würdest?",Nǐ yǒu shénme xiǎng shēnrù fāzhǎn de xìngqù àihào ma?,你有什么想深入发展的兴趣爱好吗？,
960,B2,32,Personal Information,Informações Pessoais,Información Personal,Informations Personnelles,Informazioni Personali,Persönliche Infos,个人信息,I’m trying to strike a better balance between my work and personal life.,Estou tentando encontrar um melhor equilíbrio entre meu trabalho e minha vida pessoal.,Estoy intentando encontrar un mejor equilibrio entre mi vida laboral y personal.,J'essaie de trouver un meilleur équilibre entre mon travail et ma vie personnelle.,Sto cercando di trovare un migliore equilibrio tra il mio lavoro e la mia vita privata.,"Ich versuche, eine bessere Balance zwischen meiner Arbeit und meinem Privatleben zu finden.",Wǒ zhèng nǔlì zài gōngzuò hé gèrén shēnghuó zhījiān zhǎodào gèng hǎo de pínghéng.,我正努力在工作和个人生活之间找到更好的平衡。,
961,B2,33,Daily Life & Routines,Vida Diária e Rotinas,Vida Diaria y Rutinas,Vie Quotidienne et Routines,Vita Quotidiana e Routine,Alltag & Routinen,日常生活与日常工作,I typically start my day by reviewing my to-do list for the afternoon.,Normalmente começo meu dia revisando minha lista de tarefas para a tarde.,Normalmente empiezo el día revisando mi lista de tareas para la tarde.,Je commence généralement ma journée en passant en revue ma liste de choses à faire pour l'après-midi.,Di solito inizio la giornata ripassando la lista delle cose da fare per il pomeriggio.,"Normalerweise beginne ich meinen Tag damit, meine To-do-Liste für den Nachmittag durchzugehen.","Wǒ tōngcháng huì xiān chákàn xiàwǔ de dàibàn qīngdān, yǐcǐ kāiqǐ xīn de yītiān.",我通常会先查看下午的待办清单，以此开启新的一天。,
962,B2,33,Daily Life & Routines,Vida Diária e Rotinas,Vida Diaria y Rutinas,Vie Quotidienne et Routines,Vita Quotidiana e Routine,Alltag & Routinen,日常生活与日常工作,She has finally got used to the fast pace of life in the city.,Ela finalmente se acostumou com o ritmo acelerado da vida na cidade.,Ella finalmente se ha acostumbrado al ritmo rápido de vida de la ciudad.,Elle s'est enfin habituée au rythme effréné de la vie citadine.,Finalmente si è abituata al ritmo frenetico della vita in città.,Sie hat sich endlich an das hohe Tempo des Stadtlebens gewöhnt.,Tā zhōngyú shìyìng le chéngshì kuài jiézòu de shēnghuó.,她终于适应了城市快节奏的生活。,
963,B2,33,Daily Life & Routines,Vida Diária e Rotinas,Vida Diaria y Rutinas,Vie Quotidienne et Routines,Vita Quotidiana e Routine,Alltag & Routinen,日常生活与日常工作,I’m trying to cut back on the amount of caffeine I consume daily.,Estou tentando reduzir a quantidade de cafeína que consumo diariamente.,Estoy intentando reducir la cantidad de cafeína que consumo a diario.,J'essaie de réduire ma consommation quotidienne de caféine.,Sto cercando di ridurre la quantità di caffeina che consumo quotidianamente.,"Ich versuche, meinen täglichen Koffeinkonsum zu reduzieren.",Wǒ zhèng shìzhe jiǎnshǎo měitiān de kāfēiyīn shèrùliàng.,我正试着减少每天的咖啡因摄入量。,
964,B2,33,Daily Life & Routines,Vida Diária e Rotinas,Vida Diaria y Rutinas,Vie Quotidienne et Routines,Vita Quotidiana e Routine,Alltag & Routinen,日常生活与日常工作,He has been consistently going to the gym for the past six months.,Ele tem ido consistentemente à academia nos últimos seis meses.,Él ha ido constantemente al gimnasio durante los últimos seis meses.,Il va régulièrement à la salle de sport depuis six mois.,È andato costantemente in palestra negli ultimi sei mesi.,Er geht seit sechs Monaten konsequent ins Fitnessstudio.,"Zài guòqù de liù ge yuè lǐ, tā yīzhí jiānchí qù jiànshēnfáng.",在过去的六个月里，他一直坚持去健身房。,
965,B2,33,Daily Life & Routines,Vida Diária e Rotinas,Vida Diaria y Rutinas,Vie Quotidienne et Routines,Vita Quotidiana e Routine,Alltag & Routinen,日常生活与日常工作,Do you ever find it difficult to switch off after a long day at work?,Você às vezes acha difícil se desligar após um longo dia de trabalho?,¿Alguna vez te resulta difícil desconectar después de un largo día de trabajo?,Trouvez-vous parfois difficile de déconnecter après une longue journée de travail ?,Trovi mai difficile staccare la spina dopo una lunga giornata di lavoro?,"Fällt es dir manchmal schwer, nach einem langen Arbeitstag abzuschalten?","Gōngzuò máng le yī zhěng tiān hòu, nǐ huì juéde hěn nán chèdǐ chōulí chūlái ma?",工作忙了一整天后，你会觉得很难彻底抽离出来吗？,
966,B2,33,Daily Life & Routines,Vida Diária e Rotinas,Vida Diaria y Rutinas,Vie Quotidienne et Routines,Vita Quotidiana e Routine,Alltag & Routinen,日常生活与日常工作,I don't usually stay up late unless I have a deadline to meet.,"Eu não costumo ficar acordado até tarde, a menos que tenha um prazo para cumprir.",No suelo quedarme despierto hasta tarde a menos que tenga una fecha límite que cumplir.,"D'habitude, je ne veille pas tard, à moins d'avoir une date limite à respecter.",Di solito non resto alzato fino a tardi a meno che non abbia una scadenza da rispettare.,"Normalerweise bleibe ich nicht lange auf, es sei denn, ich muss eine Frist einhalten.","Chúfēi yào gǎngōng, fǒuzé wǒ píngshí yībān bù áoyè.",除非要赶工，否则我平时一般不熬夜。,
967,B2,33,Daily Life & Routines,Vida Diária e Rotinas,Vida Diaria y Rutinas,Vie Quotidienne et Routines,Vita Quotidiana e Routine,Alltag & Routinen,日常生活与日常工作,She is responsible for overseeing the daily operations of the department.,Ela é responsável por supervisionar as operações diárias do departamento.,Ella es la responsable de supervisar las operaciones diarias del departamento.,Elle est responsable de la supervision des opérations quotidiennes du département.,Lei è responsabile della supervisione delle attività quotidiane del dipartimento.,Sie ist für die Überwachung des Tagesgeschäfts der Abteilung zuständig.,Tā fùzé tǒngchóu zhěnggè bùmén de rìcháng yùnzuò.,她负责统筹整个部门的日常运作。,
968,B2,33,Daily Life & Routines,Vida Diária e Rotinas,Vida Diaria y Rutinas,Vie Quotidienne et Routines,Vita Quotidiana e Routine,Alltag & Routinen,日常生活与日常工作,I’ve made a conscious effort to start preparing my meals in advance.,Fiz um esforço consciente para começar a preparar minhas refeições com antecedência.,He hecho un esfuerzo consciente para empezar a preparar mis comidas con antelación.,J'ai fait un effort conscient pour commencer à préparer mes repas à l'avance.,Ho fatto uno sforzo consapevole per iniziare a preparare i miei pasti in anticipo.,"Ich habe mich bewusst bemüht, meine Mahlzeiten im Voraus zuzubereiten.",Wǒ tèyì kāishǐ tíqián zuòhǎo bèicān.,我特意开始提前做好备餐。,
969,B2,33,Daily Life & Routines,Vida Diária e Rotinas,Vida Diaria y Rutinas,Vie Quotidienne et Routines,Vita Quotidiana e Routine,Alltag & Routinen,日常生活与日常工作,How do you manage to stay so focused despite all the distractions?,Como você consegue manter o foco apesar de todas as distrações?,¿Cómo logras mantenerte tan concentrado a pesar de todas las distracciones?,Comment parvenez-vous à rester si concentré malgré toutes les distractions ?,Come fai a rimanere così concentrato nonostante tutte le distrazioni?,"Wie schaffst du es, trotz all der Ablenkungen so konzentriert zu bleiben?","Zài wàijiè gānrǎo zhème duō de qíngkuàng xià, nǐ shì zěnme zuòdào bǎochí zhuānzhù de.",在外界干扰这么多的情况下，你是怎么做到保持专注的？,
970,B2,33,Daily Life & Routines,Vida Diária e Rotinas,Vida Diaria y Rutinas,Vie Quotidienne et Routines,Vita Quotidiana e Routine,Alltag & Routinen,日常生活与日常工作,I always make a point of getting at least seven hours of sleep.,Eu sempre faço questão de dormir pelo menos sete horas.,Siempre me aseguro de dormir al menos siete horas.,Je me fais toujours un point d'honneur de dormir au moins sept heures.,Mi assicuro sempre di dormire almeno sette ore.,"Ich achte immer darauf, mindestens sieben Stunden Schlaf zu bekommen.",Wǒ zǒngshì jìnliàng bǎozhèng zhìshǎo shuìgòu qī gè xiǎoshí.,我总是尽量保证至少睡够七个小时。,
971,B2,33,Daily Life & Routines,Vida Diária e Rotinas,Vida Diaria y Rutinas,Vie Quotidienne et Routines,Vita Quotidiana e Routine,Alltag & Routinen,日常生活与日常工作,He spends a significant amount of his free time volunteering.,Ele gasta uma parte significativa de seu tempo livre fazendo voluntariado.,Él dedica una cantidad significativa de su tiempo libre al voluntariado.,Il consacre une partie importante de son temps libre au bénévolat.,Lui trascorre una parte significativa del suo tempo libero facendo volontariato.,Er verbringt einen erheblichen Teil seiner Freizeit mit ehrenamtlicher Arbeit.,Tā bǎ dà bùfen kòngxián shíjiān dōu huā zài zuò zhìyuàn fúwù shàng.,他把大部分空闲时间都花在做志愿服务上。,
972,B2,33,Daily Life & Routines,Vida Diária e Rotinas,Vida Diaria y Rutinas,Vie Quotidienne et Routines,Vita Quotidiana e Routine,Alltag & Routinen,日常生活与日常工作,We are considering revamping our entire morning routine.,Estamos considerando renovar toda a nossa rotina matinal.,Estamos considerando renovar toda nuestra rutina de la mañana.,Nous envisageons de revoir complètement notre routine matinale.,Stiamo considerando di rinnovare tutta la nostra routine mattutina.,"Wir überlegen, unsere gesamte Morgenroutine umzugestalten.",Wǒmen zài kǎolǜ chèdǐ chóngxīn tiáozhěng zǎochen de zuòxī.,我们在考虑彻底重新调整早晨的作息。,
973,B2,33,Daily Life & Routines,Vida Diária e Rotinas,Vida Diaria y Rutinas,Vie Quotidienne et Routines,Vita Quotidiana e Routine,Alltag & Routinen,日常生活与日常工作,I’ve already managed to cross off several tasks from my list today.,Já consegui riscar várias tarefas da minha lista hoje.,Ya he logrado tachar varias tareas de mi lista hoy.,J'ai déjà réussi à rayer plusieurs tâches de ma liste aujourd'hui.,Sono già riuscito a depennare diverse attività dalla mia lista oggi.,"Ich habe es heute schon geschafft, mehrere Aufgaben von meiner Liste abzuarbeiten.",Wǒ jīntiān yǐjīng gōudiào le dàibàn qīngdān shàng de hǎojǐ xiàng rènwu.,我今天已经勾掉了待办清单上的好几项任务。,
974,B2,33,Daily Life & Routines,Vida Diária e Rotinas,Vida Diaria y Rutinas,Vie Quotidienne et Routines,Vita Quotidiana e Routine,Alltag & Routinen,日常生活与日常工作,Do you prefer to do your shopping in person or do you do it all online?,Você prefere fazer suas compras pessoalmente ou faz tudo online?,¿Prefieres hacer tus compras en persona o las haces todas por internet?,Préfères-tu faire tes courses en personne ou fais-tu tout en ligne ?,Preferisci fare acquisti di persona o fai tutto online?,Gehst du lieber persönlich einkaufen oder erledigst du alles online?,"Nǐ gèng xǐhuan qù shítǐdiàn mǎi dōngxi, háishì quánbù wǎnggòu?",你更喜欢去实体店买东西，还是全部网购？,
975,B2,33,Daily Life & Routines,Vida Diária e Rotinas,Vida Diaria y Rutinas,Vie Quotidienne et Routines,Vita Quotidiana e Routine,Alltag & Routinen,日常生活与日常工作,I have a habit of checking my emails as soon as I wake up.,Tenho o hábito de checar meus e-mails assim que acordo.,Tengo el hábito de revisar mis correos electrónicos en cuanto me despierto.,J'ai l'habitude de consulter mes e-mails dès mon réveil.,Ho l'abitudine di controllare le mie e-mail non appena mi sveglio.,"Ich habe die Angewohnheit, meine E-Mails zu checken, sobald ich aufwache.",Wǒ xíguàn yī xǐnglái jiù chákàn yóujiàn.,我习惯一醒来就查看邮件。,
976,B2,33,Daily Life & Routines,Vida Diária e Rotinas,Vida Diaria y Rutinas,Vie Quotidienne et Routines,Vita Quotidiana e Routine,Alltag & Routinen,日常生活与日常工作,"She doesn't usually take a lunch break, which I think is a mistake.","Ela não costuma fazer intervalo para o almoço, o que eu acho que é um erro.","Ella no suele tomarse un descanso para almorzar, lo cual creo que es un error.","Elle ne prend pas de pause déjeuner d'habitude, ce qui est une erreur à mon avis.","Di solito lei non fa la pausa pranzo, il che secondo me è un errore.","Normalerweise macht sie keine Mittagspause, was ich für einen Fehler halte.","Tā tōngcháng bù wǔxiū, wǒ juéde zhèyàng tǐng bù hǎo de.",她通常不午休，我觉得这样挺不好的。,
977,B2,33,Daily Life & Routines,Vida Diária e Rotinas,Vida Diaria y Rutinas,Vie Quotidienne et Routines,Vita Quotidiana e Routine,Alltag & Routinen,日常生活与日常工作,I am currently in the process of learning a third language.,Atualmente estou no processo de aprender um terceiro idioma.,Actualmente estoy en proceso de aprender un tercer idioma.,Je suis actuellement en train d'apprendre une troisième langue.,Attualmente sto imparando una terza lingua.,Ich lerne gerade eine dritte Sprache.,Wǒ mùqián zhèngzài xuéxí dì-sān mén wàiyǔ.,我目前正在学习第三门外语。,
978,B2,33,Daily Life & Routines,Vida Diária e Rotinas,Vida Diaria y Rutinas,Vie Quotidienne et Routines,Vita Quotidiana e Routine,Alltag & Routinen,日常生活与日常工作,What do you find to be the most rewarding part of your day?,O que você considera a parte mais gratificante do seu dia?,¿Qué es lo que te resulta más gratificante de tu día?,Qu'est-ce que vous trouvez le plus gratifiant dans votre journée ?,Qual è la parte più gratificante della tua giornata?,Was ist für dich der erfüllendste Teil des Tages?,Nǐ juéde yītiān dāngzhōng zuì ràng nǐ yǒu chōngshígǎn de shì nǎge shíkè?,你觉得一天当中最让你有充实感的是哪个时刻？,
979,B2,33,Daily Life & Routines,Vida Diária e Rotinas,Vida Diaria y Rutinas,Vie Quotidienne et Routines,Vita Quotidiana e Routine,Alltag & Routinen,日常生活与日常工作,"I used to struggle with procrastination, but I’ve found ways to overcome it.","Eu costumava lutar contra a procrastinação, mas encontrei maneiras de superá-la.","Solía luchar contra la procrastinación, pero he encontrado formas de superarla.","J'avais du mal avec la procrastination, mais j'ai trouvé des moyens de la surmonter.","Un tempo lottavo contro la procrastinazione, ma ho trovato il modo di superarla.","Früher hatte ich mit dem Aufschieben zu kämpfen, aber ich habe Wege gefunden, es zu überwinden.","Wǒ yǐqián yě yǒu yánzhòng de tuōyánzhèng, dàn xiànzài yǐjīng zhǎodào bànfǎ kèfú le.",我以前也有严重的拖延症，但现在已经找到办法克服了。,
980,B2,33,Daily Life & Routines,Vida Diária e Rotinas,Vida Diaria y Rutinas,Vie Quotidienne et Routines,Vita Quotidiana e Routine,Alltag & Routinen,日常生活与日常工作,He always manages to find his keys at the very last second.,Ele sempre consegue encontrar as chaves no último segundo.,Él siempre logra encontrar sus llaves en el último segundo.,Il arrive toujours à retrouver ses clés à la dernière seconde.,Lui riesce sempre a trovare le chiavi all'ultimo secondo.,"Er schafft es immer, seine Schlüssel in allerletzter Sekunde zu finden.",Tā zǒng néng zài zuìhòu yī kè zhǎodào yàoshi.,他总能在最后一刻找到钥匙。,
981,B2,33,Daily Life & Routines,Vida Diária e Rotinas,Vida Diaria y Rutinas,Vie Quotidienne et Routines,Vita Quotidiana e Routine,Alltag & Routinen,日常生活与日常工作,I try to dedicate at least thirty minutes a day to mindfulness.,Tento dedicar pelo menos trinta minutos por dia à atenção plena.,Intento dedicar al menos treinta minutos al día a la meditación.,J'essaie de consacrer au moins trente minutes par jour à la pleine conscience.,Cerco di dedicare almeno trenta minuti al giorno alla mindfulness.,"Ich versuche, mir täglich mindestens dreißig Minuten Zeit für Achtsamkeit zu nehmen.",Wǒ měitiān jìnliàng chōuchū zhìshǎo bàn xiǎoshí liànxí zhèngniàn.,我每天尽量抽出至少半小时练习正念。,
982,B2,33,Daily Life & Routines,Vida Diária e Rotinas,Vida Diaria y Rutinas,Vie Quotidienne et Routines,Vita Quotidiana e Routine,Alltag & Routinen,日常生活与日常工作,Do you find it easy to stick to a routine when you’re on holiday?,Você acha fácil manter uma rotina quando está de férias?,¿Te resulta fácil seguir una rutina cuando estás de vacaciones?,Trouves-tu facile de garder une routine quand tu es en vacances ?,Trovi facile mantenere una routine quando sei in vacanza?,"Fällt es dir leicht, im Urlaub an einer Routine festzuhalten?","Dùjià de shíhou, nǐ hái néng jiānchí píngshí de rìcháng zuòxī ma?",度假的时候，你还能坚持平时的日常作息吗？,
983,B2,33,Daily Life & Routines,Vida Diária e Rotinas,Vida Diaria y Rutinas,Vie Quotidienne et Routines,Vita Quotidiana e Routine,Alltag & Routinen,日常生活与日常工作,I’ve been feeling much more productive since I changed my workspace.,Tenho me sentido muito mais produtivo desde que mudei meu espaço de trabalho.,Me he sentido mucho más productivo desde que cambié mi espacio de trabajo.,Je me sens beaucoup plus productif depuis que j'ai changé d'espace de travail.,Mi sento molto più produttivo da quando ho cambiato il mio spazio di lavoro.,"Ich fühle mich viel produktiver, seit ich meinen Arbeitsplatz gewechselt habe.","Zìcóng huàn le bàngōng huánjìng hòu, wǒ de gōngzuò xiàolǜ gāo duō le.",自从换了办公环境后，我的工作效率高多了。,
984,B2,33,Daily Life & Routines,Vida Diária e Rotinas,Vida Diaria y Rutinas,Vie Quotidienne et Routines,Vita Quotidiana e Routine,Alltag & Routinen,日常生活与日常工作,"She spends roughly two hours a day commuting, which is quite draining.","Ela gasta cerca de duas horas por dia no trajeto, o que é bastante cansativo.","Ella pasa aproximadamente dos horas al día yendo al trabajo, lo cual es bastante agotador.","Elle passe environ deux heures par jour dans les transports, ce qui est assez épuisant.","Passa circa due ore al giorno a fare la pendolare, il che è piuttosto estenuante.","Sie verbringt täglich etwa zwei Stunden mit dem Pendeln, was ziemlich anstrengend ist.","Tā měitiān tōngqín dàgài yào huā liǎng ge xiǎoshí, tǐng xiāohào jīnglì de.",她每天通勤大概要花两个小时，挺消耗精力的。,
985,B2,33,Daily Life & Routines,Vida Diária e Rotinas,Vida Diaria y Rutinas,Vie Quotidienne et Routines,Vita Quotidiana e Routine,Alltag & Routinen,日常生活与日常工作,"I don't usually watch much television, as I find it a bit of a waste.","Não costumo assistir muita televisão, pois acho que é um desperdício.","No suelo ver mucho la televisión, ya que me parece una pérdida de tiempo.","Je ne regarde pas beaucoup la télévision d'habitude, car je trouve que c'est un peu une perte de temps.","Di solito non guardo molta televisione, perché la trovo una perdita di tempo.","Normalerweise sehe ich nicht viel fern, da ich es für Zeitverschwendung halte.","Wǒ píngshí bù zěnme kàn diànshì, juéde yǒudiǎn làngfèi shíjiān.",我平时不怎么看电视，觉得有点浪费时间。,
986,B2,33,Daily Life & Routines,Vida Diária e Rotinas,Vida Diaria y Rutinas,Vie Quotidienne et Routines,Vita Quotidiana e Routine,Alltag & Routinen,日常生活与日常工作,What time do you usually wind down in the evening?,A que horas você costuma relaxar à noite?,¿A qué hora sueles desconectar por la noche?,À quelle heure as-tu l'habitude de décompresser le soir ?,A che ora di solito ti rilassi la sera?,Wann kommst du abends normalerweise zur Ruhe?,Nǐ wǎnshang yībān jǐ diǎn kāishǐ chèdǐ fàngsōng xiàlái?,你晚上一般几点开始彻底放松下来？,
987,B2,33,Daily Life & Routines,Vida Diária e Rotinas,Vida Diaria y Rutinas,Vie Quotidienne et Routines,Vita Quotidiana e Routine,Alltag & Routinen,日常生活与日常工作,I always listen to an educational podcast while I’m doing the housework.,Sempre ouço um podcast educativo enquanto faço o trabalho doméstico.,Siempre escucho un podcast educativo mientras hago las tareas del hogar.,J'écoute toujours un podcast éducatif pendant que je fais le ménage.,Ascolto sempre un podcast educativo mentre faccio i lavori domestici.,"Ich höre immer einen Bildungspodcast, während ich die Hausarbeit mache.",Wǒ zuò jiāwù de shíhou zǒng huì tīngting zhīshilèi bōkè.,我做家务的时候总会听听知识类播客。,
988,B2,33,Daily Life & Routines,Vida Diária e Rotinas,Vida Diaria y Rutinas,Vie Quotidienne et Routines,Vita Quotidiana e Routine,Alltag & Routinen,日常生活与日常工作,He is notoriously bad at keeping track of time.,Ele é notoriamente ruim em controlar o tempo.,Es notoriamente malo administrando el tiempo.,Il est notoire qu'il a une très mauvaise gestion du temps.,È notoriamente incapace di tenere traccia del tempo.,"Er ist bekanntermaßen schlecht darin, die Zeit im Auge zu behalten.",Tā shì chūle míng de méiyǒu shíjiān guānniàn.,他是出了名的没有时间观念。,
989,B2,33,Daily Life & Routines,Vida Diária e Rotinas,Vida Diaria y Rutinas,Vie Quotidienne et Routines,Vita Quotidiana e Routine,Alltag & Routinen,日常生活与日常工作,I’ve been making an effort to lead a more sustainable lifestyle lately.,Tenho feito um esforço para levar um estilo de vida mais sustentável ultimamente.,He estado haciendo un esfuerzo para llevar un estilo de vida más sostenible últimamente.,J'ai fait des efforts pour mener un mode de vie plus durable ces derniers temps.,Ultimamente mi sto sforzando di condurre uno stile di vita più sostenibile.,"Ich habe mich in letzter Zeit bemüht, einen nachhaltigeren Lebensstil zu führen.",Wǒ zuìjìn yīzhí zài nǔlì jiànxíng yī zhǒng gèng huánbǎo de shēnghuó fāngshì.,我最近一直在努力践行一种更环保的生活方式。,
990,B2,33,Daily Life & Routines,Vida Diária e Rotinas,Vida Diaria y Rutinas,Vie Quotidienne et Routines,Vita Quotidiana e Routine,Alltag & Routinen,日常生活与日常工作,Do you have a particular ritual that helps you get into a creative mindset?,Você tem algum ritual específico que o ajuda a entrar em um estado mental criativo?,¿Tienes algún ritual particular que te ayude a entrar en un estado mental creativo?,As-tu un rituel particulier qui t'aide à te mettre dans un état d'esprit créatif ?,Hai un rito particolare che ti aiuta a entrare in uno stato mentale creativo?,"Hast du ein bestimmtes Ritual, das dir hilft, in eine kreative Stimmung zu kommen?",Nǐ yǒu shénme néng bāng zìjǐ jìnrù chuàngzuò zhuàngtài de tèbié yíshì ma?,你有什么能帮自己进入创作状态的特别仪式吗？,
991,B2,34,Travel & Transportation,Viagem e Transporte,Viajes y Transporte,Voyage et Transport,Viaggi e Trasporti,Reisen & Verkehrsmittel,旅行与交通,I have never been to a place that felt so completely different from home.,Nunca estive em um lugar que parecesse tão completamente diferente de casa.,Nunca he estado en un lugar que se sintiera tan completamente diferente de mi hogar.,Je n'ai jamais été dans un endroit qui me semblait aussi différent de chez moi.,Non sono mai stato in un posto che sembrasse così diverso da casa.,"Ich war noch nie an einem Ort, der sich so völlig anders angefühlt hat als mein Zuhause.",Wǒ cónglái méi qùguo yī gè hé jiāxiāng gǎnjué rúcǐ jiǒngyì de dìfang.,我从来没去过一个和家乡感觉如此迥异的地方。,
992,B2,34,Travel & Transportation,Viagem e Transporte,Viajes y Transporte,Voyage et Transport,Viaggi e Trasporti,Reisen & Verkehrsmittel,旅行与交通,"If I hadn't missed the train, I would have arrived hours ago.","Se eu não tivesse perdido o trem, teria chegado horas atrás.","Si no hubiera perdido el tren, habría llegado hace horas.","Si je n'avais pas raté le train, je serais arrivé il y a des heures.","Se non avessi perso il treno, sarei arrivato ore fa.","Wenn ich den Zug nicht verpasst hätte, wäre ich schon vor Stunden angekommen.","Yàobùshì cuòguò le huǒchē, wǒ jǐ ge xiǎoshí qián jiù dào le.",要不是错过了火车，我几个小时前就到了。,
993,B2,34,Travel & Transportation,Viagem e Transporte,Viajes y Transporte,Voyage et Transport,Viaggi e Trasporti,Reisen & Verkehrsmittel,旅行与交通,The flight was canceled at the last minute due to unforeseen circumstances.,O voo foi cancelado no último minuto devido a circunstâncias imprevistas.,El vuelo fue cancelado en el último minuto debido a circunstancias imprevistas.,Le vol a été annulé au dernier moment en raison de circonstances imprévues.,Il volo è stato cancellato all'ultimo minuto a causa di circostanze impreviste.,Der Flug wurde in letzter Minute aufgrund unvorhergesehener Umstände annulliert.,"Yóuyú tūfā bùkěkànglì, hángbān zài zuìhòu yī kè bèi qǔxiāo le.",由于突发不可抗力，航班在最后一刻被取消了。,
994,B2,34,Travel & Transportation,Viagem e Transporte,Viajes y Transporte,Voyage et Transport,Viaggi e Trasporti,Reisen & Verkehrsmittel,旅行与交通,Could you tell me what the most efficient way to get to the outskirts is?,Você poderia me dizer qual é a maneira mais eficiente de chegar à periferia?,¿Podría decirme cuál es la forma más eficiente de llegar a las afueras?,Pourriez-vous me dire quel est le moyen le plus efficace pour se rendre en banlieue ?,Mi sapresti dire qual è il modo più efficiente per arrivare in periferia?,"Könnten Sie mir sagen, wie man am effizientesten an den Stadtrand kommt?",Néng gàosu wǒ zěnme qù jiāoqū zuì fāngbiàn kuàijié ma?,能告诉我怎么去郊区最方便快捷吗？,
995,B2,34,Travel & Transportation,Viagem e Transporte,Viajes y Transporte,Voyage et Transport,Viaggi e Trasporti,Reisen & Verkehrsmittel,旅行与交通,I’m looking for a boutique hotel that offers a more personal touch.,Estou procurando um hotel boutique que ofereça um toque mais pessoal.,Estoy buscando un hotel boutique que ofrezca un toque más personal.,Je cherche un hôtel de charme qui offre une touche plus personnelle.,Sto cercando un boutique hotel che offra un tocco più personale.,"Ich suche ein Boutique-Hotel, das eine persönlichere Note bietet.",Wǒ xiǎng zhǎo yī jiā fúwù gèng yǒu rénqíngwèi de jīngpǐn jiǔdiàn.,我想找一家服务更有人情味的精品酒店。,
996,B2,34,Travel & Transportation,Viagem e Transporte,Viajes y Transporte,Voyage et Transport,Viaggi e Trasporti,Reisen & Verkehrsmittel,旅行与交通,We’ve been waiting for the connection for what feels like an eternity.,Estamos esperando a conexão há o que parece ser uma eternidade.,Hemos estado esperando el transbordo durante lo que parece una eternidad.,Nous attendons la correspondance depuis ce qui semble être une éternité.,Stiamo aspettando la coincidenza da quella che sembra un'eternità.,Wir warten schon seit einer gefühlten Ewigkeit auf den Anschluss.,Wǒmen děng zhuǎnjī děng de fǎngfú guò le yī gè shìjì.,我们等转机等得仿佛过了一个世纪。,
997,B2,34,Travel & Transportation,Viagem e Transporte,Viajes y Transporte,Voyage et Transport,Viaggi e Trasporti,Reisen & Verkehrsmittel,旅行与交通,I would much rather take the scenic route than the highway.,Eu preferiria muito mais fazer a rota panorâmica do que a rodovia.,Preferiría mucho más tomar la ruta panorámica que la autopista.,Je préférerais de loin prendre la route panoramique plutôt que l'autoroute.,Preferirei di gran lunga fare la strada panoramica piuttosto che l'autostrada.,Ich würde viel lieber die Panoramastrecke nehmen als die Autobahn.,"Bǐqǐ zǒu gāosù, wǒ gèng nìngyuàn zǒu fēngjǐng yōuměi de lùxiàn.",比起走高速，我更宁愿走风景优美的路线。,
998,B2,34,Travel & Transportation,Viagem e Transporte,Viajes y Transporte,Voyage et Transport,Viaggi e Trasporti,Reisen & Verkehrsmittel,旅行与交通,Is it absolutely necessary to have an international driving permit?,É absolutamente necessário ter uma carteira de habilitação internacional?,¿Es absolutamente necesario tener un permiso de conducir internacional?,Est-il absolument nécessaire d'avoir un permis de conduire international ?,È assolutamente necessario avere una patente di guida internazionale?,Ist ein internationaler Führerschein unbedingt erforderlich?,Zhēn de bìxū chíyǒu guójì jiàzhào ma?,真的必须持有国际驾照吗？,
999,B2,34,Travel & Transportation,Viagem e Transporte,Viajes y Transporte,Voyage et Transport,Viaggi e Trasporti,Reisen & Verkehrsmittel,旅行与交通,I am still not quite used to navigating the public transport system here.,Ainda não estou bem acostumado a usar o sistema de transporte público aqui.,Todavía no estoy del todo acostumbrado a usar el sistema de transporte público aquí.,Je ne suis pas encore tout à fait habitué à me déplacer dans les transports en commun d'ici.,Non sono ancora del tutto abituato a muovermi con il sistema di trasporti pubblici qui.,Ich bin noch nicht ganz an das öffentliche Verkehrssystem hier gewöhnt.,Wǒ hái bù tài xíguàn zěnme zài zhèr zuò gōnggòng jiāotōng.,我还不太适应怎么在这儿坐公共交通。,
1000,B2,34,Travel & Transportation,Viagem e Transporte,Viajes y Transporte,Voyage et Transport,Viaggi e Trasporti,Reisen & Verkehrsmittel,旅行与交通,The luggage was unfortunately damaged during the transit.,A bagagem foi infelizmente danificada durante o trajeto.,"Lamentablemente, el equipaje sufrió daños durante el trayecto.",Les bagages ont malheureusement été endommagés pendant le trajet.,Purtroppo il bagaglio è stato danneggiato durante il trasporto.,Das Gepäck wurde während des Transports leider beschädigt.,"Hěn yíhàn, xíngli zài tuōyùn guòchéng zhōng shòusǔn le.",很遗憾，行李在托运过程中受损了。,
1001,B2,34,Travel & Transportation,Viagem e Transporte,Viajes y Transporte,Voyage et Transport,Viaggi e Trasporti,Reisen & Verkehrsmittel,旅行与交通,Have you ever had to deal with a delayed flight while traveling alone?,Você já teve que lidar com um voo atrasado enquanto viajava sozinho?,¿Alguna vez ha tenido que lidiar con un vuelo retrasado viajando solo?,Avez-vous déjà eu à faire face à un vol retardé alors que vous voyagiez seul ?,Hai mai dovuto gestire un volo in ritardo mentre viaggiavi da solo?,"Hattest du schon mal mit einem verspäteten Flug zu tun, als du allein gereist bist?",Nǐ yī gè rén dúzì lǚxíng shí yùdàoguo hángbān yánwù ma?,你一个人独自旅行时遇到过航班延误吗？,
1002,B2,34,Travel & Transportation,Viagem e Transporte,Viajes y Transporte,Voyage et Transport,Viaggi e Trasporti,Reisen & Verkehrsmittel,旅行与交通,I’m considering hiring a local guide to show us the hidden gems.,Estou pensando em contratar um guia local para nos mostrar as joias escondidas.,Estoy considerando contratar a un guía local para que nos muestre las joyas ocultas.,J'envisage d'engager un guide local pour nous montrer les trésors cachés.,Sto pensando di ingaggiare una guida locale che ci mostri i tesori nascosti.,"Ich überlege, einen einheimischen Guide zu buchen, der uns echte Geheimtipps zeigt.","Wǒ dǎsuan qǐng gè dāngdì xiàngdǎo, dài wǒmen qù tànfǎng yīxiē xiǎozhòng mìjìng.",我打算请个当地向导，带我们去探访一些小众秘境。,
1003,B2,34,Travel & Transportation,Viagem e Transporte,Viajes y Transporte,Voyage et Transport,Viaggi e Trasporti,Reisen & Verkehrsmittel,旅行与交通,What is the most breathtaking landscape you have ever laid eyes on?,Qual é a paisagem mais deslumbrante que você já viu?,¿Cuál es el paisaje más impresionante que has visto jamás?,Quel est le paysage le plus époustouflant que vous ayez jamais vu ?,Qual è il paesaggio più mozzafiato che tu abbia mai visto?,"Was ist die atemberaubendste Landschaft, die du je gesehen hast?",Nǐ qīnyǎn jiànguo zuì lìngrén zhènhàn de fēngjǐng shì zài nǎlǐ?,你亲眼见过最令人震撼的风景是在哪里？,
1004,B2,34,Travel & Transportation,Viagem e Transporte,Viajes y Transporte,Voyage et Transport,Viaggi e Trasporti,Reisen & Verkehrsmittel,旅行与交通,The accommodation was nowhere near as luxurious as the photos suggested.,A acomodação não era nem de longe tão luxuosa quanto as fotos sugeriam.,El alojamiento no era ni de lejos tan lujoso como sugerían las fotos.,L'hébergement n'était pas du tout aussi luxueux que les photos le suggéraient.,L'alloggio non era affatto lussuoso come suggerivano le foto.,"Die Unterkunft war bei Weitem nicht so luxuriös, wie die Fotos vermuten ließen.",Shíjì zhùsù tiáojiàn yuǎn méiyǒu zhàopiàn shàng kànqǐlai nàme háohuá.,实际住宿条件远没有照片上看起来那么豪华。,
1005,B2,34,Travel & Transportation,Viagem e Transporte,Viajes y Transporte,Voyage et Transport,Viaggi e Trasporti,Reisen & Verkehrsmittel,旅行与交通,I’ll let you know the moment I’ve checked into the hotel.,Eu te aviso no momento em que fizer o check-in no hotel.,Te avisaré en el momento en que me haya registrado en el hotel.,Je vous préviendrai dès que j'aurai fait le check-in à l'hôtel.,Ti farò sapere non appena avrò fatto il check-in in hotel.,"Ich gebe dir Bescheid, sobald ich im Hotel eingecheckt habe.",Wǒ yī bànwán rùzhù shǒuxù jiù gàosu nǐ.,我一办完入住手续就告诉你。,
1006,B2,34,Travel & Transportation,Viagem e Transporte,Viajes y Transporte,Voyage et Transport,Viaggi e Trasporti,Reisen & Verkehrsmittel,旅行与交通,Do you know if there is a reliable shuttle service from the airport?,Você sabe se existe um serviço de traslado confiável do aeroporto?,¿Sabes si hay un servicio de enlace fiable desde el aeropuerto?,Savez-vous s'il existe une navette fiable depuis l'aéroport ?,Sai se c'è un servizio navetta affidabile dall'aeroporto?,"Wissen Sie, ob es einen zuverlässigen Shuttle-Service vom Flughafen gibt?",Nǐ zhīdào jīchǎng yǒu méiyǒu kàopǔ de jiēbó bānchē ma?,你知道机场有没有靠谱的接驳班车吗？,
1007,B2,34,Travel & Transportation,Viagem e Transporte,Viajes y Transporte,Voyage et Transport,Viaggi e Trasporti,Reisen & Verkehrsmittel,旅行与交通,I’ve always dreamed of taking a road trip across the entire continent.,Sempre sonhei em fazer uma viagem de carro por todo o continente.,Siempre he soñado con hacer un viaje por carretera por todo el continente.,J'ai toujours rêvé de faire un road trip à travers tout le continent.,Ho sempre sognato di fare un viaggio on the road attraverso l'intero continente.,"Ich habe schon immer davon geträumt, einen Roadtrip durch den ganzen Kontinent zu machen.",Wǒ yīzhí mèngxiǎngzhe néng zìjià héngchuān zhěng zuò dàlù.,我一直梦想着能自驾横穿整座大陆。,
1008,B2,34,Travel & Transportation,Viagem e Transporte,Viajes y Transporte,Voyage et Transport,Viaggi e Trasporti,Reisen & Verkehrsmittel,旅行与交通,The traffic in the city center is absolutely horrendous during rush hour.,O trânsito no centro da cidade é absolutamente terrível na hora do rush.,El tráfico en el centro de la ciudad es absolutamente horrendo durante la hora punta.,La circulation en centre-ville est absolument infernale pendant les heures de pointe.,Il traffico in centro è assolutamente tremendo durante l'ora di punta.,Der Verkehr in der Innenstadt ist im Berufsverkehr absolut schrecklich.,Shìzhōngxīn zài zǎowǎn gāofēng shíduàn jiǎnzhí dǔ de ràng rén bēngkuì.,市中心在早晚高峰时段简直堵得让人崩溃。,
1009,B2,34,Travel & Transportation,Viagem e Transporte,Viajes y Transporte,Voyage et Transport,Viaggi e Trasporti,Reisen & Verkehrsmittel,旅行与交通,I’d like to find a spot that hasn't been completely overrun by tourists.,Gostaria de encontrar um lugar que não tenha sido completamente invadido por turistas.,Me gustaría encontrar un lugar que no haya sido completamente invadido por turistas.,J'aimerais trouver un endroit qui n'ait pas été complètement envahi par les touristes.,Mi piacerebbe trovare un posto che non sia stato completamente invaso dai turisti.,"Ich würde gerne einen Ort finden, der noch nicht völlig von Touristen überlaufen ist.",Wǒ xiǎng zhǎo yī gè hái méi bèi yóukè jǐbào de qīngjìng dìfang.,我想找一个还没被游客挤爆的清静地方。,
1010,B2,34,Travel & Transportation,Viagem e Transporte,Viajes y Transporte,Voyage et Transport,Viaggi e Trasporti,Reisen & Verkehrsmittel,旅行与交通,Is the historic district within easy reach of the main station?,O centro histórico fica perto da estação principal?,¿Está el distrito histórico a poca distancia de la estación principal?,Le quartier historique est-il facilement accessible depuis la gare principale ?,Il centro storico è facilmente raggiungibile dalla stazione principale?,Ist die Altstadt vom Hauptbahnhof aus gut erreichbar?,Lǎochéngqū lí huǒchē zǒngzhàn fāngbiàn guòqù ma?,老城区离火车总站方便过去吗？,
1011,B2,34,Travel & Transportation,Viagem e Transporte,Viajes y Transporte,Voyage et Transport,Viaggi e Trasporti,Reisen & Verkehrsmittel,旅行与交通,I completely forgot to double-check the departure gate on the board.,Esqueci completamente de conferir novamente o portão de embarque no painel.,Olvidé por completo comprobar la puerta de embarque en el tablero.,J'ai complètement oublié de revérifier la porte d'embarquement sur le panneau.,Ho dimenticato completamente di ricontrollare il gate di partenza sul tabellone.,"Ich habe völlig vergessen, das Gate auf der Anzeigetafel noch einmal zu überprüfen.",Wǒ wánquán wàng le zài héduì yīxià dà píngmù shàng de dēngjīkǒu.,我完全忘了再核对一下大屏幕上的登机口。,
1012,B2,34,Travel & Transportation,Viagem e Transporte,Viajes y Transporte,Voyage et Transport,Viaggi e Trasporti,Reisen & Verkehrsmittel,旅行与交通,We should definitely look into getting a rail pass for the trip.,Definitivamente deveríamos considerar a compra de um passe de trem para a viagem.,Sin duda deberíamos investigar la posibilidad de sacar un pase de tren para el viaje.,Nous devrions vraiment envisager de prendre un pass ferroviaire pour le voyage.,Dovremmo assolutamente considerare l'acquisto di un pass ferroviario per il viaggio.,Wir sollten uns für die Reise auf jeden Fall eine Bahncard zulegen.,Wǒmen zhè tàng lǚxíng zhēn gāi hǎohāo liǎojiě yīxià tiělù tōngpiào.,我们这趟旅行真该好好了解一下铁路通票。,
1013,B2,34,Travel & Transportation,Viagem e Transporte,Viajes y Transporte,Voyage et Transport,Viaggi e Trasporti,Reisen & Verkehrsmittel,旅行与交通,I am really looking forward to experiencing the local culture firsthand.,Estou ansioso para vivenciar a cultura local em primeira mão.,Tengo muchas ganas de experimentar la cultura local de primera mano.,J'ai vraiment hâte de découvrir la culture locale par moi-même.,Non vedo l'ora di vivere la cultura locale in prima persona.,"Ich freue mich sehr darauf, die lokale Kultur hautnah zu erleben.",Wǒ fēicháng qīdài qīnshēn tǐyàn dāngdì wénhuà.,我非常期待亲身体验当地文化。,
1014,B2,34,Travel & Transportation,Viagem e Transporte,Viajes y Transporte,Voyage et Transport,Viaggi e Trasporti,Reisen & Verkehrsmittel,旅行与交通,Was the journey as exhausting as you had anticipated it would be?,A viagem foi tão exaustiva quanto você previu que seria?,¿Fue el viaje tan agotador como habías anticipado que sería?,Le voyage a-t-il été aussi épuisant que vous l'aviez prévu ?,Il viaggio è stato faticoso come avevi previsto?,"War die Reise so anstrengend, wie du es erwartet hattest?",Zhè tàng xíngchéng yǒu nǐ yùxiǎng de nàme lèirén ma?,这趟行程有你预想的那么累人吗？,
1015,B2,34,Travel & Transportation,Viagem e Transporte,Viajes y Transporte,Voyage et Transport,Viaggi e Trasporti,Reisen & Verkehrsmittel,旅行与交通,I’ve never stayed in such a remote location before.,Nunca estive em um local tão remoto antes.,Nunca me había alojado en un lugar tan remoto antes.,Je n'ai jamais séjourné dans un endroit aussi reculé.,Non sono mai stato in un posto così isolato prima d'ora.,Ich habe noch nie an einem so abgelegenen Ort übernachtet.,Wǒ yǐqián hái cónglái méi zài zhème piānyuǎn de dìfang zhùguo.,我以前还从来没在这么偏远的地方住过。,
1016,B2,34,Travel & Transportation,Viagem e Transporte,Viajes y Transporte,Voyage et Transport,Viaggi e Trasporti,Reisen & Verkehrsmittel,旅行与交通,How much does it typically cost to park in this part of town?,Quanto custa geralmente estacionar nesta parte da cidade?,¿Cuánto cuesta normalmente aparcar en esta parte de la ciudad?,Combien coûte généralement le stationnement dans ce quartier ?,Quanto costa di solito parcheggiare in questa parte della città?,Was kostet das Parken in diesem Teil der Stadt normalerweise?,Zhè piàn qūyù tíngchē yībān zěnme shōufèi?,这片区域停车一般怎么收费？,
1017,B2,34,Travel & Transportation,Viagem e Transporte,Viajes y Transporte,Voyage et Transport,Viaggi e Trasporti,Reisen & Verkehrsmittel,旅行与交通,I’ll come and pick you up from the station if it makes things easier.,Eu vou te buscar na estação se isso facilitar as coisas.,Iré a recogerte a la estación si eso facilita las cosas.,Je viendrai te chercher à la gare si ça peut t'aider.,Ti verrò a prendere alla stazione se questo facilita le cose.,"Ich hole dich vom Bahnhof ab, wenn das einfacher für dich ist.","Yàoshi fāngbiàn de huà, wǒ kěyǐ qù chēzhàn jiē nǐ.",要是方便的话，我可以去车站接你。,
1018,B2,34,Travel & Transportation,Viagem e Transporte,Viajes y Transporte,Voyage et Transport,Viaggi e Trasporti,Reisen & Verkehrsmittel,旅行与交通,Do you have any insider tips for avoiding the crowds at the museum?,Você tem alguma dica privilegiada para evitar as multidões no museu?,¿Tienes algún consejo de experto para evitar las multitudes en el museo?,As-tu des astuces pour éviter la foule au musée ?,Hai qualche consiglio utile per evitare la folla al museo?,"Haben Sie einen Geheimtipp, wie man die Menschenmassen im Museum umgehen kann?","Qù bówùguǎn cānguān, nǐ yǒu shénme bìkāi rénliú de nèibù gōnglüè ma?",去博物馆参观，你有什么避开人流的内部攻略吗？,
1019,B2,34,Travel & Transportation,Viagem e Transporte,Viajes y Transporte,Voyage et Transport,Viaggi e Trasporti,Reisen & Verkehrsmittel,旅行与交通,The airport was so disorganized that it took ages to get through security.,O aeroporto estava tão desorganizado que demorou uma eternidade para passar pela segurança.,El aeropuerto estaba tan desorganizado que tardamos una eternidad en pasar el control de seguridad.,L'aéroport était si désorganisé qu'il a fallu une éternité pour passer la sécurité.,L'aeroporto era così disorganizzato che ci è voluta un'eternità per passare i controlli.,"Der Flughafen war so chaotisch, dass es ewig dauerte, durch die Sicherheitskontrolle zu kommen.","Jīchǎng zhìxù tài hùnluàn le, guò ānjiǎn pái le hǎojiǔ.",机场秩序太混乱了，过安检排了好久。,
1020,B2,34,Travel & Transportation,Viagem e Transporte,Viajes y Transporte,Voyage et Transport,Viaggi e Trasporti,Reisen & Verkehrsmittel,旅行与交通,I hope the weather holds out for our hike in the mountains tomorrow.,Espero que o tempo colabore para nossa caminhada nas montanhas amanhã.,Espero que el tiempo se mantenga para nuestra caminata por la montaña mañana.,J'espère que le temps se maintiendra pour notre randonnée en montagne demain.,Spero che il tempo regga per la nostra escursione in montagna domani.,"Ich hoffe, das Wetter hält sich morgen für unsere Wanderung in den Bergen.","Xīwàng míngtiān wǒmen jìn shān túbù shí, hǎo tiānqì néng yīzhí tǐngzhù.",希望明天我们进山徒步时，好天气能一直挺住。,
1021,B2,35,Food & Restaurants,Comida e Restaurantes,Comida y Restaurantes,Nourriture et Restaurants,Cibo e Ristoranti,Essen & Restaurants,饮食与餐厅,I’ve already gone ahead and booked a table for six this evening.,Já me adiantei e reservei uma mesa para seis esta noite.,Ya me he adelantado y he reservado una mesa para seis esta noche.,J'ai déjà pris les devants et j'ai réservé une table pour six ce soir.,Mi sono già portato avanti e ho prenotato un tavolo per sei stasera.,Ich habe schon mal die Initiative ergriffen und einen Tisch für sechs Personen für heute Abend reserviert.,Wǒ yǐjīng tíqián dìnghǎo le jīnwǎn liù gè rén de zhuōwèi.,我已经提前订好了今晚六个人的桌位。,
1022,B2,35,Food & Restaurants,Comida e Restaurantes,Comida y Restaurantes,Nourriture et Restaurants,Cibo e Ristoranti,Essen & Restaurants,饮食与餐厅,This is hands down the best meal I’ve had in this city so far.,"Esta é, sem dúvida, a melhor refeição que já comi nesta cidade até agora.","Sin duda, esta es la mejor comida que he tomado en esta ciudad hasta ahora.",C'est sans aucun doute le meilleur repas que j'ai mangé dans cette ville jusqu'à présent.,Questo è senza dubbio il miglior pasto che io abbia mai fatto in questa città finora.,"Das ist zweifellos das beste Essen, das ich bisher in dieser Stadt gegessen habe.","Háo wú yíwèn, zhè shì wǒ mùqián zài zhè zuò chéngshì chīguo zuì bàng de yī cān.",毫无疑问，这是我目前在这座城市吃过最棒的一餐。,
1023,B2,35,Food & Restaurants,Comida e Restaurantes,Comida y Restaurantes,Nourriture et Restaurants,Cibo e Ristoranti,Essen & Restaurants,饮食与餐厅,Do you know if they cater to people with specific dietary requirements?,Você sabe se eles atendem pessoas com necessidades dietéticas específicas?,¿Sabes si atienden a personas con requisitos dietéticos específicos?,Savez-vous s'ils proposent des plats pour les personnes ayant des besoins alimentaires particuliers ?,Sai se preparano piatti per persone con esigenze alimentari specifiche?,"Wissen Sie, ob sie auf spezielle Ernährungsbedürfnisse eingehen?",Nǐ zhīdào tāmen néngfǒu zhàogù yǒu tèshū yǐnshí xūqiú de rén ma?,你知道他们能否照顾有特殊饮食需求的人吗？,
1024,B2,35,Food & Restaurants,Comida e Restaurantes,Comida y Restaurantes,Nourriture et Restaurants,Cibo e Ristoranti,Essen & Restaurants,饮食与餐厅,I would strongly recommend the signature dish; it’s absolutely superb.,Eu recomendaria muito o prato da casa; é absolutamente maravilhoso.,Recomendaría encarecidamente el plato de la casa; es absolutamente magnífico.,Je recommanderais vivement le plat signature ; il est absolument superbe.,Raccomanderei caldamente la specialità della casa; è assolutamente superba.,"Ich kann die Spezialität des Hauses wärmstens empfehlen, sie ist absolut hervorragend.","Wǒ qiángliè tuījiàn zhèlǐ de zhāopái cài, wèidào jiǎnzhí shì yījué.",我强烈推荐这里的招牌菜，味道简直是一绝。,
1025,B2,35,Food & Restaurants,Comida e Restaurantes,Comida y Restaurantes,Nourriture et Restaurants,Cibo e Ristoranti,Essen & Restaurants,饮食与餐厅,"The service was impeccable, though the food took a while to arrive.","O serviço foi impecável, embora a comida tenha demorado um pouco para chegar.","El servicio fue impecable, aunque la comida tardó un poco en llegar.","Le service était impeccable, bien que la nourriture ait mis un peu de temps à arriver.","Il servizio è stato impeccabile, anche se il cibo ci ha messo un po' ad arrivare.","Der Service war tadellos, obwohl das Essen auf sich warten ließ.","Fúwù wúkětiāotì, bùguò shàngcài shāowēi màn le diǎn.",服务无可挑剔，不过上菜稍微慢了点。,
1026,B2,35,Food & Restaurants,Comida e Restaurantes,Comida y Restaurantes,Nourriture et Restaurants,Cibo e Ristoranti,Essen & Restaurants,饮食与餐厅,I’m not particularly keen on food that is overly rich or heavy.,Não sou particularmente fã de comida muito gordurosa ou pesada.,No me gusta especialmente la comida que es demasiado rica o pesada.,Je ne suis pas particulièrement fan de la cuisine trop riche ou lourde.,Non amo particolarmente il cibo troppo ricco o pesante.,Ich mag allzu reichhaltiges oder schweres Essen nicht so gerne.,Wǒ bù tài xǐhuan chī tài yóunì huòzhě kǒuwèi guò zhòng de dōngxi.,我不太喜欢吃太油腻或者口味过重的东西。,
1027,B2,35,Food & Restaurants,Comida e Restaurantes,Comida y Restaurantes,Nourriture et Restaurants,Cibo e Ristoranti,Essen & Restaurants,饮食与餐厅,Have you ever sampled the traditional cuisine of this particular region?,Você já experimentou a culinária tradicional desta região específica?,¿Alguna vez ha probado la cocina tradicional de esta región en particular?,Avez-vous déjà goûté à la cuisine traditionnelle de cette région ?,Hai mai assaggiato la cucina tradizionale di questa particolare regione?,Hast du schon mal die traditionelle Küche dieser Region probiert?,Nǐ pǐnchángguo zhège dìqū de chuántǒng tèsè càiyáo ma?,你品尝过这个地区的传统特色菜肴吗？,
1028,B2,35,Food & Restaurants,Comida e Restaurantes,Comida y Restaurantes,Nourriture et Restaurants,Cibo e Ristoranti,Essen & Restaurants,饮食与餐厅,"I’ll have the grilled salmon with a side of steamed vegetables, please.","Eu vou querer o salmão grelhado com uma porção de vegetais no vapor, por favor.","Tomaré el salmón a la parrilla con una guarnición de verduras al vapor, por favor.","Je vais prendre le saumon grillé avec un accompagnement de légumes à la vapeur, s'il vous plaît.","Prenderò il salmone alla griglia con un contorno di verdure al vapore, per favore.","Ich nehme den gegrillten Lachs mit gedünstetem Gemüse als Beilage, bitte.","Wǒ yào yī fèn xiāngjiān sānwènyú pèi shíshū, xièxie.",我要一份香煎三文鱼配时蔬，谢谢。,
1029,B2,35,Food & Restaurants,Comida e Restaurantes,Comida y Restaurantes,Nourriture et Restaurants,Cibo e Ristoranti,Essen & Restaurants,饮食与餐厅,We were wondering if it would be possible to sit on the terrace.,Estávamos nos perguntando se seria possível sentar no terraço.,Nos preguntábamos si sería posible sentarnos en la terraza.,Nous nous demandions s'il serait possible de s'asseoir en terrasse.,Ci chiedevamo se fosse possibile sedersi in terrazza.,"Wir haben uns gefragt, ob es möglich wäre, auf der Terrasse zu sitzen.",Qǐngwèn wǒmen néng zuò zài shìwài lùtái shàng ma?,请问我们能坐在室外露台上吗？,
1030,B2,35,Food & Restaurants,Comida e Restaurantes,Comida y Restaurantes,Nourriture et Restaurants,Cibo e Ristoranti,Essen & Restaurants,饮食与餐厅,I don't think I’ve ever come across such a unique combination of flavors.,Acho que nunca encontrei uma combinação de sabores tão única.,Creo que nunca me había encontrado con una combinación de sabores tan única.,Je ne pense pas avoir déjà goûté une combinaison de saveurs aussi unique.,Non credo di aver mai provato una combinazione di sapori così unica.,"Ich glaube, ich habe noch nie so eine einzigartige Geschmackskombination probiert.",Wǒ hǎoxiàng hái cónglái méi chángguo fēngwèi rúcǐ dútè de dāpèi.,我好像还从来没尝过风味如此独特的搭配。,
1031,B2,35,Food & Restaurants,Comida e Restaurantes,Comida y Restaurantes,Nourriture et Restaurants,Cibo e Ristoranti,Essen & Restaurants,饮食与餐厅,"Could you bring us a bottle of the house red, please?","Você poderia nos trazer uma garrafa do vinho tinto da casa, por favor?","¿Podría traernos una botella del vino tinto de la casa, por favor?","Pourriez-vous nous apporter une bouteille du vin rouge de la maison, s'il vous plaît ?","Potrebbe portarci una bottiglia del rosso della casa, per favore?",Könnten Sie uns bitte eine Flasche vom roten Hauswein bringen?,"Qǐng gěi wǒmen kāi yī píng nǐmen tèxuǎn de zuǒcān hóngpútáojiǔ, xièxie.",请给我们开一瓶你们特选的佐餐红葡萄酒，谢谢。,
1032,B2,35,Food & Restaurants,Comida e Restaurantes,Comida y Restaurantes,Nourriture et Restaurants,Cibo e Ristoranti,Essen & Restaurants,饮食与餐厅,"I have a severe nut allergy, so I need to be extremely careful.","Eu tenho uma alergia grave a nozes, então preciso ser extremamente cuidadoso.","Tengo una alergia grave a los frutos secos, así que tengo que tener muchísimo cuidado.","J'ai une grave allergie aux noix, je dois donc faire extrêmement attention.","Ho una grave allergia alla frutta a guscio, quindi devo stare molto attento.","Ich habe eine schwere Nussallergie, daher muss ich extrem vorsichtig sein.","Wǒ duì jiānguǒ yánzhòng guòmǐn, suǒyǐ bìxū géwài xiǎoxīn.",我对坚果严重过敏，所以必须格外小心。,
1033,B2,35,Food & Restaurants,Comida e Restaurantes,Comida y Restaurantes,Nourriture et Restaurants,Cibo e Ristoranti,Essen & Restaurants,饮食与餐厅,The restaurant turned out to be far more sophisticated than I expected.,O restaurante acabou sendo muito mais sofisticado do que eu esperava.,El restaurante resultó ser mucho más sofisticado de lo que esperaba.,Le restaurant s'est avéré bien plus sophistiqué que ce à quoi je m'attendais.,Il ristorante si è rivelato molto più raffinato di quanto mi aspettassi.,"Das Restaurant stellte sich als viel gehobener heraus, als ich erwartet hatte.",Zhè jiā cāntīng bǐ wǒ xiǎngxiàng de hái yào gāodàng jiǎngjiu de duō.,这家餐厅比我想象的还要高档讲究得多。,
1034,B2,35,Food & Restaurants,Comida e Restaurantes,Comida y Restaurantes,Nourriture et Restaurants,Cibo e Ristoranti,Essen & Restaurants,饮食与餐厅,Do you generally prefer a light lunch or something more substantial?,Você geralmente prefere um almoço leve ou algo mais substancial?,¿Sueles preferir un almuerzo ligero o algo más contundente?,Préférez-vous généralement un déjeuner léger ou quelque chose de plus consistant ?,In genere preferisci un pranzo leggero o qualcosa di più sostanzioso?,Magst du normalerweise lieber ein leichtes Mittagessen oder etwas Gehaltvolleres?,"Nǐ wǔfàn yībān xǐhuan chī de qīngdàn diǎn, háishì gèng piān'ài guǎnbǎo de dàcān?",你午饭一般喜欢吃得清淡点，还是更偏爱管饱的大餐？,
1035,B2,35,Food & Restaurants,Comida e Restaurantes,Comida y Restaurantes,Nourriture et Restaurants,Cibo e Ristoranti,Essen & Restaurants,饮食与餐厅,I’ve heard that the patisserie around the corner is second to none.,Ouvi dizer que a confeitaria da esquina é insuperável.,He oído que la pastelería de la vuelta de la esquina no tiene parangón.,J'ai entendu dire que la pâtisserie du coin est sans égale.,Ho sentito dire che la pasticceria all'angolo non ha eguali.,"Ich habe gehört, dass die Konditorei um die Ecke unübertroffen ist.",Wǒ tīngshuō zhuǎnjiǎo nà jiā fǎshì tiánpǐndiàn de shǒuyì jiǎnzhí shì shǒuqūyīzhǐ.,我听说转角那家法式甜品店的手艺简直是首屈一指。,
1036,B2,35,Food & Restaurants,Comida e Restaurantes,Comida y Restaurantes,Nourriture et Restaurants,Cibo e Ristoranti,Essen & Restaurants,饮食与餐厅,Could we have a look at the wine list before we decide?,Poderíamos dar uma olhada na carta de vinhos antes de decidirmos?,¿Podríamos echar un vistazo a la carta de vinos antes de decidir?,Pourrions-nous jeter un œil à la carte des vins avant de nous décider ?,Potremmo dare un'occhiata alla carta dei vini prima di decidere?,"Könnten wir einen Blick in die Weinkarte werfen, bevor wir uns entscheiden?","Wǒmen zuò juédìng zhīqián, néng xiān kàn yīxià jiǔdān ma?",我们做决定之前，能先看一下酒单吗？,
1037,B2,35,Food & Restaurants,Comida e Restaurantes,Comida y Restaurantes,Nourriture et Restaurants,Cibo e Ristoranti,Essen & Restaurants,饮食与餐厅,I’m trying to be more mindful of where my food comes from.,Estou tentando ser mais consciente sobre a origem da minha comida.,Estoy intentando ser más consciente de dónde proviene mi comida.,J'essaie d'être plus attentif à la provenance de ma nourriture.,Sto cercando di essere più consapevole della provenienza del mio cibo.,"Ich versuche, bewusster darauf zu achten, woher mein Essen kommt.",Wǒ xiànzài gèng zhùzhòng liǎojiě zìjǐ chījìn dùzi lǐ de shícái láiyuán.,我现在更注重了解自己吃进肚子里的食材来源。,
1038,B2,35,Food & Restaurants,Comida e Restaurantes,Comida y Restaurantes,Nourriture et Restaurants,Cibo e Ristoranti,Essen & Restaurants,饮食与餐厅,"The steak was cooked to perfection, exactly as I requested.","O bife estava no ponto perfeito, exatamente como eu pedi.","El filete estaba cocinado a la perfección, exactamente como lo pedí.","Le steak était cuit à la perfection, exactement comme je l'avais demandé.","La bistecca era cotta alla perfezione, esattamente come l'avevo chiesta.","Das Steak war perfekt zubereitet, genau so, wie ich es bestellt habe.","Niúpái de huǒhòu zhǎngwò de qiàdàohǎochù, wánquán fúhé wǒ de yāoqiú.",牛排的火候掌握得恰到好处，完全符合我的要求。,
1039,B2,35,Food & Restaurants,Comida e Restaurantes,Comida y Restaurantes,Nourriture et Restaurants,Cibo e Ristoranti,Essen & Restaurants,饮食与餐厅,Is it possible to have the sauce served separately on the side?,É possível ter o molho servido separadamente ao lado?,¿Es posible que la salsa se sirva por separado a un lado?,Est-il possible d'avoir la sauce servie à part ?,È possibile avere la salsa servita a parte?,"Wäre es möglich, die Soße separat dazu zu bekommen?",Jiàngzhī néng bāng wǒ dānfàng ma?,酱汁能帮我单放吗？,
1040,B2,35,Food & Restaurants,Comida e Restaurantes,Comida y Restaurantes,Nourriture et Restaurants,Cibo e Ristoranti,Essen & Restaurants,饮食与餐厅,I’ve been experimenting with plant-based recipes lately.,Tenho experimentado receitas à base de plantas ultimamente.,He estado experimentando con recetas basadas en plantas últimamente.,J'ai expérimenté des recettes végétales ces derniers temps.,Ultimamente sto sperimentando ricette a base vegetale.,Ich habe in letzter Zeit mit pflanzlichen Rezepten experimentiert.,Wǒ zuìjìn yīzhí zài chángshì chúnsù zhíwùjī de shípǔ.,我最近一直在尝试纯素植物基的食谱。,
1041,B2,35,Food & Restaurants,Comida e Restaurantes,Comida y Restaurantes,Nourriture et Restaurants,Cibo e Ristoranti,Essen & Restaurants,饮食与餐厅,What is the most overrated restaurant you’ve ever been to?,Qual é o restaurante mais superestimado em que você já esteve?,¿Cuál es el restaurante más sobrevalorado en el que has estado jamás?,Quel est le restaurant le plus surcoté où vous soyez jamais allé ?,Qual è il ristorante più sopravvalutato in cui tu sia mai stato?,"Was ist das am meisten überbewertete Restaurant, in dem du je warst?",Nǐ qùguo zuì míngbùfùshí de cāntīng shì nǎ jiā?,你去过最名不副实的餐厅是哪家？,
1042,B2,35,Food & Restaurants,Comida e Restaurantes,Comida y Restaurantes,Nourriture et Restaurants,Cibo e Ristoranti,Essen & Restaurants,饮食与餐厅,I don't usually indulge in such a decadent dessert.,Eu não costumo me permitir uma sobremesa tão decadente.,No suelo permitirme un postre tan decadente.,Je ne m'accorde pas souvent un dessert aussi gourmand.,Di solito non mi concedo un dessert così peccaminoso.,Normalerweise gönne ich mir nicht so ein sündhaftes Dessert.,Wǒ píngshí hěn shǎo fàngzòng zìjǐ chī zhème shēhuá tiánnì de diǎnxin.,我平时很少放纵自己吃这么奢华甜腻的点心。,
1043,B2,35,Food & Restaurants,Comida e Restaurantes,Comida y Restaurantes,Nourriture et Restaurants,Cibo e Ristoranti,Essen & Restaurants,饮食与餐厅,The ambiance in the bistro was both elegant and inviting.,O ambiente no bistrô era elegante e convidativo.,El ambiente en el bistró era a la vez elegante y acogedor.,L'ambiance du bistro était à la fois élégante et chaleureuse.,L'atmosfera nel bistrot era sia elegante che accogliente.,Das Ambiente im Bistro war sowohl elegant als auch einladend.,Zhè jiā xiǎojiǔguǎn de fēnwéi jì yǎzhì yòu wēnxīn.,这家小酒馆的氛围既雅致又温馨。,
1044,B2,35,Food & Restaurants,Comida e Restaurantes,Comida y Restaurantes,Nourriture et Restaurants,Cibo e Ristoranti,Essen & Restaurants,饮食与餐厅,I’d like to place an order for collection in about twenty minutes.,Gostaria de fazer um pedido para retirada em cerca de vinte minutos.,Me gustaría hacer un pedido para recoger en unos veinte minutos.,J'aimerais passer une commande à emporter dans environ vingt minutes.,Vorrei fare un ordine da ritirare tra circa venti minuti.,Ich möchte bitte etwas zur Abholung in etwa zwanzig Minuten bestellen.,"Wǒ xiǎng tíqián xiàdān zìtí, dàgài èrshí fēnzhōng hòu qù qǔ.",我想提前下单自提，大概二十分钟后去取。,
1045,B2,35,Food & Restaurants,Comida e Restaurantes,Comida y Restaurantes,Nourriture et Restaurants,Cibo e Ristoranti,Essen & Restaurants,饮食与餐厅,Do you offer a set menu for larger groups of people?,Vocês oferecem um menu fixo para grupos maiores de pessoas?,¿Ofrecen un menú cerrado para grupos grandes de personas?,Proposez-vous un menu fixe pour les grands groupes ?,Offrite un menu fisso per gruppi numerosi?,Bieten Sie ein Menü für größere Gruppen an?,Nǐmen zhēnduì duō rén jùcān tígōng tuántǐ tàocān ma?,你们针对多人聚餐提供团体套餐吗？,
1046,B2,35,Food & Restaurants,Comida e Restaurantes,Comida y Restaurantes,Nourriture et Restaurants,Cibo e Ristoranti,Essen & Restaurants,饮食与餐厅,I’m not entirely sure whether I like the texture of this dish.,Não tenho certeza absoluta se gosto da textura deste prato.,No estoy del todo seguro de si me gusta la textura de este plato.,Je ne sais pas trop si j'aime la texture de ce plat.,Non sono del tutto sicuro che mi piaccia la consistenza di questo piatto.,"Ich bin mir nicht ganz sicher, ob mir die Konsistenz dieses Gerichts zusagt.",Wǒ hǎoxiàng bù tài chī de guàn zhè dào cài de kǒugǎn.,我好像不太吃得惯这道菜的口感。,
1047,B2,35,Food & Restaurants,Comida e Restaurantes,Comida y Restaurantes,Nourriture et Restaurants,Cibo e Ristoranti,Essen & Restaurants,饮食与餐厅,We had a truly memorable dinner to mark our anniversary.,Tivemos um jantar verdadeiramente memorável para marcar nosso aniversário.,Tuvimos una cena realmente memorable para celebrar nuestro aniversario.,Nous avons eu un dîner vraiment mémorable pour célébrer notre anniversaire.,Abbiamo fatto una cena davvero memorabile per festeggiare il nostro anniversario.,Wir hatten ein wirklich unvergessliches Abendessen anlässlich unseres Jahrestages.,Wǒmen chī le yī dùn jíqí nánwàng de dàcān lái qìngzhù jìniànrì.,我们吃了一顿极其难忘的大餐来庆祝纪念日。,
1048,B2,35,Food & Restaurants,Comida e Restaurantes,Comida y Restaurantes,Nourriture et Restaurants,Cibo e Ristoranti,Essen & Restaurants,饮食与餐厅,Is the gratuity already included in the final bill?,A gorjeta já está incluída na conta final?,¿Está la gratificación ya incluida en la cuenta final?,Le pourboire est-il déjà inclus dans l'addition finale ?,La mancia è già inclusa nel conto finale?,Ist das Trinkgeld bereits in der Rechnung enthalten?,Zuìzhōng zhàngdān lǐ yǐjīng bāohán xiǎofèi le ma?,最终账单里已经包含小费了吗？,
1049,B2,35,Food & Restaurants,Comida e Restaurantes,Comida y Restaurantes,Nourriture et Restaurants,Cibo e Ristoranti,Essen & Restaurants,饮食与餐厅,"I’ll take care of the bill this time, it’s my treat.","Eu cuido da conta desta vez, é por minha conta.","Yo me haré cargo de la cuenta esta vez, invito yo.","Je m'occupe de l'addition cette fois, c'est pour moi.","Me ne occupo io del conto stavolta, offro io.","Ich übernehme diesmal die Rechnung, ich lade dich ein.","Zhè cì wǒ lái mǎidān, wǒ qǐngkè.",这次我来买单，我请客。,
1050,B2,35,Food & Restaurants,Comida e Restaurantes,Comida y Restaurantes,Nourriture et Restaurants,Cibo e Ristoranti,Essen & Restaurants,饮食与餐厅,I’ve never been one for dining at fancy restaurants on a regular basis.,Nunca fui de jantar em restaurantes chiques regularmente.,Nunca he sido de los que cenan en restaurantes elegantes de forma habitual.,Je n'ai jamais été du genre à dîner régulièrement dans des restaurants chics.,Non sono mai stato uno che cena regolarmente in ristoranti di lusso.,"Ich war noch nie jemand, der regelmäßig in schicken Restaurants isst.",Wǒ píngshí xiànglái bùshì gè jīngcháng xià gāodàng guǎnzi de rén.,我平时向来不是个经常下高档馆子的人。,
1051,B2,36,Shopping & Money,Compras e Dinheiro,Compras y Dinero,Achats et Argent,Acquisti e Denaro,Einkaufen & Geld,购物与金钱,I’m on the lookout for a winter coat that is both stylish and practical.,Estou à procura de um casaco de inverno que seja elegante e prático.,Estoy buscando un abrigo de invierno que sea a la vez elegante y práctico.,Je cherche un manteau d'hiver qui soit à la fois élégant et pratique.,Sto cercando un cappotto invernale che sia allo stesso tempo elegante e pratico.,"Ich bin auf der Suche nach einem Wintermantel, der sowohl schick als auch praktisch ist.",Wǒ zài tiāo yī jiàn jì shíshàng yòu shíyòng de dōngdàyī.,我在挑一件既时尚又实用的冬大衣。,
1052,B2,36,Shopping & Money,Compras e Dinheiro,Compras y Dinero,Achats et Argent,Acquisti e Denaro,Einkaufen & Geld,购物与金钱,Does this particular model come with a worldwide warranty?,Este modelo específico vem com garantia mundial?,¿Este modelo en particular viene con garantía mundial?,Ce modèle particulier bénéficie-t-il d'une garantie mondiale ?,Questo modello specifico ha la garanzia internazionale?,Hat dieses spezielle Modell eine weltweite Garantie?,Zhège xínghào yǒu quánqiú liánbǎo ma?,这个型号有全球联保吗？,
1053,B2,36,Shopping & Money,Compras e Dinheiro,Compras y Dinero,Achats et Argent,Acquisti e Denaro,Einkaufen & Geld,购物与金钱,I’ve been weighing up the pros and cons of buying a used car.,Tenho avaliado os prós e contras de comprar um carro usado.,He estado sopesando los pros y los contras de comprar un coche usado.,J'ai pesé le pour et le contre de l'achat d'une voiture d'occasion.,Ho valutato i pro e i contro dell'acquisto di un'auto usata.,"Ich habe die Vor- und Nachteile abgewogen, einen Gebrauchtwagen zu kaufen.",Wǒ yīzhí zài quánhéng mǎi èrshǒuchē de lìbì.,我一直在权衡买二手车的利弊。,
1054,B2,36,Shopping & Money,Compras e Dinheiro,Compras y Dinero,Achats et Argent,Acquisti e Denaro,Einkaufen & Geld,购物与金钱,I don't think I can justify spending that much on a single item.,Não acho que eu possa justificar o gasto de tanto dinheiro em um único item.,No creo que pueda justificar gastar tanto en un solo artículo.,Je ne pense pas pouvoir justifier de dépenser autant pour un seul article.,Non credo di potermi più giustificare una spesa simile per un singolo articolo.,"Ich glaube nicht, dass ich es rechtfertigen kann, so viel für einen einzelnen Artikel auszugeben.",Wǒ juéde dān mǎi yī jiàn dōngxi huā zhème duō qián bù tài huásuàn.,我觉得单买一件东西花这么多钱不太划算。,
1055,B2,36,Shopping & Money,Compras e Dinheiro,Compras y Dinero,Achats et Argent,Acquisti e Denaro,Einkaufen & Geld,购物与金钱,Is it possible to exchange this if it doesn't fit the person I bought it for?,É possível trocar isso se não servir na pessoa para quem comprei?,¿Es posible cambiar esto si no le queda bien a la persona para quien lo compré?,Est-il possible d'échanger ceci si cela ne va pas à la personne pour qui je l'ai acheté ?,È possibile cambiarlo se non va bene alla persona per cui l'ho comprato?,"Kann man das umtauschen, falls es der Person, für die ich es gekauft habe, nicht passt?","Rúguǒ sòng de rén chuāndài bù héshēn, kěyǐ huànhuò ma?",如果送的人穿戴不合身，可以换货吗？,
1056,B2,36,Shopping & Money,Compras e Dinheiro,Compras y Dinero,Achats et Argent,Acquisti e Denaro,Einkaufen & Geld,购物与金钱,I’m trying to be more disciplined with my spending this year.,Estou tentando ser mais disciplinado com meus gastos este ano.,Estoy intentando ser más disciplinado con mis gastos este año.,J'essaie d'être plus discipliné dans mes dépenses cette année.,Sto cercando di essere più disciplinato con le mie spese quest'anno.,"Ich versuche, dieses Jahr disziplinierter mit meinen Ausgaben umzugehen.",Jīnnián wǒ zài nǔlì kòngzhì kāizhī.,今年我在努力控制开支。,
1057,B2,36,Shopping & Money,Compras e Dinheiro,Compras y Dinero,Achats et Argent,Acquisti e Denaro,Einkaufen & Geld,购物与金钱,The department store was so packed that I couldn't find what I wanted.,A loja de departamentos estava tão cheia que não consegui encontrar o que queria.,Los grandes almacenes estaban tan llenos que no pude encontrar lo que quería.,Le grand magasin était si bondé que je n'ai pas pu trouver ce que je voulais.,Il grande magazzino era così affollato che non sono riuscito a trovare quello che volevo.,"Das Kaufhaus war so voll, dass ich nicht finden konnte, was ich wollte.","Shāngchǎng lǐ rénjǐrén de, wǒ dōu zhǎobuzháo xiǎng mǎi de dōngxi le.",商场里人挤人的，我都找不着想买的东西了。,
1058,B2,36,Shopping & Money,Compras e Dinheiro,Compras y Dinero,Achats et Argent,Acquisti e Denaro,Einkaufen & Geld,购物与金钱,I’ve already reached my credit limit for this billing period.,Já atingi meu limite de crédito para este período de faturamento.,Ya he alcanzado mi límite de crédito para este periodo de facturación.,J'ai déjà atteint mon plafond de carte de crédit pour cette période.,Ho già raggiunto il mio limite di credito per questo periodo di fatturazione.,Ich habe mein Kreditlimit für diesen Abrechnungszeitraum bereits erreicht.,Zhège zhàngdān zhōuqī wǒ de xìnyòngkǎ édù yǐjīng yòngmǎn le.,这个账单周期我的信用卡额度已经用满了。,
1059,B2,36,Shopping & Money,Compras e Dinheiro,Compras y Dinero,Achats et Argent,Acquisti e Denaro,Einkaufen & Geld,购物与金钱,Do you know where the nearest currency exchange office is?,Você sabe onde fica a casa de câmbio mais próxima?,¿Sabes dónde está la oficina de cambio de moneda más cercana?,Savez-vous où se trouve le bureau de change le plus proche ?,Sai dove si trova l'ufficio di cambio più vicino?,"Wissen Sie, wo die nächste Wechselstube ist?",Nǐ zhīdào zuìjìn de wàibì duìhuàndiǎn zài nǎlǐ ma?,你知道最近的外币兑换点在哪里吗？,
1060,B2,36,Shopping & Money,Compras e Dinheiro,Compras y Dinero,Achats et Argent,Acquisti e Denaro,Einkaufen & Geld,购物与金钱,I’d like to return this faulty item and get a full refund.,Gostaria de devolver este item com defeito e obter um reembolso total.,Me gustaría devolver este artículo defectuoso y obtener un reembolso completo.,J'aimerais retourner cet article défectueux et obtenir un remboursement complet.,Vorrei restituire questo articolo difettoso e ottenere un rimborso completo.,Ich möchte diesen defekten Artikel zurückgeben und den vollen Kaufpreis erstattet bekommen.,"Wǒ xiǎng tuìdiào zhè jiàn yǒu zhìliàng wèntí de shāngpǐn, bìng shēnqǐng quán'é tuìkuǎn.",我想退掉这件有质量问题的商品，并申请全额退款。,
1061,B2,36,Shopping & Money,Compras e Dinheiro,Compras y Dinero,Achats et Argent,Acquisti e Denaro,Einkaufen & Geld,购物与金钱,The price was considerably higher than what was advertised online.,O preço estava consideravelmente mais alto do que o anunciado online.,El precio era considerablemente más alto de lo que se anunciaba en internet.,Le prix était considérablement plus élevé que ce qui était annoncé en ligne.,Il prezzo era notevolmente più alto di quello pubblicizzato online.,Der Preis war erheblich höher als online angegeben.,Jiàgé bǐ wǎngshàng biāomíng de yào gāochū bùshǎo.,价格比网上标明的要高出不少。,
1062,B2,36,Shopping & Money,Compras e Dinheiro,Compras y Dinero,Achats et Argent,Acquisti e Denaro,Einkaufen & Geld,购物与金钱,I always make a point of reading customer reviews before I make a purchase.,Eu sempre faço questão de ler as avaliações dos clientes antes de fazer uma compra.,Siempre me aseguro de leer las opiniones de los clientes antes de realizar una compra.,Je me fais toujours un point d'honneur de lire les avis clients avant de faire un achat.,Mi assicuro sempre di leggere le recensioni dei clienti prima di fare un acquisto.,"Ich achte immer darauf, Kundenbewertungen zu lesen, bevor ich etwas kaufe.","Mǎi dōngxi qián, wǒ zǒng huì tèyì kànkan mǎijiā píngjià.",买东西前，我总会特意看看买家评价。,
1063,B2,36,Shopping & Money,Compras e Dinheiro,Compras y Dinero,Achats et Argent,Acquisti e Denaro,Einkaufen & Geld,购物与金钱,Is there an additional discount for members of the loyalty scheme?,Existe algum desconto adicional para membros do programa de fidelidade?,¿Hay algún descuento adicional para los miembros del programa de fidelización?,Y a-t-il une remise supplémentaire pour les membres du programme de fidélité ?,C'è uno sconto extra per i membri del programma fedeltà?,Gibt es einen zusätzlichen Rabatt für Mitglieder des Treueprogramms?,Huìyuán hái néng xiǎngshòu éwài de zhékòu ma?,会员还能享受额外的折扣吗？,
1064,B2,36,Shopping & Money,Compras e Dinheiro,Compras y Dinero,Achats et Argent,Acquisti e Denaro,Einkaufen & Geld,购物与金钱,I’ve misplaced my receipt; is there any other way to prove my purchase?,Perdi meu recibo; existe alguma outra maneira de comprovar minha compra?,He extraviado mi recibo; ¿hay alguna otra forma de demostrar mi compra?,J'ai égaré mon ticket de caisse ; y a-t-il un autre moyen de prouver mon achat ?,Ho smarrito lo scontrino; c'è un altro modo per provare il mio acquisto?,"Ich habe meinen Beleg verlegt; gibt es eine andere Möglichkeit, meinen Kauf nachzuweisen?","Wǒ de xiǎopiào zhǎobudào le, hái yǒu bié de bànfǎ zhèngmíng wǒ mǎiguo ma?",我的小票找不到了，还有别的办法证明我买过吗？,
1065,B2,36,Shopping & Money,Compras e Dinheiro,Compras y Dinero,Achats et Argent,Acquisti e Denaro,Einkaufen & Geld,购物与金钱,I’m not convinced that this particular style really suits me.,Não estou convencido de que este estilo específico realmente combine comigo.,No estoy convencido de que este estilo en particular me quede muy bien.,Je ne suis pas convaincu que ce style particulier me convienne vraiment.,Non sono convinto che questo stile mi stia bene.,"Ich bin nicht davon überzeugt, dass dieser Stil mir wirklich steht.",Wǒ zǒng juéde zhèzhǒng fēnggé bùjiànde zhēn shìhé wǒ.,我总觉得这种风格不见得真适合我。,
1066,B2,36,Shopping & Money,Compras e Dinheiro,Compras y Dinero,Achats et Argent,Acquisti e Denaro,Einkaufen & Geld,购物与金钱,Do you happen to have any of these left in the warehouse?,Você por acaso tem algum destes sobrando no estoque?,¿Por casualidad tienen alguno de estos en el almacén?,Auriez-vous par hasard encore cet article en stock ?,Per caso ne avete ancora in magazzino?,Haben Sie davon zufällig noch welche auf Lager?,Qǐngwèn cāngkù lǐ zhè kuǎn hái yǒu cúnhuò ma?,请问仓库里这款还有存货吗？,
1067,B2,36,Shopping & Money,Compras e Dinheiro,Compras y Dinero,Achats et Argent,Acquisti e Denaro,Einkaufen & Geld,购物与金钱,I’ve been using this banking app to keep track of my expenses.,Tenho usado este aplicativo bancário para acompanhar minhas despesas.,He estado usando esta aplicación bancaria para llevar un seguimiento de mis gastos.,J'utilise cette application bancaire pour suivre mes dépenses.,Sto usando questa app bancaria per tenere traccia delle mie spese.,"Ich benutze diese Banking-App, um meine Ausgaben im Auge zu behalten.",Wǒ yīzhí zài yòng zhège shǒujī yínháng ruǎnjiàn lái jìzhàng.,我一直在用这个手机银行软件来记账。,
1068,B2,36,Shopping & Money,Compras e Dinheiro,Compras y Dinero,Achats et Argent,Acquisti e Denaro,Einkaufen & Geld,购物与金钱,I’d like to raise a formal complaint regarding the service I received.,Gostaria de fazer uma reclamação formal sobre o serviço que recebi.,Me gustaría presentar una queja formal con respecto al servicio que recibí.,J'aimerais déposer une réclamation officielle concernant le service que j'ai reçu.,Vorrei presentare un reclamo formale riguardo al servizio ricevuto.,Ich möchte mich formell über den gebotenen Service beschweren.,Wǒ xiǎng jiù gāngcái jiēshòu de fúwù tíchū zhèngshì tóusù.,我想就刚才接受的服务提出正式投诉。,
1069,B2,36,Shopping & Money,Compras e Dinheiro,Compras y Dinero,Achats et Argent,Acquisti e Denaro,Einkaufen & Geld,购物与金钱,The quality of the workmanship is not quite what I was expecting.,A qualidade do acabamento não é exatamente o que eu esperava.,La calidad de la mano de obra no es exactamente la que esperaba.,La qualité de la fabrication n'est pas tout à fait celle que j'attendais.,La qualità della lavorazione non è esattamente quella che mi aspettavo.,Die Verarbeitungsqualität entspricht nicht ganz meinen Erwartungen.,Zuògōng zhìliàng bù tài fúhé wǒ de yùqī.,做工质量不太符合我的预期。,
1070,B2,36,Shopping & Money,Compras e Dinheiro,Compras y Dinero,Achats et Argent,Acquisti e Denaro,Einkaufen & Geld,购物与金钱,I’m looking for a gift that is both meaningful and within my budget.,Estou procurando um presente que seja significativo e que caiba no meu orçamento.,Estoy buscando un regalo que sea significativo y que esté dentro de mi presupuesto.,Je cherche un cadeau qui ait du sens et qui rentre dans mon budget.,Sto cercando un regalo che sia significativo e rientri nel mio budget.,"Ich suche ein Geschenk, das bedeutungsvoll ist und in mein Budget passt.",Wǒ zài zhǎo yī fèn jì yǒu xīnyì yòu zài yùsuàn nèi de lǐwù.,我在找一份既有心意又在预算内的礼物。,
1071,B2,36,Shopping & Money,Compras e Dinheiro,Compras y Dinero,Achats et Argent,Acquisti e Denaro,Einkaufen & Geld,购物与金钱,Is it more cost-effective to buy these in bulk rather than individually?,É mais econômico comprar estes em grande quantidade do que individualmente?,¿Es más rentable comprar estas cosas al por mayor que individualmente?,Est-il plus rentable d'acheter cela en gros plutôt qu'à l'unité ?,È più conveniente comprarli all'ingrosso invece che singolarmente?,"Ist es kostengünstiger, diese in großen Mengen statt einzeln zu kaufen?",Chéngpī mǎi huì bǐ dānmǎi gèng huásuàn ma?,成批买会比单买更划算吗？,
1072,B2,36,Shopping & Money,Compras e Dinheiro,Compras y Dinero,Achats et Argent,Acquisti e Denaro,Einkaufen & Geld,购物与金钱,I’ve decided to cut down on my impulsive shopping habits.,Decidi reduzir meus hábitos de compras por impulso.,He decidido reducir mis hábitos de compra impulsivos.,J'ai décidé de limiter mes achats impulsifs.,Ho deciso di ridurre i miei acquisti impulsivi.,"Ich habe beschlossen, meine Spontankäufe einzuschränken.",Wǒ juédìng gǎidiào chōngdòng xiāofèi de máobing.,我决定改掉冲动消费的毛病。,
1073,B2,36,Shopping & Money,Compras e Dinheiro,Compras y Dinero,Achats et Argent,Acquisti e Denaro,Einkaufen & Geld,购物与金钱,Do you accept payments made via contactless technology?,Vocês aceitam pagamentos feitos via tecnologia por aproximação?,¿Aceptan pagos realizados a través de tecnología sin contacto?,Acceptez-vous les paiements sans contact ?,Accettate pagamenti tramite tecnologia contactless?,Akzeptieren Sie kontaktlose Zahlungen?,Nǐmen zhīchí fēijiēchùshì gǎnyìng zhīfù ma?,你们支持非接触式感应支付吗？,
1074,B2,36,Shopping & Money,Compras e Dinheiro,Compras y Dinero,Achats et Argent,Acquisti e Denaro,Einkaufen & Geld,购物与金钱,I’m holding out for the January sales to buy a new television.,Estou esperando pelas liquidações de janeiro para comprar uma televisão nova.,Estoy esperando a las rebajas de enero para comprar una televisión nueva.,J'attends les soldes de janvier pour acheter une nouvelle télévision.,Sto aspettando i saldi di gennaio per comprare una nuova televisione.,"Ich warte auf den Winterschlussverkauf im Januar, um einen neuen Fernseher zu kaufen.","Wǒ zài děng yī yuèfèn de dà cùxiāo, dào shíhou zài mǎi tái xīn diànshì.",我在等一月份的大促销，到时候再买台新电视。,
1075,B2,36,Shopping & Money,Compras e Dinheiro,Compras y Dinero,Achats et Argent,Acquisti e Denaro,Einkaufen & Geld,购物与金钱,The shop is conveniently located right next to the train station.,A loja está convenientemente localizada logo ao lado da estação de trem.,La tienda está convenientemente ubicada justo a la vuelta de la esquina de la estación de tren.,Le magasin est idéalement situé juste à côté de la gare.,"Il negozio è situato in una posizione comoda, proprio accanto alla stazione ferroviaria.",Das Geschäft liegt praktischerweise direkt neben dem Bahnhof.,"Zhè jiā diàn jǐnlín huǒchēzhàn, wèizhì fēicháng fāngbiàn.",这家店紧邻火车站，位置非常方便。,
1076,B2,36,Shopping & Money,Compras e Dinheiro,Compras y Dinero,Achats et Argent,Acquisti e Denaro,Einkaufen & Geld,购物与金钱,I’ve been searching for this particular brand for ages!,Estou procurando por esta marca específica há eras!,¡He estado buscando esta marca en particular durante siglos!,Je cherche cette marque particulière depuis une éternité !,Sto cercando questa marca specifica da una vita!,Ich suche schon ewig nach genau dieser Marke!,Wǒ zhǎo zhège páizi zhǎo le hǎojiǔ le!,我找这个牌子找了好久了！,
1077,B2,36,Shopping & Money,Compras e Dinheiro,Compras y Dinero,Achats et Argent,Acquisti e Denaro,Einkaufen & Geld,购物与金钱,I don't have enough small change to pay for the parking meter.,Não tenho trocado suficiente para pagar o parquímetro.,No tengo suficiente cambio para pagar el parquímetro.,Je n'ai pas assez de monnaie pour payer le parcmètre.,Non ho abbastanza spiccioli per pagare il parchimetro.,Ich habe nicht genug Kleingeld für die Parkuhr.,Wǒ shēnshang de língqián bù gòu tóu tíngchē jìshíqì.,我身上的零钱不够投停车计时器。,
1078,B2,36,Shopping & Money,Compras e Dinheiro,Compras y Dinero,Achats et Argent,Acquisti e Denaro,Einkaufen & Geld,购物与金钱,Can you direct me to the nearest high-end shopping center?,Você pode me indicar o shopping de luxo mais próximo?,¿Puedes indicarme el centro comercial de alta gama más cercano?,Pouvez-vous m'indiquer le centre commercial haut de gamme le plus proche ?,Può indicarmi il centro commerciale di lusso più vicino?,"Können Sie mir sagen, wo das nächste Luxus-Einkaufszentrum ist?",Qǐngwèn lí zhèr zuìjìn de gāoduān gòuwù zhōngxīn zěnme zǒu?,请问离这儿最近的高端购物中心怎么走？,
1079,B2,36,Shopping & Money,Compras e Dinheiro,Compras y Dinero,Achats et Argent,Acquisti e Denaro,Einkaufen & Geld,购物与金钱,I’m not very good at keeping an eye on my daily outgoings.,Não sou muito bom em ficar de olho nos meus gastos diários.,No soy muy bueno controlando mis gastos diarios.,Je ne suis pas très doué pour surveiller mes dépenses quotidiennes.,Non sono molto bravo a tenere d'occhio le mie uscite quotidiane.,"Ich bin nicht sehr gut darin, meine täglichen Ausgaben im Blick zu behalten.",Wǒ bù tài shàncháng dīngjǐn měitiān de rìcháng kāixiāo.,我不太擅长盯紧每天的日常开销。,
1080,B2,36,Shopping & Money,Compras e Dinheiro,Compras y Dinero,Achats et Argent,Acquisti e Denaro,Einkaufen & Geld,购物与金钱,I’d like to inquire about the interest rates on your savings accounts.,Gostaria de me informar sobre as taxas de juros de suas contas poupança.,Me gustaría preguntar sobre las tasas de interés de sus cuentas de ahorro.,J'aimerais me renseigner sur les taux d'intérêt de vos comptes d'épargne.,Vorrei informarmi sui tassi d'interesse dei vostri conti di risparmio.,Ich möchte mich über die Zinssätze für Sparkonten erkundigen.,Wǒ xiǎng zīxún yīxià chǔxù zhànghù de lìlǜ.,我想咨询一下储蓄账户的利率。,
1081,B2,37,Work & Study,Trabalho e Estudo,Trabajo y Estudio,Travail et Études,Lavoro e Studio,Arbeit & Studium,工作与学习,I have been employed by this firm for the better part of five years.,Trabalho nesta empresa há quase cinco anos.,He estado empleado en esta empresa durante la mayor parte de cinco años.,Je suis employé par cette entreprise depuis près de cinq ans.,Sono impiegato in questa azienda da quasi cinque anni.,Ich bin seit gut fünf Jahren bei dieser Firma angestellt.,Wǒ zài zhè jiā gōngsī gōngzuò le dàbàn gè wǔ nián le.,我在这家公司工作了大半个五年了。,
1082,B2,37,Work & Study,Trabalho e Estudo,Trabajo y Estudio,Travail et Études,Lavoro e Studio,Arbeit & Studium,工作与学习,She is currently pursuing a postgraduate degree in environmental law.,Ela está atualmente cursando uma pós-graduação em direito ambiental.,Ella actualmente está cursando un posgrado en derecho ambiental.,Elle poursuit actuellement un diplôme de troisième cycle en droit de l'environnement.,Attualmente lei sta seguendo un master in diritto ambientale.,Sie macht derzeit ein Masterstudium in Umweltrecht.,Tā mùqián zhèngzài gōngdú huánjìngfǎ shuòshì xuéwèi.,她目前正在攻读环境法硕士学位。,
1083,B2,37,Work & Study,Trabalho e Estudo,Trabajo y Estudio,Travail et Études,Lavoro e Studio,Arbeit & Studium,工作与学习,I was wondering if you could provide me with some feedback on my work.,Eu estava me perguntando se você poderia me dar algum feedback sobre o meu trabalho.,Me preguntaba si podrías darme tu opinión sobre mi trabajo.,Je me demandais si vous pourriez me donner un retour sur mon travail.,Mi chiedevo se potessi darmi un feedback sul mio lavoro.,"Ich habe mich gefragt, ob du mir Feedback zu meiner Arbeit geben könntest.",Bùzhī nín néngfǒu duì wǒ de gōngzuò tí yīxiē zhǐdǎo yìjiàn.,不知您能否对我的工作提一些指导意见？,
1084,B2,37,Work & Study,Trabalho e Estudo,Trabajo y Estudio,Travail et Études,Lavoro e Studio,Arbeit & Studium,工作与学习,The deadline for the project has been pushed back by a couple of weeks.,O prazo para o projeto foi adiado em algumas semanas.,La fecha límite para el proyecto se ha retrasado un par de semanas.,La date limite du projet a été repoussée de quelques semaines.,La scadenza per il progetto è stata posticipata di un paio di settimane.,Die Frist für das Projekt wurde um ein paar Wochen verschoben.,Xiàngmù de jiézhǐ rìqī wǎng hòu tuīchí le liǎng zhōu.,项目的截止日期往后推迟了两周。,
1085,B2,37,Work & Study,Trabalho e Estudo,Trabajo y Estudio,Travail et Études,Lavoro e Studio,Arbeit & Studium,工作与学习,I’m not entirely satisfied with the current direction of the company.,Não estou inteiramente satisfeito com o rumo atual da empresa.,No estoy del todo satisfecho con la dirección actual de la empresa.,Je ne suis pas entièrement satisfait de l'orientation actuelle de l'entreprise.,Non sono del tutto soddisfatto dell'attuale direzione dell'azienda.,Ich bin mit der aktuellen Ausrichtung des Unternehmens nicht ganz zufrieden.,Wǒ duì gōngsī mùqián de fāzhǎn fāngxiàng bù tài mǎnyì.,我对公司目前的发展方向不太满意。,
1086,B2,37,Work & Study,Trabalho e Estudo,Trabajo y Estudio,Travail et Études,Lavoro e Studio,Arbeit & Studium,工作与学习,He has been shortlisted for the position of head of communications.,Ele foi selecionado para a vaga de chefe de comunicações.,Él ha sido preseleccionado para el puesto de jefe de comunicaciones.,Il a été présélectionné pour le poste de directeur de la communication.,È stato selezionato per la posizione di responsabile della comunicazione.,Er ist in die engere Wahl für die Stelle als Leiter der Unternehmenskommunikation gekommen.,Tā rùwéi le chuánbō zhǔguǎn de zuìzhōng hòuxuǎn míngdān.,他入围了传播主管的最终候选名单。,
1087,B2,37,Work & Study,Trabalho e Estudo,Trabajo y Estudio,Travail et Études,Lavoro e Studio,Arbeit & Studium,工作与学习,Do you think it’s feasible to complete the course while working full-time?,Você acha viável concluir o curso enquanto trabalha em tempo integral?,¿Cree que es factible completar el curso mientras se trabaja a tiempo completo?,Pensez-vous qu'il soit faisable de terminer le cours tout en travaillant à plein temps ?,Pensi che sia fattibile completare il corso lavorando a tempo pieno?,"Hältst du es für machbar, den Kurs zu absolvieren, während man Vollzeit arbeitet?",Nǐ juéde yībiān quánzhí gōngzuò yībiān dúwán kèchéng xiànshí ma?,你觉得一边全职工作一边读完课程现实吗？,
1088,B2,37,Work & Study,Trabalho e Estudo,Trabajo y Estudio,Travail et Études,Lavoro e Studio,Arbeit & Studium,工作与学习,I’m planning on enrolling in a series of professional development workshops.,Planejo me matricular em uma série de workshops de desenvolvimento profissional.,Estoy planeando inscribirme en una serie de talleres de desarrollo profesional.,Je prévois de m'inscrire à une série d'ateliers de développement professionnel.,Ho intenzione di iscrivermi a una serie di workshop di sviluppo professionale.,"Ich plane, mich für eine Reihe von Fortbildungsworkshops anzumelden.",Wǒ dǎsuan bàomíng cānjiā yī xìliè zhíyè fāzhǎn gōngzuòfāng.,我打算报名参加一系列职业发展工作坊。,
1089,B2,37,Work & Study,Trabalho e Estudo,Trabajo y Estudio,Travail et Études,Lavoro e Studio,Arbeit & Studium,工作与学习,"The report was completed well ahead of schedule, much to everyone's surprise.","O relatório foi concluído bem antes do prazo, para surpresa de todos.","El informe se completó mucho antes de lo previsto, para sorpresa de todos.","Le rapport a été terminé bien avant l'échéance, à la surprise générale.","Il rapporto è stato completato con largo anticipo, con sorpresa di tutti.",Der Bericht wurde zur Überraschung aller weit vor dem Zeitplan fertiggestellt.,"Bàogào dàdà tíqián wánchéng le, ràng suǒyǒu rén dōu hěn yìwài.",报告大大提前完成了，让所有人都很意外。,
1090,B2,37,Work & Study,Trabalho e Estudo,Trabajo y Estudio,Travail et Études,Lavoro e Studio,Arbeit & Studium,工作与学习,I’ve been exploring the possibility of working remotely on a permanent basis.,Tenho explorado a possibilidade de trabalhar remotamente de forma permanente.,He estado explorando la posibilidad de trabajar de forma remota de forma permanente.,J'ai exploré la possibilité de travailler à distance de manière permanente.,Sto valutando la possibilità di lavorare da remoto in modo permanente.,"Ich habe die Möglichkeit geprüft, dauerhaft im Homeoffice zu arbeiten.",Wǒ yīzhí zài tàntǎo chángqī yuǎnchéng bàngōng de kěnéngxìng.,我一直在探讨长期远程办公的可能性。,
1091,B2,37,Work & Study,Trabalho e Estudo,Trabajo y Estudio,Travail et Études,Lavoro e Studio,Arbeit & Studium,工作与学习,She is widely regarded as one of the most talented experts in her field.,Ela é amplamente considerada uma das especialistas mais talentosas em sua área.,Ella es ampliamente considerada como una de las expertas con más talento en su campo.,Elle est largement considérée comme l'une des expertes les plus talentueuses dans son domaine.,È ampiamente considerata una delle esperte più talentuose nel suo campo.,Sie gilt weithin als eine der talentiertesten Expertinnen auf ihrem Gebiet.,Tā bèi gōngrèn wéi gāi lǐngyù dǐngjiān de zīshēn zhuānjiā zhī yī.,她被公认为是该领域顶尖的资深专家之一。,
1092,B2,37,Work & Study,Trabalho e Estudo,Trabajo y Estudio,Travail et Études,Lavoro e Studio,Arbeit & Studium,工作与学习,I have to finalize the details of the presentation before the meeting.,Preciso finalizar os detalhes da apresentação antes da reunião.,Tengo que finalizar los detalles de la presentación antes de la reunión.,Je dois finaliser les détails de la présentation avant la réunion.,Devo definire i dettagli della presentazione prima della riunione.,Ich muss die Details der Präsentation vor der Besprechung fertigstellen.,Wǒ děi zài kāihuì qián bǎ yǎnshì wéngǎo de xìjié qiāodìng xiàlái.,我得在开会前把演示文稿的细节敲定下来。,
1093,B2,37,Work & Study,Trabalho e Estudo,Trabajo y Estudio,Travail et Études,Lavoro e Studio,Arbeit & Studium,工作与学习,Do you have to deal with a lot of bureaucracy in your current role?,Você tem que lidar com muita burocracia em sua função atual?,¿Tienes que lidiar con mucha burocracia en tu puesto actual?,Devez-vous faire face à beaucoup de bureaucratie dans votre rôle actuel ?,Devi gestire molta burocrazia nel tuo ruolo attuale?,Hast du in deiner jetzigen Rolle mit viel Bürokratie zu tun?,Nǐ mùqián de gōngzuò xūyào yìngfu hěn duō fánsuǒ de guānliáo chéngxù ma?,你目前的工作需要应付很多繁琐的官僚程序吗？,
1094,B2,37,Work & Study,Trabalho e Estudo,Trabajo y Estudio,Travail et Études,Lavoro e Studio,Arbeit & Studium,工作与学习,I’m not used to having to juggle so many different tasks at once.,Não estou acostumado a ter que lidar com tantas tarefas diferentes ao mesmo tempo.,No estoy acostumbrado a tener que compaginar tantas tareas diferentes a la vez.,Je n'ai pas l'habitude de devoir jongler avec autant de tâches différentes en même temps.,Non sono abituato a dover gestire così tanti compiti diversi contemporaneamente.,"Ich bin es nicht gewohnt, so viele verschiedene Aufgaben gleichzeitig zu bewältigen.",Wǒ bù xíguàn tóngshí jiāngù zhème fánzá de rènwu.,我不习惯同时兼顾这么多繁杂的任务。,
1095,B2,37,Work & Study,Trabalho e Estudo,Trabajo y Estudio,Travail et Études,Lavoro e Studio,Arbeit & Studium,工作与学习,He is currently undergoing a period of intensive training for the new role.,Ele está passando por um período de treinamento intensivo para a nova função.,Él actualmente está pasando por un periodo de formación intensiva para el nuevo puesto.,Il suit actuellement une période de formation intensive pour son nouveau rôle.,Attualmente lui sta seguendo un periodo di formazione intensiva per il nuovo ruolo.,Er absolviert derzeit ein intensives Training für die neue Aufgabe.,Tā mùqián zhèng wèile shìyìng xīn gǎngwèi jiēshòu qiánghuà péixùn.,他目前正为了适应新岗位接受强化培训。,
1096,B2,37,Work & Study,Trabalho e Estudo,Trabajo y Estudio,Travail et Études,Lavoro e Studio,Arbeit & Studium,工作与学习,I’ve learned a great deal from the challenges I’ve faced over the years.,Aprendi muito com os desafios que enfrentei ao longo dos anos.,He aprendido muchísimo de los desafíos a los que me he enfrentado a lo largo de los años.,J'ai beaucoup appris des défis que j'ai relevés au fil des ans.,Ho imparato molto dalle sfide che ho affrontato nel corso degli anni.,"Ich habe aus den Herausforderungen, denen ich im Laufe der Jahre gegenüberstand, viel gelernt.","Zhèxiē nián lái, wǒ cóng suǒ jīnglì de zhǒngzhǒng tiǎozhǎn zhōng shòuyì fěiqiǎn.",这些年来，我从所经历的种种挑战中受益匪浅。,
1097,B2,37,Work & Study,Trabalho e Estudo,Trabajo y Estudio,Travail et Études,Lavoro e Studio,Arbeit & Studium,工作与学习,What do you find to be the most demanding aspect of your studies?,O que você considera o aspecto mais exigente dos seus estudos?,¿Qué es lo que te resulta más exigente de tus estudios?,"Quel est, selon vous, l'aspect le plus exigeant de vos études ?",Qual è l'aspetto più impegnativo dei tuoi studi?,Was ist für dich der anspruchsvollste Aspekt deines Studiums?,Nǐ juéde xuéyè dāngzhōng duì nǐ yāoqiú zuì gāo de shì nǎ yī bùfen.,你觉得学业当中对你要求最高的是哪一部分？,
1098,B2,37,Work & Study,Trabalho e Estudo,Trabajo y Estudio,Travail et Études,Lavoro e Studio,Arbeit & Studium,工作与学习,I’m thinking of applying for a grant to fund my research project.,Estou pensando em solicitar um subsídio para financiar meu projeto de pesquisa.,Estoy pensando en solicitar una subvención para financiar mi proyecto de investigación.,J'envisage de demander une bourse pour financer mon projet de recherche.,Sto pensando di richiedere una borsa di studio per finanziare il mio progetto di ricerca.,"Ich überlege, Fördermittel zur Finanzierung meines Forschungsprojekts zu beantragen.",Wǒ dǎsuan shēnqǐng yī bǐ kēyán jīngfèi lái zīzhù zìjǐ de yánjiū kètí.,我打算申请一笔科研经费来资助自己的研究课题。,
1099,B2,37,Work & Study,Trabalho e Estudo,Trabajo y Estudio,Travail et Études,Lavoro e Studio,Arbeit & Studium,工作与学习,The new office layout is much more conducive to collaborative working.,O novo layout do escritório é muito mais propício ao trabalho colaborativo.,El nuevo diseño de la oficina es mucho más propicio para el trabajo colaborativo.,Le nouvel aménagement des bureaux est bien plus propice au travail collaboratif.,La nuova disposizione dell'ufficio è molto più favorevole al lavoro di squadra.,Das neue Bürolayout ist viel förderlicher für die Zusammenarbeit.,Xīn bàngōngshì de bùjú gèng lìyú tuánduì xiézuò.,新办公室的布局更有利于团队协作。,
1100,B2,37,Work & Study,Trabalho e Estudo,Trabajo y Estudio,Travail et Études,Lavoro e Studio,Arbeit & Studium,工作与学习,I’ve already followed up on the email I sent to the client last week.,Já dei continuidade ao e-mail que enviei ao cliente na semana passada.,Ya he hecho un seguimiento del correo electrónico que envié al cliente la semana pasada.,J'ai déjà fait le suivi du courriel que j'ai envoyé au client la semaine dernière.,Ho già dato seguito all'e-mail che ho inviato al cliente la settimana scorsa.,Ich habe wegen der E-Mail von letzter Woche bereits beim Kunden nachgehakt.,"Shàng zhōu fā gěi kèhù de yóujiàn, wǒ yǐjīng gēnjìn guò le.",上周发给客户的邮件，我已经跟进过了。,
1101,B2,37,Work & Study,Trabalho e Estudo,Trabajo y Estudio,Travail et Études,Lavoro e Studio,Arbeit & Studium,工作与学习,Do you find that you are more productive when working in a team?,Você acha que é mais produtivo quando trabalha em equipe?,¿Consideras que eres más productivo cuando trabajas en equipo?,Trouvez-vous que vous êtes plus productif quand vous travaillez en équipe ?,Pensi di essere più produttivo quando lavori in team?,"Findest du, dass du produktiver bist, wenn du im Team arbeitest?",Nǐ juéde tuánduì xiézuò shí gōngzuò xiàolǜ gèng gāo ma?,你觉得团队协作时工作效率更高吗？,
1102,B2,37,Work & Study,Trabalho e Estudo,Trabajo y Estudio,Travail et Études,Lavoro e Studio,Arbeit & Studium,工作与学习,She has a real knack for resolving conflicts between team members.,Ela tem um verdadeiro talento para resolver conflitos entre membros da equipe.,Ella tiene un don especial para resolver conflictos entre los miembros del equipo.,Elle a un vrai don pour résoudre les conflits entre les membres de l'équipe.,Lei ha un vero talento nel risolvere i conflitti tra i membri del team.,"Sie hat ein echtes Händchen dafür, Konflikte zwischen Teammitgliedern zu lösen.",Tā zài huàjiě tuánduì chéngyuán zhījiān de máodùn shàng zhēn yǒu yītào.,她在化解团队成员之间的矛盾上真有一套。,
1103,B2,37,Work & Study,Trabalho e Estudo,Trabajo y Estudio,Travail et Études,Lavoro e Studio,Arbeit & Studium,工作与学习,I need to work on improving my public speaking and presentation skills.,Preciso trabalhar para melhorar minhas habilidades de oratória e apresentação.,Necesito trabajar en mejorar mis habilidades de oratoria y presentación.,Je dois travailler à l'amélioration de mes compétences en expression orale et en présentation.,Devo lavorare per migliorare le mie capacità di parlare in pubblico e di presentazione.,"Ich muss daran arbeiten, meine Fähigkeiten in Rhetorik und Präsentation zu verbessern.",Wǒ xūyào tíshēng zìjǐ de gōngzhòng yǎnjiǎng hé huìbào nénglì.,我需要提升自己的公众演讲和汇报能力。,
1104,B2,37,Work & Study,Trabalho e Estudo,Trabajo y Estudio,Travail et Études,Lavoro e Studio,Arbeit & Studium,工作与学习,The criteria for the assignment are much stricter than I expected.,Os critérios para a tarefa são muito mais rigorosos do que eu esperava.,Los criterios para la tarea son mucho más estrictos de lo que esperaba.,Les critères pour le devoir sont beaucoup plus stricts que ce à quoi je m'attendais.,I criteri per l'incarico sono molto più rigorosi di quanto mi aspettassi.,"Die Kriterien für die Aufgabe sind viel strenger, als ich erwartet hatte.",Zhè xiàng rènwu de kǎohé biāozhǔn bǐ wǒ xiǎngxiàng de yào yángé de duō.,这项任务的考核标准比我想象的要严格得多。,
1105,B2,37,Work & Study,Trabalho e Estudo,Trabajo y Estudio,Travail et Études,Lavoro e Studio,Arbeit & Studium,工作与学习,I’ve been trying to find a way to streamline our internal processes.,Tenho tentado encontrar uma maneira de otimizar nossos processos internos.,He estado intentando encontrar una forma de agilizar nuestros procesos internos.,J'ai essayé de trouver un moyen de simplifier nos processus internes.,Sto cercando di trovare un modo per snellire i nostri processi interni.,"Ich habe versucht, einen Weg zu finden, unsere internen Abläufe zu verschlanken.",Wǒ yīzhí zài xiǎng bànfǎ jīngjiǎn wǒmen de nèibù liúchéng.,我一直在想办法精简我们的内部流程。,
1106,B2,37,Work & Study,Trabalho e Estudo,Trabajo y Estudio,Travail et Études,Lavoro e Studio,Arbeit & Studium,工作与学习,What is the most rewarding part of your chosen career path?,Qual é a parte mais gratificante da carreira que você escolheu?,¿Cuál es la parte más gratificante de la carrera que has elegido?,Quelle est la partie la plus gratifiante de la carrière que vous avez choisie ?,Qual è la parte più gratificante del percorso professionale che hai scelto?,Was ist der erfüllendste Teil deines gewählten Karrierewegs?,"Zài nǐ xuǎnzé de zhíyè dàolù shàng, zuì ràng nǐ yǒu chéngjiùgǎn de shì shénme?",在你选择的职业道路上，最让你有成就感的是什么？,
1107,B2,37,Work & Study,Trabalho e Estudo,Trabajo y Estudio,Travail et Études,Lavoro e Studio,Arbeit & Studium,工作与学习,I’m not sure whether I want to continue working in the private sector.,Não tenho certeza se quero continuar trabalhando no setor privado.,No estoy seguro de si quiero seguir trabajando en el sector privado.,Je ne sais pas si je veux continuer à travailler dans le secteur privé.,Non sono sicuro di voler continuare a lavorare nel settore privato.,"Ich bin mir nicht sicher, ob ich weiterhin in der freien Wirtschaft arbeiten möchte.",Wǒ bù quèdìng zìjǐ shìfǒu hái xiǎng jìxù zài mínyíng qǐyè gōngzuò.,我不确定自己是否还想继续在民营企业工作。,
1108,B2,37,Work & Study,Trabalho e Estudo,Trabajo y Estudio,Travail et Études,Lavoro e Studio,Arbeit & Studium,工作与学习,He is solely responsible for overseeing the company’s digital strategy.,Ele é o único responsável por supervisionar a estratégia digital da empresa.,Él es el único responsable de supervisar la estrategia digital de la empresa.,Il est seul responsable de la supervision de la stratégie numérique de l'entreprise.,È l'unico responsabile della supervisione della strategia digitale dell'azienda.,Er ist allein für die Steuerung der digitalen Strategie des Unternehmens verantwortlich.,Tā quánquán fùzé tǒngchóu gōngsī de shùzìhuà zhànlüè.,他全权负责统筹公司的数字化战略。,
1109,B2,37,Work & Study,Trabalho e Estudo,Trabajo y Estudio,Travail et Études,Lavoro e Studio,Arbeit & Studium,工作与学习,I’ve been invited to attend a second interview for the position.,Fui convidado para participar de uma segunda entrevista para a vaga.,Me han invitado a asistir a una segunda entrevista para el puesto.,J'ai été invité à passer un deuxième entretien pour le poste.,Sono stato invitato a partecipare a un secondo colloquio per la posizione.,Ich wurde zu einem zweiten Vorstellungsgespräch für die Stelle eingeladen.,Wǒ shōudào tōngzhī qù cānjiā zhège gǎngwèi de dì-èr lún miànshì.,我收到通知去参加这个岗位的第二轮面试。,
1110,B2,37,Work & Study,Trabalho e Estudo,Trabajo y Estudio,Travail et Études,Lavoro e Studio,Arbeit & Studium,工作与学习,The seminar was incredibly insightful and gave me a lot to think about.,O seminário foi incrivelmente esclarecedor e me deu muito em que pensar.,El seminario fue increíblemente revelador y me dio mucho que pensar.,Le séminaire était incroyablement instructif et m'a donné beaucoup de matière à réflexion.,Il seminario è stato incredibilmente interessante e mi ha dato molto su cui riflettere.,Das Seminar war unglaublich aufschlussreich und hat mich sehr zum Nachdenken gebracht.,"Zhè chǎng yántǎohuì fēicháng yǒu qǐfāxìng, ràng wǒ shēnsī liángduō.",这场研讨会非常有启发性，让我深思良多。,
1111,B2,38,Health & Emergencies,Saúde e Emergências,Salud y Emergencias,Santé et Urgences,Salute ed Emergenze,Gesundheit & Notfälle,健康与紧急情况,I’ve been feeling a bit run down and under the weather lately.,Tenho me sentido um pouco esgotado e indisposto ultimamente.,Me he sentido un poco agotado y mal últimamente.,Je me suis senti un peu épuisé et patraque ces derniers temps.,Mi sono sentito un po' esausto e sottotono ultimamente.,Ich habe mich in letzter Zeit etwas erschöpft und unwohl gefühlt.,"Wǒ zuìjìn gǎnjué yǒudiǎn píbèi, shēntǐ bù tài shūfu.",我最近感觉有点疲惫，身体不太舒服。,
1112,B2,38,Health & Emergencies,Saúde e Emergências,Salud y Emergencias,Santé et Urgences,Salute ed Emergenze,Gesundheit & Notfälle,健康与紧急情况,You really ought to see a specialist if the symptoms persist.,Você realmente deveria consultar um especialista se os sintomas persistirem.,Realmente deberías ver a un especialista si los síntomas persisten.,Vous devriez vraiment voir un spécialiste si les symptômes persistent.,Dovresti davvero consultare uno specialista se i sintomi persistono.,"Du solltest wirklich einen Facharzt aufsuchen, wenn die Symptome anhalten.","Rúguǒ zhèngzhuàng yīzhí chíxù, nǐ zhēn děi qù kànkan zhuānkē yīshēng le.",如果症状一直持续，你真得去看看专科医生了。,
1113,B2,38,Health & Emergencies,Saúde e Emergências,Salud y Emergencias,Santé et Urgences,Salute ed Emergenze,Gesundheit & Notfälle,健康与紧急情况,I have a recurring appointment with my physiotherapist every Tuesday.,Tenho uma consulta recorrente com meu fisioterapeuta toda terça-feira.,Tengo una cita periódica con mi fisioterapeuta todos los martes.,J'ai un rendez-vous régulier avec mon kinésithérapeute tous les mardis.,Ho un appuntamento fisso con il mio fisioterapista ogni martedì.,Ich habe jeden Dienstag einen festen Termin bei meinem Physiotherapeuten.,Wǒ měi zhōur'èr dōu dìngqī yuē le lǐliáoshī zuò zhìliáo.,我每周二都定期约了理疗师做治疗。,
1114,B2,38,Health & Emergencies,Saúde e Emergências,Salud y Emergencias,Santé et Urgences,Salute ed Emergenze,Gesundheit & Notfälle,健康与紧急情况,What are the necessary steps to take if you lose your credit cards abroad?,Quais são os passos necessários a tomar se você perder seus cartões de crédito no exterior?,¿Cuáles son los pasos necesarios a seguir si pierdes tus tarjetas de crédito en el extranjero?,Quelles sont les étapes à suivre si vous perdez vos cartes de crédit à l'étranger ?,Quali sono i passi da compiere se si perdono le carte di credito all'estero?,"Welche Schritte sind erforderlich, wenn man seine Kreditkarten im Ausland verliert?","Rúguǒ zài guówài bùshèn diūshī le xìnyòngkǎ, xūyào bànlǐ nǎxiē guàshī shǒuxù?",如果在国外不慎丢失了信用卡，需要办理哪些挂失手续？,
1115,B2,38,Health & Emergencies,Saúde e Emergências,Salud y Emergencias,Santé et Urgences,Salute ed Emergenze,Gesundheit & Notfälle,健康与紧急情况,"I’m severely allergic to certain types of antibiotics, so please be aware.","Sou gravemente alérgico a certos tipos de antibióticos, então, por favor, esteja ciente.","Soy gravemente alérgico a ciertos tipos de antibióticos, así que por favor tenlo en cuenta.","Je suis gravement allergique à certains types d'antibiotiques, soyez-en conscient s'il vous plaît.","Sono gravemente allergico a certi tipi di antibiotici, quindi per favore fai attenzione.","Ich bin gegen bestimmte Antibiotika schwer allergisch, bitte beachten Sie das.","Wǒ duì mǒuxiē kàngshēngsù yánzhòng guòmǐn, qǐng wùbì zhùyì.",我对某些抗生素严重过敏，请务必注意。,
1116,B2,38,Health & Emergencies,Saúde e Emergências,Salud y Emergencias,Santé et Urgences,Salute ed Emergenze,Gesundheit & Notfälle,健康与紧急情况,She has been struggling with a persistent cough for several weeks now.,Ela tem lutado contra uma tosse persistente há várias semanas.,Ella ha estado luchando con una tos persistente durante varias semanas.,Elle se bat contre une toux persistante depuis plusieurs semaines déjà.,Lei combatte con una tosse persistente da diverse settimane ormai.,Sie kämpft nun schon seit mehreren Wochen mit einem hartnäckigen Husten.,Tā chíxù késou yǐjīng hǎojǐ ge xīngqī le.,她持续咳嗽已经好几个星期了。,
1117,B2,38,Health & Emergencies,Saúde e Emergências,Salud y Emergencias,Santé et Urgences,Salute ed Emergenze,Gesundheit & Notfälle,健康与紧急情况,Do you happen to know where the nearest 24-hour clinic is?,Você por acaso sabe onde fica a clínica 24 horas mais próxima?,¿De casualidad sabes dónde está la clínica de 24 horas más cercana?,Savez-vous par hasard où se trouve la clinique ouverte 24h/24 la plus proche ?,Per caso sai dove si trova la clinica aperta 24 ore su 24 più vicina?,"Wissen Sie zufällig, wo die nächste 24-Stunden-Klinik ist?",Qǐngwèn nǐ zhīdào zuìjìn de èrshísì xiǎoshí zhěnsuǒ zài nǎr ma?,请问你知道最近的二十四小时诊所在哪儿吗？,
1118,B2,38,Health & Emergencies,Saúde e Emergências,Salud y Emergencias,Santé et Urgences,Salute ed Emergenze,Gesundheit & Notfälle,健康与紧急情况,I’ve made a commitment to lead a much more active lifestyle.,Assumi o compromisso de levar um estilo de vida muito mais ativo.,Me he comprometido a llevar un estilo de vida mucho más activo.,Je me suis engagé à mener un mode de vie bien plus actif.,Mi sono impegnato a condurre uno stile di vita molto più attivo.,"Ich habe mir fest vorgenommen, einen viel aktiveren Lebensstil zu führen.",Wǒ xiàdìng juéxīn yào bǎochí gèng jījí huóyuè de shēnghuó fāngshì.,我下定决心要保持更积极活跃的生活方式。,
1119,B2,38,Health & Emergencies,Saúde e Emergências,Salud y Emergencias,Santé et Urgences,Salute ed Emergenze,Gesundheit & Notfälle,健康与紧急情况,I was so exhausted that I must have fallen asleep at my desk.,Eu estava tão exausto que devo ter pegado no sono na minha mesa.,Estaba tan agotado que debo de haberme quedado dormido en mi escritorio.,J'étais si épuisé que j'ai dû m'endormir à mon bureau.,Ero così esausto che devo essermi addormentato alla scrivania.,"Ich war so erschöpft, dass ich an meinem Schreibtisch eingeschlafen sein muss.","Wǒ tài lèi le, jìngrán pā zài bàngōngzhuō shàng shuìzháo le.",我太累了，竟然趴在办公桌上睡着了。,
1120,B2,38,Health & Emergencies,Saúde e Emergências,Salud y Emergencias,Santé et Urgences,Salute ed Emergenze,Gesundheit & Notfälle,健康与紧急情况,I’m afraid I won't be able to make it in today as I’ve come down with a bug.,"Receio não poder comparecer hoje, pois peguei uma virose.","Me temo que no podré ir hoy, ya que he cogido un virus.",Je crains de ne pas pouvoir venir aujourd'hui car j'ai attrapé un microbe.,Temo di non poter venire oggi perché ho preso un virus.,"Ich fürchte, ich kann heute nicht kommen, da ich mir einen Infekt eingefangen habe.","Bù hǎoyìsi, wǒ hǎoxiàng zháoliáng shēngbìng le, jīntiān kǒngpà méi fǎ qù shàngbān le.",不好意思，我好像着凉生病了，今天恐怕没法去上班了。,
1121,B2,38,Health & Emergencies,Saúde e Emergências,Salud y Emergencias,Santé et Urgences,Salute ed Emergenze,Gesundheit & Notfälle,健康与紧急情况,"You should complete the full course of medication, even if you feel better.","Você deve completar todo o ciclo de medicação, mesmo que se sinta melhor.","Debes completar el tratamiento completo de la medicación, incluso si te sientes mejor.","Vous devez suivre tout le traitement, même si vous vous sentez mieux.","Devi completare l'intero ciclo di farmaci, anche se ti senti meglio.","Sie sollten die Medikamente bis zum Ende einnehmen, auch wenn Sie sich besser fühlen.","Jiùsuàn gǎnjué hǎoxiē le, nǐ yě yīnggāi bǎ zhěnggè liáochéng de yào chīwán.",就算感觉好些了，你也应该把整个疗程的药吃完。,
1122,B2,38,Health & Emergencies,Saúde e Emergências,Salud y Emergencias,Santé et Urgences,Salute ed Emergenze,Gesundheit & Notfälle,健康与紧急情况,I’ve been trying to incorporate more mindful eating habits into my life.,Tenho tentado incorporar hábitos alimentares mais conscientes na minha vida.,He estado intentando incorporar hábitos alimenticios más conscientes a mi vida.,J'ai essayé d'intégrer des habitudes alimentaires plus conscientes dans ma vie.,Sto cercando di integrare abitudini alimentari più consapevoli nella mia vita.,"Ich habe versucht, bewusstere Essgewohnheiten in meinen Alltag zu integrieren.",Wǒ zuìjìn yīzhí shìzhe zài shēnghuó zhōng yǎngchéng zhèngniàn yǐnshí de xíguàn.,我最近一直试着在生活中养成正念饮食的习惯。,
1123,B2,38,Health & Emergencies,Saúde e Emergências,Salud y Emergencias,Santé et Urgences,Salute ed Emergenze,Gesundheit & Notfälle,健康与紧急情况,Is there anything I can do to alleviate the pain you’re feeling?,Existe algo que eu possa fazer para aliviar a dor que você está sentindo?,¿Hay algo que pueda hacer para aliviar el dolor que sientes?,Y a-t-il quelque chose que je puisse faire pour soulager la douleur que vous ressentez ?,C'è qualcosa che io possa fare per alleviare il dolore che provi?,"Kann ich irgendetwas tun, um deine Schmerzen zu lindern?",Wǒ néng zuò diǎn shénme lái bāng nǐ huǎnjiě yīxià téngtòng ma?,我能做点什么来帮你缓解一下疼痛吗？,
1124,B2,38,Health & Emergencies,Saúde e Emergências,Salud y Emergencias,Santé et Urgences,Salute ed Emergenze,Gesundheit & Notfälle,健康与紧急情况,I had a minor accident while I was out hiking in the woods yesterday.,Tive um pequeno acidente enquanto caminhava na floresta ontem.,Tuve un pequeño accidente mientras hacía senderismo en el bosque ayer.,J'ai eu un léger accident alors que je faisais de la randonnée en forêt hier.,Ho avuto un piccolo incidente mentre facevo trekking nel bosco ieri.,Ich hatte gestern einen kleinen Unfall beim Wandern im Wald.,Wǒ zuótiān zài shùlín lǐ túbù shí chū le diǎn xiǎoyìwài.,我昨天在树林里徒步时出了点小意外。,
1125,B2,38,Health & Emergencies,Saúde e Emergências,Salud y Emergencias,Santé et Urgences,Salute ed Emergenze,Gesundheit & Notfälle,健康与紧急情况,The doctor suggested that I take some time off to recover properly.,O médico sugeriu que eu tirasse um tempo de folga para me recuperar adequadamente.,El médico me sugirió que me tomara un tiempo libre para recuperarme adecuadamente.,Le médecin m'a suggéré de prendre un peu de repos pour bien me rétablir.,Il medico ha suggerito di prendermi una pausa per riprendermi adeguatamente.,"Der Arzt hat mir geraten, mir eine Pause zu nehmen, um mich richtig zu erholen.","Yīshēng jiànyì wǒ xiūjià yīduàn shíjiān, hǎohāo tiáoyǎng shēntǐ.",医生建议我休假一段时间，好好调养身体。,
1126,B2,38,Health & Emergencies,Saúde e Emergências,Salud y Emergencias,Santé et Urgences,Salute ed Emergenze,Gesundheit & Notfälle,健康与紧急情况,I’ve been feeling a lot more stressed than usual due to the workload.,Tenho me sentido muito mais estressado do que o normal devido à carga de trabalho.,Me he sentido mucho más estresado de lo habitual debido a la carga de trabajo.,Je me suis senti beaucoup plus stressé que d'habitude à cause de la charge de travail.,Mi sono sentito molto più stressato del solito a causa del carico di lavoro.,Ich habe mich wegen der Arbeitsbelastung viel gestresster gefühlt als sonst.,"Yīnwèi gōngzuòliàng tài dà, wǒ gǎnjué bǐ píngshí yālì dà duō le.",因为工作量太大，我感觉比平时压力大多了。,
1127,B2,38,Health & Emergencies,Saúde e Emergências,Salud y Emergencias,Santé et Urgences,Salute ed Emergenze,Gesundheit & Notfälle,健康与紧急情况,Do you know where the first-aid kit is kept in this building?,Você sabe onde fica o kit de primeiros socorros neste prédio?,¿Sabes dónde se guarda el botiquín de primeros auxilios en este edificio?,Savez-vous où se trouve la trousse de premiers secours dans ce bâtiment ?,Sai dove si trova il kit di pronto soccorso in questo edificio?,"Wissen Sie, wo in diesem Gebäude der Verbandskasten aufbewahrt wird?",Nǐ zhīdào zhè dòng lóu lǐ de jíjiùxiāng fàng zài nǎr ma?,你知道这栋楼里的急救箱放在哪儿吗？,
1128,B2,38,Health & Emergencies,Saúde e Emergências,Salud y Emergencias,Santé et Urgences,Salute ed Emergenze,Gesundheit & Notfälle,健康与紧急情况,I need to find an emergency dentist who can see me right away.,Preciso encontrar um dentista de emergência que possa me atender agora.,Necesito encontrar a un dentista de urgencias que pueda verme de inmediato.,Je dois trouver un dentiste d'urgence qui puisse me recevoir immédiatement.,Devo trovare un dentista d'urgenza che possa ricevermi subito.,"Ich muss einen Notfallzahnarzt finden, der mich sofort behandeln kann.",Wǒ děi zhǎo yī gè néng mǎshàng jiēzhěn de yákē jízhěn yīshēng.,我得找一个能马上接诊的牙科急诊医生。,
1129,B2,38,Health & Emergencies,Saúde e Emergências,Salud y Emergencias,Santé et Urgences,Salute ed Emergenze,Gesundheit & Notfälle,健康与紧急情况,She is slowly but surely recovering from the surgery she had last month.,Ela está se recuperando lenta mas firmemente da cirurgia que fez mês passado.,Ella se está recuperando poco a poco de la cirugía que tuvo el mes pasado.,Elle se remet lentement mais sûrement de l'opération qu'elle a subie le mois dernier.,Lei si sta riprendendo lentamente ma inesorabilmente dall'intervento del mese scorso.,"Sie erholt sich langsam, aber sicher von ihrer Operation im letzten Monat.","Shàng gè yuè zuòwán shǒushù hòu, tā de shēntǐ zhèngzài wěnbù kāngfù zhōng.",上个月做完手术后，她的身体正在稳步康复中。,
1130,B2,38,Health & Emergencies,Saúde e Emergências,Salud y Emergencias,Santé et Urgences,Salute ed Emergenze,Gesundheit & Notfälle,健康与紧急情况,I’ve fortunately never had to spend a night in a hospital before.,"Felizmente, nunca precisei passar uma noite em um hospital antes.","Afortunadamente, nunca he tenido que pasar una noche en un hospital antes.","Heureusement, je n'ai jamais eu à passer une nuit à l'hôpital auparavant.","Fortunatamente, non ho mai dovuto passare una notte in ospedale prima d'ora.",Glücklicherweise musste ich bisher noch nie eine Nacht im Krankenhaus verbringen.,"Wǒ hěn xìngyùn, zhǎng zhème dà hái cónglái méi zhùguo yuàn.",我很幸运，长这么大还从来没住过院。,
1131,B2,38,Health & Emergencies,Saúde e Emergências,Salud y Emergencias,Santé et Urgences,Salute ed Emergenze,Gesundheit & Notfälle,健康与紧急情况,"You should make sure to stay hydrated, especially in this heat.","Você deve se certificar de manter-se hidratado, especialmente neste calor.","Debes asegurarte de mantenerte hidratado, especialmente con este calor.","Vous devez veiller à rester hydraté, surtout avec cette chaleur.","Devi assicurarti di mantenerti idratato, specialmente con questo caldo.","Du solltest darauf achten, genug zu trinken, besonders bei dieser Hitze.","Yóuqí shì zhème rè de tiānqì, nǐ yīdìng yào jìde duō bǔchōng shuǐfèn.",尤其是这么热的天气，你一定要记得多补充水分。,
1132,B2,38,Health & Emergencies,Saúde e Emergências,Salud y Emergencias,Santé et Urgences,Salute ed Emergenze,Gesundheit & Notfälle,健康与紧急情况,I’m on the lookout for a gym that offers a wide variety of classes.,Estou à procura de uma academia que ofereça uma grande variedade de aulas.,Estoy buscando un gimnasio que ofrezca una gran variedad de clases.,Je suis à la recherche d'une salle de sport qui propose une grande variété de cours.,Sto cercando una palestra che offra una grande varietà di corsi.,"Ich bin auf der Suche nach einem Fitnessstudio, das viele verschiedene Kurse anbietet.",Wǒ zài zhǎo yī jiā tuánkè zhǒnglèi fēngfù de jiànshēnfáng.,我在找一家团课种类丰富的健身房。,
1133,B2,38,Health & Emergencies,Saúde e Emergências,Salud y Emergencias,Santé et Urgences,Salute ed Emergenze,Gesundheit & Notfälle,健康与紧急情况,The medical staff were incredibly professional and put me at ease.,A equipe médica foi incrivelmente profissional e me deixou tranquilo.,El personal médico fue increíblemente profesional y me hizo sentir tranquilo.,Le personnel médical a été incroyablement professionnel et m'a rassuré.,Il personale medico è stato incredibilmente professionale e mi ha messo a mio agio.,Das medizinische Personal war unglaublich professionell und hat mich beruhigt.,"Yīhù rényuán fēicháng zhuānyè, ràng wǒ gǎndào hěn ānxīn.",医护人员非常专业，让我感到很安心。,
1134,B2,38,Health & Emergencies,Saúde e Emergências,Salud y Emergencias,Santé et Urgences,Salute ed Emergenze,Gesundheit & Notfälle,健康与紧急情况,I’ve been having a bit of trouble getting a good night's sleep recently.,Tenho tido um pouco de dificuldade para dormir bem ultimamente.,He estado teniendo problemas para dormir bien últimamente.,J'ai eu un peu de mal à bien dormir ces derniers temps.,Ultimamente ho avuto qualche difficoltà a dormire bene.,"Ich hatte in letzter Zeit Probleme, gut zu schlafen.",Wǒ zuìjìn shuìmián zhìliàng bù tài hǎo.,最近我睡眠质量不太好。,
1135,B2,38,Health & Emergencies,Saúde e Emergências,Salud y Emergencias,Santé et Urgences,Salute ed Emergenze,Gesundheit & Notfälle,健康与紧急情况,What is the most effective way to boost your immune system naturally?,Qual é a maneira mais eficaz de fortalecer seu sistema imunológico naturalmente?,¿Cuál es la forma más eficaz de fortalecer el sistema inmunológico de forma natural?,Quel est le moyen le plus efficace de renforcer son système immunitaire naturellement ?,Qual è il modo più efficace per rafforzare il sistema immunitario naturalmente?,"Was ist der effektivste Weg, das Immunsystem auf natürliche Weise zu stärken?",Zìrán zēngqiáng zìshēn miǎnyìlì zuì yǒuxiào de fāngfǎ shì shénme?,自然增强自身免疫力最有效的方法是什么？,
1136,B2,38,Health & Emergencies,Saúde e Emergências,Salud y Emergencias,Santé et Urgences,Salute ed Emergenze,Gesundheit & Notfälle,健康与紧急情况,I need to update my health insurance to include international coverage.,Preciso atualizar meu seguro saúde para incluir cobertura internacional.,Necesito actualizar mi seguro médico para que incluya cobertura internacional.,Je dois mettre à jour mon assurance maladie pour inclure une couverture internationale.,Devo aggiornare la mia assicurazione sanitaria per includere la copertura internazionale.,"Ich muss meine Krankenversicherung erweitern, um Auslandsschutz einzuschließen.","Wǒ xūyào shēngjí wǒ de yīliáo bǎoxiǎn, zēngjiā jìngwài yīliáo bǎozhàng.",我需要升级我的医疗保险，增加境外医疗保障。,
1137,B2,38,Health & Emergencies,Saúde e Emergências,Salud y Emergencias,Santé et Urgences,Salute ed Emergenze,Gesundheit & Notfälle,健康与紧急情况,I was immensely relieved when I received the news that everything was okay.,Fiquei imensamente aliviado quando recebi a notícia de que estava tudo bem.,Me sentí inmensamente aliviado cuando recibí la noticia de que todo estaba bien.,J'ai été immensément soulagé quand j'ai appris que tout allait bien.,Sono rimasto immensamente sollevato quando ho ricevuto la notizia che era tutto a posto.,"Ich war ungemein erleichtert, als ich die Nachricht bekam, dass alles in Ordnung ist.","Shōudào yīqiè píng'ān de xiāoxi hòu, wǒ zhōngyú chángshū le yī kǒuqì.",收到一切平安的消息后，我终于长舒了一口气。,
1138,B2,38,Health & Emergencies,Saúde e Emergências,Salud y Emergencias,Santé et Urgences,Salute ed Emergenze,Gesundheit & Notfälle,健康与紧急情况,Do you think it’s worth taking supplements to improve your overall health?,Você acha que vale a pena tomar suplementos para melhorar sua saúde geral?,¿Crees que vale la pena tomar suplementos para mejorar la salud general?,Pensez-vous qu'il soit utile de prendre des compléments pour améliorer sa santé globale ?,Pensi che valga la pena prendere integratori per migliorare la salute generale?,"Glaubst du, dass es sich lohnt, Nahrungsergänzungsmittel einzunehmen?","Nǐ juéde wèile gǎishàn zhěngtǐ jiànkāng zhuàngkuàng, chī bǎojiànpǐn zhíde ma?",你觉得为了改善整体健康状况，吃保健品值得吗？,
1139,B2,38,Health & Emergencies,Saúde e Emergências,Salud y Emergencias,Santé et Urgences,Salute ed Emergenze,Gesundheit & Notfälle,健康与紧急情况,I’ve noticed a significant improvement in my fitness since I started running.,Notei uma melhora significativa na minha forma física desde que comecei a correr.,He notado una mejora significativa en mi forma física desde que empecé a correr.,J'ai remarqué une amélioration significative de ma condition physique depuis que je cours.,Ho notato un miglioramento significativo nella mia forma fisica da quando ho iniziato a correre.,"Ich habe eine deutliche Verbesserung meiner Fitness bemerkt, seit ich mit dem Laufen angefangen habe.","Zìcóng kāishǐ pǎobù hòu, wǒ gǎnjué zìjǐ de tǐnéng yǒu le xiǎnzhù tíshēng.",自从开始跑步后，我感觉自己的体能有了显著提升。,
1140,B2,38,Health & Emergencies,Saúde e Emergências,Salud y Emergencias,Santé et Urgences,Salute ed Emergenze,Gesundheit & Notfälle,健康与紧急情况,You should notify the authorities immediately if you witness an accident.,Você deve notificar as autoridades imediatamente se presenciar um acidente.,Deberías notificar a las autoridades de inmediato si presencias un accidente.,Vous devez avertir les autorités immédiatement si vous êtes témoin d'un accident.,Dovresti informare immediatamente le autorità se assisti a un incidente.,"Du solltest sofort die Behörden benachrichtigen, wenn du Zeuge eines Unfalls wirst.","Rúguǒ mùdǔ le jiāotōng shìgù, yīnggāi lìjí bàojǐng.",如果目睹了交通事故，应该立即报警。,
1141,B2,39,Opinions & Feelings,Opiniões e Sentimentos,Opiniones y Sentimentos,Opinions et Sentiments,Opinioni e Sentimenti,Meinungen & Gefühle,意见与感受,"In my humble opinion, the sequel was nowhere near as good as the original.","Na minha humilde opinião, a sequência não chegou nem perto da original.","En mi humilde opinión, la secuela no fue ni de lejos tan buena como la original.","À mon humble avis, la suite n'était pas du tout à la hauteur de l'original.","A mio modesto parere, il sequel non è stato minimamente all'altezza dell'originale.",Meiner bescheidenen Meinung nach war die Fortsetzung längst nicht so gut wie das Original.,"Zài wǒ kànlái, zhè bù xùjí yuǎn bùrú dì-yī bù hǎokàn.",在我看来，这部续集远不如第一部好看。,
1142,B2,39,Opinions & Feelings,Opiniões e Sentimentos,Opiniones y Sentimentos,Opinions et Sentiments,Opinioni e Sentimenti,Meinungen & Gefühle,意见与感受,I couldn't agree with you more on that particular point.,Não poderia concordar mais com você sobre esse ponto específico.,No podría estar más de acuerdo contigo en ese punto en particular.,Je ne pourrais pas être plus d'accord avec vous sur ce point précis.,Non potrei essere più d'accordo con te su questo punto particolare.,Ich könnte dir in diesem Punkt gar nicht mehr zustimmen.,"Zài zhè yī diǎn shàng, wǒ wánquán tóngyì nǐ de kànfǎ.",在这一点上，我完全同意你的看法。,
1143,B2,39,Opinions & Feelings,Opiniões e Sentimentos,Opiniones y Sentimentos,Opinions et Sentiments,Opinioni e Sentimenti,Meinungen & Gefühle,意见与感受,I’m afraid I have to disagree with your assessment of the situation.,Receio ter que discordar da sua avaliação da situação.,Me temo que tengo que estar en desacuerdo con tu evaluación de la situación.,Je crains de ne pas être d'accord avec votre évaluation de la situation.,Temo di dover dissentire dalla tua valutazione della situazione.,"Ich fürchte, ich muss deiner Einschätzung der Lage widersprechen.",Kǒngpà wǒ wúfǎ rèntóng nǐ duì mùqián xíngshì de pínggū.,恐怕我无法认同你对目前形势的评估。,
1144,B2,39,Opinions & Feelings,Opiniões e Sentimentos,Opiniones y Sentimentos,Opinions et Sentiments,Opinioni e Sentimenti,Meinungen & Gefühle,意见与感受,How do you personally feel about the proposed changes to the law?,Como você se sente pessoalmente em relação às mudanças propostas na lei?,¿Cómo te sientes personalmente con respecto a los cambios propuestos a la ley?,Quel est votre sentiment personnel sur les modifications proposées à la loi ?,Cosa ne pensi personalmente delle modifiche proposte alla legge?,Wie stehst du persönlich zu den vorgeschlagenen Gesetzesänderungen?,Nǐ gèrén duì zhè xiàng fǎlǜ xiūdìng cǎo'àn zěnme kàn?,你个人对这项法律修订草案怎么看？,
1145,B2,39,Opinions & Feelings,Opiniões e Sentimentos,Opiniones y Sentimentos,Opinions et Sentiments,Opinioni e Sentimenti,Meinungen & Gefühle,意见与感受,I was utterly disappointed with the way the whole matter was handled.,Fiquei totalmente decepcionado com a forma como todo o assunto foi tratado.,Me sentí totalmente decepcionado con la forma en que se manejó todo el asunto.,J'ai été totalement déçu par la façon dont toute l'affaire a été traitée.,Sono rimasto del tutto deluso da come è stata gestita l'intera faccenda.,"Ich war völlig enttäuscht darüber, wie die ganze Angelegenheit gehandhabt wurde.",Wǒ duì zhěng jiàn shì de chǔlǐ fāngshì gǎndào jíqí shìwàng.,我对整件事的处理方式感到极其失望。,
1146,B2,39,Opinions & Feelings,Opiniões e Sentimentos,Opiniones y Sentimentos,Opinions et Sentiments,Opinioni e Sentimenti,Meinungen & Gefühle,意见与感受,I’m genuinely excited about the opportunities that lie ahead for us.,Estou genuinamente empolgado com as oportunidades que temos pela frente.,Estoy genuinamente emocionado con las oportunidades que se nos presentan.,Je suis sincèrement enthousiasmé par les opportunités qui s'offrent à nous.,Sono sinceramente entusiasta delle opportunità che ci attendono.,"Ich freue mich aufrichtig auf die Möglichkeiten, die vor uns liegen.","Xiǎngdào qiánfāng děngdàizhe wǒmen de zhǒngzhǒng jīyù, wǒ yóuzhōng gǎndào xīngfèn.",想到前方等待着我们的种种机遇，我由衷感到兴奋。,
1147,B2,39,Opinions & Feelings,Opiniões e Sentimentos,Opiniones y Sentimentos,Opinions et Sentiments,Opinioni e Sentimenti,Meinungen & Gefühle,意见与感受,I don't think it’s right to make assumptions about people's motives.,Não acho certo fazer suposições sobre as motivações das pessoas.,No creo que sea correcto hacer suposiciones sobre los motivos de las personas.,Je ne pense pas qu'il soit juste de faire des suppositions sur les motivations des gens.,Non credo sia giusto fare supposizioni sulle intenzioni delle persone.,"Ich finde es nicht richtig, Vermutungen über die Beweggründe von Menschen anzustellen.",Wǒ juéde bù yīnggāi píngkōng chuǎicè biérén de dòngjī.,我觉得不应该凭空揣测别人的动机。,
1148,B2,39,Opinions & Feelings,Opiniões e Sentimentos,Opiniones y Sentimentos,Opinions et Sentiments,Opinioni e Sentimenti,Meinungen & Gefühle,意见与感受,I’ve always been fascinated by the intricacies of human behavior.,Sempre fui fascinado pelas complexidades do comportamento humano.,Siempre me han fascinado las complejidades del comportamiento humano.,J'ai toujours été fasciné par les complexités du comportement humain.,Sono sempre stato affascinato dalle complessità del comportamento umano.,Ich war schon immer von der Komplexität des menschlichen Verhaltens fasziniert.,Wǒ yīzhí duì rénlèi xíngwéi de wēimiào yǔ fùzá shēn gǎn zháomí.,我一直对人类行为的微妙与复杂深感着迷。,
1149,B2,39,Opinions & Feelings,Opiniões e Sentimentos,Opiniones y Sentimentos,Opinions et Sentiments,Opinioni e Sentimenti,Meinungen & Gefühle,意见与感受,She was visibly upset when she heard the news of the closure.,Ela ficou visivelmente abalada quando soube da notícia do fechamento.,Ella estaba visiblemente disgustada cuando escuchó la noticia del cierre.,Elle était visiblement bouleversée lorsqu'elle a appris la nouvelle de la fermeture.,Era visibilmente scossa quando ha appreso la notizia della chiusura.,"Sie war sichtlich erschüttert, als sie die Nachricht von der Schließung hörte.","Tīngdào guāntíng de xiāoxi shí, tā míngxiǎn gǎndào fēicháng nánguò.",听到关停的消息时，她明显感到非常难过。,
1150,B2,39,Opinions & Feelings,Opiniões e Sentimentos,Opiniones y Sentimentos,Opinions et Sentiments,Opinioni e Sentimenti,Meinungen & Gefühle,意见与感受,I’m not particularly keen on the idea of moving to another city.,Não estou particularmente entusiasmado com a ideia de me mudar para outra cidade.,No me entusiasma especialmente la idea de mudarme a otra ciudad.,Je ne suis pas particulièrement emballé par l'idée de déménager dans une autre ville.,Non mi entusiasma particolarmente l'idea di trasferirmi in un'altra città.,"Ich bin nicht besonders begeistert von der Idee, in eine andere Stadt zu ziehen.",Wǒ duì bān dào lìng yī zuò chéngshì shēnghuó bìng bùshì hěn gǎn xìngqù.,我对搬到另一座城市生活并不是很感兴趣。,
1151,B2,39,Opinions & Feelings,Opiniões e Sentimentos,Opiniones y Sentimentos,Opinions et Sentiments,Opinioni e Sentimenti,Meinungen & Gefühle,意见与感受,I feel a lot more settled and confident in my new surroundings.,Sinto-me muito mais estabelecido e confiante em meu novo ambiente.,Me siento mucho más asentado y seguro en mi nuevo entorno.,Je me sens beaucoup plus installé et confiant dans mon nouvel environnement.,Mi sento molto più stabilizzato e fiducioso nel mio nuovo ambiente.,Ich fühle mich in meiner neuen Umgebung viel wohler und sicherer.,"Zài xīn de huánjìng lǐ, wǒ gǎnjué āndìng duō le, yě gèngjiā zìxìn le.",在新的环境里，我感觉安定多了，也更加自信了。,
1152,B2,39,Opinions & Feelings,Opiniões e Sentimentos,Opiniones y Sentimentos,Opinions et Sentiments,Opinioni e Sentimenti,Meinungen & Gefühle,意见与感受,Do you find it easy to open up and talk about your emotions?,Você acha fácil se abrir e falar sobre suas emoções?,¿Te resulta fácil abrirte y hablar de tus emociones?,Trouvez-vous facile de vous ouvrir et de parler de vos émotions ?,Trovi facile aprirti e parlare delle tue emozioni?,"Fällt es dir leicht, dich zu öffnen und über deine Gefühle zu sprechen?","Nǐ juéde xiàng tārén chǎngkāi xīnfēi, qīngsù qínggǎn róngyì ma?",你觉得向他人敞开心扉、倾诉情感容易吗？,
1153,B2,39,Opinions & Feelings,Opiniões e Sentimentos,Opiniones y Sentimentos,Opinions et Sentiments,Opinioni e Sentimenti,Meinungen & Gefühle,意见与感受,I’m really looking forward to the chance to unwind on holiday.,Estou ansioso pela chance de relaxar nas férias.,Realmente tengo ganas de tener la oportunidad de desconectar en las vacaciones.,J'ai hâte d'avoir la chance de me détendre pendant les vacances.,Non vedo l'ora di avere l'occasione di rilassarmi in vacanza.,"Ich freue mich auf die Gelegenheit, im Urlaub mal so richtig abzuschalten.",Wǒ fēicháng qīdài néng zài jiàqī lǐ hǎohāo fàngsōng shēnxīn.,我非常期待能在假期里好好放松身心。,
1154,B2,39,Opinions & Feelings,Opiniões e Sentimentos,Opiniones y Sentimentos,Opinions et Sentiments,Opinioni e Sentimenti,Meinungen & Gefühle,意见与感受,I think it’s crucial that we focus on the long-term implications.,Acho crucial focarmos nas implicações de longo prazo.,Creo que es crucial que nos centremos en las implicaciones a largo plazo.,Je pense qu'il est crucial de se concentrer sur les implications à long terme.,Credo sia fondamentale concentrarsi sulle implicazioni a lungo termine.,"Ich halte es für entscheidend, dass wir uns auf die langfristigen Folgen konzentrieren.",Wǒ rènwéi zhuóyǎn yú chángyuǎn yǐngxiǎng zhìguān zhòngyào.,我认为着眼于长远影响至关重要。,
1155,B2,39,Opinions & Feelings,Opiniões e Sentimentos,Opiniones y Sentimentos,Opinions et Sentiments,Opinioni e Sentimenti,Meinungen & Gefühle,意见与感受,I was quite taken aback by his sudden change of heart.,Fiquei bastante surpreso com a sua mudança repentina de opinião.,Me pilló bastante desprevenido su repentino cambio de opinión.,J'ai été assez surpris par son soudain changement d'avis.,Sono rimasto piuttosto sorpreso dal suo improvviso cambio di idea.,Ich war ziemlich überrascht von seinem plötzlichen Sinneswandel.,"Tā túrán gǎibiàn xīnyì, zhuóshí ràng wǒ shǐliàowèijí.",他突然改变心意，着实让我始料未及。,
1156,B2,39,Opinions & Feelings,Opiniões e Sentimentos,Opiniones y Sentimentos,Opinions et Sentiments,Opinioni e Sentimenti,Meinungen & Gefühle,意见与感受,I’m not at all happy with the level of service I’ve received.,Não estou nem um pouco feliz com o nível de serviço que recebi.,No estoy para nada contento con el nivel de servicio que he recibido.,Je ne suis pas du tout satisfait du niveau de service que j'ai reçu.,Non sono affatto soddisfatto del livello di servizio che ho ricevuto.,Ich bin mit dem gebotenen Service überhaupt nicht zufrieden.,Wǒ duì zhèlǐ suǒ tígōng de fúwù shuǐpíng yīdiǎnr dōu bù mǎnyì.,我对这里所提供的服务水平一点儿都不满意。,
1157,B2,39,Opinions & Feelings,Opiniões e Sentimentos,Opiniones y Sentimentos,Opinions et Sentiments,Opinioni e Sentimenti,Meinungen & Gefühle,意见与感受,"It’s vital to maintain a positive outlook, even in difficult times.","É vital manter uma perspectiva positiva, mesmo em tempos difíceis.","Es vital mantener una actitud positiva, incluso en tiempos difíciles.","Il est vital de garder une attitude positive, même dans les moments difficiles.","È vitale mantenere un atteggiamento positivo, anche nei momenti difficili.","Es ist wichtig, auch in schwierigen Zeiten eine positive Einstellung zu bewahren.","Jìshǐ shēnchǔ nìjìng, bǎochí lèguān jījí de xīntài yě zhìguān zhòngyào.",即使身处逆境，保持乐观积极的心态也至关重要。,
1158,B2,39,Opinions & Feelings,Opiniões e Sentimentos,Opiniones y Sentimentos,Opinions et Sentiments,Opinioni e Sentimenti,Meinungen & Gefühle,意见与感受,I don't mind putting in the extra hours as long as it’s appreciated.,"Não me importo em fazer horas extras, desde que isso seja valorizado.",No me importa dedicar horas extra siempre que se aprecie.,Cela ne me dérange pas de faire des heures supplémentaires tant que c'est apprécié.,"Non mi dispiace fare gli straordinari, purché la cosa sia apprezzata.","Es macht mir nichts aus, Überstunden zu machen, solange es geschätzt wird.","Zhǐyào fùchū néng dédào rènkě, wǒ bù jièyì duō jiā diǎn bān.",只要付出能得到认可，我不介意多加点班。,
1159,B2,39,Opinions & Feelings,Opiniões e Sentimentos,Opiniones y Sentimentos,Opinions et Sentiments,Opinioni e Sentimenti,Meinungen & Gefühle,意见与感受,I’ve always held the belief that hard work eventually pays off.,Sempre acreditei que o trabalho duro acaba valendo a pena.,Siempre he mantenido la creencia de que el trabajo duro acaba dando sus frutos.,J'ai toujours pensé que le travail acharné finit par payer.,Ho sempre creduto che il duro lavoro alla fine paghi.,"Ich war schon immer der Meinung, dass sich harte Arbeit am Ende auszahlt.","Wǒ yīzhí jiānxìn, nǔlì fùchū zhōngjiū huì yínglái huíbào.",我一直坚信，努力付出终究会迎来回报。,
1160,B2,39,Opinions & Feelings,Opiniões e Sentimentos,Opiniones y Sentimentos,Opinions et Sentiments,Opinioni e Sentimenti,Meinungen & Gefühle,意见与感受,What is your take on the current state of the global economy?,Qual é a sua opinião sobre o estado atual da economia global?,¿Cuál es su visión sobre el estado actual de la economía global?,Quel est votre avis sur l'état actuel de l'économie mondiale ?,Qual è la tua opinione sullo stato attuale dell'economia globale?,Wie schätzt du die aktuelle Lage der Weltwirtschaft ein?,Nǐ duì dāngqián quánqiú jīngjì xíngshì zěnme kàn?,你对当前全球经济形势怎么看？,
1161,B2,39,Opinions & Feelings,Opiniões e Sentimentos,Opiniones y Sentimentos,Opinions et Sentiments,Opinioni e Sentimenti,Meinungen & Gefühle,意见与感受,I’m a little apprehensive about the challenges we might face.,Estou um pouco apreensivo quanto aos desafios que poderemos enfrentar.,Tengo un poco de recelo sobre los desafíos que podríamos enfrentar.,Je suis un peu inquiet face aux défis auxquels nous pourrions être confrontés.,Sono un po' apprensivo per le sfide che potremmo dover affrontare.,"Ich bin etwas besorgt wegen der Herausforderungen, die auf uns zukommen könnten.","Duì wǒmen kěnéng miànlín de zhǒngzhǒng tiǎozhǎn, wǒ xīnlǐ nánmiǎn yǒuxiē tǎntè.",对我们可能面临的种种挑战，我心里难免有些忐忑。,
1162,B2,39,Opinions & Feelings,Opiniões e Sentimentos,Opiniones y Sentimentos,Opinions et Sentiments,Opinioni e Sentimenti,Meinungen & Gefühle,意见与感受,I felt a tremendous sense of accomplishment when I finished the project.,Senti uma enorme sensação de realização quando terminei o projeto.,Sentí una enorme sensación de logro cuando terminé el proyecto.,J'ai ressenti un immense sentiment d'accomplissement quand j'ai fini le projet.,Ho provato un grande senso di appagamento quando ho finito il progetto.,"Ich hatte ein enormes Erfolgserlebnis, als ich das Projekt abgeschlossen habe.","Dāng zhège xiàngmù chèdǐ wánchéng shí, wǒ nèixīn chōngmǎn le jùdà de chéngjiùgǎn.",当这个项目彻底完成时，我内心充满了巨大的成就感。,
1163,B2,39,Opinions & Feelings,Opiniões e Sentimentos,Opiniones y Sentimentos,Opinions et Sentiments,Opinioni e Sentimenti,Meinungen & Gefühle,意见与感受,I don't see why we shouldn't at least try a different approach.,Não vejo por que não deveríamos pelo menos tentar uma abordagem diferente.,No veo por qué no deberíamos al menos probar un enfoque diferente.,Je ne vois pas pourquoi nous ne devrions pas au moins essayer une approche différente.,Non vedo perché non dovremmo almeno provare un approccio diverso.,"Ich sehe keinen Grund, warum wir nicht wenigstens einen anderen Ansatz ausprobieren sollten.",Wǒ bù míngbai wǒmen wèishéme jiù bù néng zhìshǎo chángshì yī zhǒng xīn sīlù ne?,我不明白我们为什么就不能至少尝试一种新思路呢？,
1164,B2,39,Opinions & Feelings,Opiniões e Sentimentos,Opiniones y Sentimentos,Opinions et Sentiments,Opinioni e Sentimenti,Meinungen & Gefühle,意见与感受,I was bored to tears because the presentation was so repetitive.,Eu estava morrendo de tédio porque a apresentação era muito repetitiva.,Estaba aburrido soberanamente porque la presentación era muy repetitiva.,Je m'ennuyais à mourir parce que la présentation était très répétitive.,Mi annoiavo a morte perché la presentazione era molto ripetitiva.,"Ich habe mich zu Tode gelangweilt, weil die Präsentation so eintönig war.","Huìbào nèiróng yīzhí zài chēguluhùa láihuí zhuàn, tīng de wǒ dōu kuài shuìzháo le.",汇报内容一直在车轱辘话来回转，听得我都快睡着了。,
1165,B2,39,Opinions & Feelings,Opiniões e Sentimentos,Opiniones y Sentimentos,Opinions et Sentiments,Opinioni e Sentimenti,Meinungen & Gefühle,意见与感受,I’m not entirely sure whether I can count on him to deliver.,Não tenho certeza absoluta se posso contar com ele para cumprir o prometido.,No estoy del todo seguro de si puedo contar con él para cumplir.,Je ne suis pas tout à fait sûr de pouvoir compter sur lui pour assurer.,Non sono del tutto sicuro di poter contare su di lui per mantenere la parola.,"Ich bin mir nicht ganz sicher, ob ich mich darauf verlassen kann, dass er abliefert.",Wǒ bù quèdìng néng bù néng zhǐwàng tā ànqī bǎ shìqing bàntuǒ.,我不确定能不能指望他按期把事情办妥。,
1166,B2,39,Opinions & Feelings,Opiniões e Sentimentos,Opiniones y Sentimentos,Opinions et Sentiments,Opinioni e Sentimenti,Meinungen & Gefühle,意见与感受,It brings me a lot of joy to see my friends succeeding in their careers.,Me traz muita alegria ver meus amigos tendo sucesso em suas carreiras.,Me da mucha alegría ver a mis amigos tener éxito en sus carreras.,Cela me fait grand plaisir de voir mes amis réussir dans leur carrière.,Mi dà molta gioia vedere i miei amici avere successo nelle loro carriere.,"Es macht mir große Freude, zu sehen, wie meine Freunde beruflich erfolgreich sind.","Kàndào shēnbiān de péngyou zài shìyè shàng qǔdé chénggōng, wǒ yóuzhōng de gǎndào gāoxìng.",看到身边的朋友在事业上取得成功，我由衷地感到高兴。,
1167,B2,39,Opinions & Feelings,Opiniões e Sentimentos,Opiniones y Sentimentos,Opinions et Sentiments,Opinioni e Sentimenti,Meinungen & Gefühle,意见与感受,I’ve always found peace and tranquility in the Great Outdoors.,Sempre encontrei paz e tranquilidade na natureza.,Siempre he encontrado paz y tranquilidad en la naturaleza.,J'ai toujours trouvé la paix et la tranquillité en plein air dans la nature.,Ho sempre trovato pace e tranquillità all'aria aperta nella natura.,Ich habe schon immer Ruhe und Frieden in der freien Natur gefunden.,"Zhìshēnyú dàzìrán zhōng, wǒ zǒng néng zhǎodào nèixīn de níngjìng yǔ xiánghé.",置身于大自然中，我总能找到内心的宁静与祥和。,
1168,B2,39,Opinions & Feelings,Opiniões e Sentimentos,Opiniones y Sentimentos,Opinions et Sentiments,Opinioni e Sentimenti,Meinungen & Gefühle,意见与感受,What do you consider to be the most important attribute in a leader?,O que você considera o atributo mais importante em um líder?,¿Cuál consideras que es el atributo más importante en un líder?,"Quel est, selon vous, l'attribut le plus important d'un leader ?",Quale consideri sia la dote più importante in un leader?,Was ist deiner Meinung nach die wichtigste Eigenschaft einer Führungskraft?,"Nǐ rènwéi zuòwéi lǐngdǎozhě, zuì zhòngyào de tèzhì shì shénme?",你认为作为领导者，最重要的特质是什么？,
1169,B2,39,Opinions & Feelings,Opiniões e Sentimentos,Opiniones y Sentimentos,Opinions et Sentiments,Opinioni e Sentimenti,Meinungen & Gefühle,意见与感受,I was incredibly impressed by the level of detail in her work.,Fiquei incrivelmente impressionado com o nível de detalhamento do trabalho dela.,Me quedé increíblemente impresionado por el nivel de detalle de su trabajo.,J'ai été incroyablement impressionné par le niveau de détail de son travail.,Sono rimasto incredibilmente colpito dal livello di dettaglio del suo lavoro.,"Ich war unglaublich beeindruckt davon, wie detailreich ihre Arbeit war.",Tā gōngzuò zhōng de yánjǐn yǔ xìzhì ràng wǒ shēn gǎn pèifú.,她工作中的严谨与细致让我深感佩服。,
1170,B2,39,Opinions & Feelings,Opiniões e Sentimentos,Opiniones y Sentimentos,Opinions et Sentiments,Opinioni e Sentimenti,Meinungen & Gefühle,意见与感受,I’m feeling much more refreshed after taking a short break.,Estou me sentindo muito mais revigorado depois de fazer uma pequena pausa.,Me siento mucho más renovado después de tomarme un breve descanso.,Je me sens beaucoup plus revigoré après avoir fait une petite pause.,Mi sento molto più rinvigorito dopo aver fatto una breve pausa.,Ich fühle mich nach einer kurzen Pause viel erholter.,"Shāowēi xiūxi le yīhuìr zhīhòu, wǒ gǎnjué jīngshen hǎoduō le.",稍微休息了一会儿之后，我感觉精神好多了。,
1171,B2,40,Abstract  Concepts,Conceitos Abstratos,Conceptos Abstractos,Concepts Abstraits,Concetti Astratti,Abstrakte Konzepte,抽象概念,The concept of globalization has fundamentally altered the way we live.,O conceito de globalização alterou fundamentalmente a maneira como vivemos.,El concepto de globalización ha alterado fundamentalmente la forma en que vivimos.,Le concept de mondialisation a fondamentalement changé notre façon de vivre.,Il concetto di globalizzazione ha alterato profondamente il nostro modo di vivere.,Das Konzept der Globalisierung hat unsere Lebensweise grundlegend verändert.,Quánqiúhuà cóng gēnběn shàng gǎibiàn le rénlèi de shēnghuó fāngshì.,全球化从根本上改变了人类的生活方式。,
1172,B2,40,Abstract  Concepts,Conceitos Abstratos,Conceptos Abstractos,Concepts Abstraits,Concetti Astratti,Abstrakte Konzepte,抽象概念,It is often argued that technology has made us more isolated than ever.,Argumenta-se frequentemente que a tecnologia nos tornou mais isolados do que nunca.,A menudo se argumenta que la tecnología nos ha vuelto más aislados que nunca.,On soutient souvent que la technologie nous a rendus plus isolés que jamais.,Si sostiene spesso che la tecnologia ci abbia reso più isolati che mai.,"Es wird oft argumentiert, dass die Technologie uns isolierter gemacht hat als je zuvor.","Cháng yǒurén zhǐchū, kējì de fāzhǎn fǎn'ér ràng rén yǔ rén zhījiān biànde gèngjiā shūlí.",常有人指出，科技的发展反而让人与人之间变得更加疏离。,
1173,B2,40,Abstract  Concepts,Conceitos Abstratos,Conceptos Abstractos,Concepts Abstraits,Concetti Astratti,Abstrakte Konzepte,抽象概念,The preservation of the environment should be our top priority.,A preservação do meio ambiente deve ser nossa prioridade máxima.,La preservación del medio ambiente debería ser nuestra máxima prioridad.,La préservation de l'environnement devrait être notre priorité absolue.,La salvaguardia dell'ambiente dovrebbe essere la nostra massima priorità.,Der Schutz der Umwelt sollte unsere oberste Priorität sein.,Bǎohù shēngtài huánjìng yīngdāng shì wǒmen de dāngwùzhījí.,保护生态环境应当是我们的当务之急。,
1174,B2,40,Abstract  Concepts,Conceitos Abstratos,Conceptos Abstractos,Concepts Abstraits,Concetti Astratti,Abstrakte Konzepte,抽象概念,I believe that the pursuit of knowledge is a lifelong journey.,Acredito que a busca pelo conhecimento é uma jornada para a vida toda.,Creo que la búsqueda del conocimiento es un viaje de toda la vida.,Je crois que la quête du savoir est le voyage de toute une vie.,Credo che la ricerca della conoscenza sia un viaggio lungo una vita.,"Ich glaube, dass das Streben nach Wissen eine lebenslange Reise ist.","Wǒ xiāngxìn, tànqiú zhīshi shì yī duàn guànchuān zhōngshēng de lǚtú.",我相信，探求知识是一段贯穿终生的旅途。,
1175,B2,40,Abstract  Concepts,Conceitos Abstratos,Conceptos Abstractos,Concepts Abstraits,Concetti Astratti,Abstrakte Konzepte,抽象概念,The impact of social media on our mental health is a growing concern.,O impacto das redes sociais em nossa saúde mental é uma preocupação crescente.,El impacto de las redes sociales en nuestra salud mental es una preocupación creciente.,L'impact des réseaux sociaux sur notre santé mentale est une préoccupation croissante.,L'impatto dei social media sulla nostra salute mentale è una preoccupazione crescente.,Die Auswirkungen der sozialen Medien auf unsere psychische Gesundheit sind besorgniserregend.,Shèjiāo méitǐ duì xīnlǐ jiànkāng de yǐngxiǎng zhèng rìyì yǐnfā rénmen de shēnqiè dānyōu.,社交媒体对心理健康的影响正日益引发人们的深切担忧。,
1176,B2,40,Abstract  Concepts,Conceitos Abstratos,Conceptos Abstractos,Concepts Abstraits,Concetti Astratti,Abstrakte Konzepte,抽象概念,Do you think that the benefits of artificial intelligence outweigh the risks?,Você acha que os benefícios da inteligência artificial superam os riscos?,¿Crees que los beneficios de la inteligencia artificial superan los riesgos?,Pensez-vous que les avantages de l'intelligence artificielle l'emportent sur les risques ?,Pensi che i vantaggi dell'intelligenza artificiale superino i rischi?,"Glaubst du, dass die Vorteile der künstlichen Intelligenz die Risiken überwiegen?",Nǐ rènwéi réngōng zhìnéng de fāzhǎn shì lì dàyú bì ma?,你认为人工智能的发展是利大于弊吗？,
1177,B2,40,Abstract  Concepts,Conceitos Abstratos,Conceptos Abstractos,Concepts Abstraits,Concetti Astratti,Abstrakte Konzepte,抽象概念,It is difficult to strike a balance between security and privacy.,É difícil encontrar um equilíbrio entre segurança e privacidade.,Es difícil encontrar un equilibrio entre seguridad y privacidad.,Il est difficile de trouver un équilibre entre sécurité et vie privée.,È difficile trovare un equilibrio tra sicurezza e privacy.,"Es ist schwierig, ein Gleichgewicht zwischen Sicherheit und Privatsphäre zu finden.",Zài gōnggòng ānquán yǔ gèrén yǐnsī zhījiān hěn nán jiāngù liǎngquán.,在公共安全与个人隐私之间很难兼顾两全。,
1178,B2,40,Abstract  Concepts,Conceitos Abstratos,Conceptos Abstractos,Concepts Abstraits,Concetti Astratti,Abstrakte Konzepte,抽象概念,I’ve always been intrigued by the philosophy behind modern art.,Sempre me intrigou a filosofia por trás da arte moderna.,Siempre me ha intrigado la filosofía que hay detrás del arte moderno.,J'ai toujours été intrigué par la philosophie qui sous-tend l'art moderne.,Mi ha sempre incuriosito la filosofia che sta dietro l'arte moderna.,Ich war schon immer von der Philosophie hinter der modernen Kunst fasziniert.,Wǒ yīzhí duì xiàndài yìshù bèihòu de zhéxué lǐniàn shēn gǎn hàoqí.,我一直对现代艺术背后的哲学理念深感好奇。,
1179,B2,40,Abstract  Concepts,Conceitos Abstratos,Conceptos Abstractos,Concepts Abstraits,Concetti Astratti,Abstrakte Konzepte,抽象概念,We need to address the underlying causes of social inequality.,Precisamos abordar as causas subjacentes da desigualdade social.,Tenemos que abordar las causas subyacentes de la desigualdad social.,Nous devons nous attaquer aux causes profondes de l'inégalité sociale.,Dobbiamo affrontare le cause alla base della disuguaglianza sociale.,Wir müssen die zugrunde liegenden Ursachen der sozialen Ungleichheit angehen.,Wǒmen xūyào cóng shēncéngcì qù jiějué dǎozhì shèhuì bùpíngděng de gēnyuán wèntí.,我们需要从深层次去解决导致社会不平等的根源问题。,
1180,B2,40,Abstract  Concepts,Conceitos Abstratos,Conceptos Abstractos,Concepts Abstraits,Concetti Astratti,Abstrakte Konzepte,抽象概念,What do you think is the essence of a truly successful society?,O que você acha que é a essência de uma sociedade verdadeiramente bem-sucedida?,¿Cuál crees que es la esencia de una sociedad verdaderamente exitosa?,"Quelle est, selon vous, l'essence d'une société vraiment prospère ?",Quale pensi sia l'essenza di una società di vero successo?,Was macht deiner Meinung nach den Kern einer wirklich erfolgreichen Gesellschaft aus?,"Nǐ rènwéi yī gè zhēnzhèng chénggōng de shèhuì, qí běnzhì jiūjìng shì shénme?",你认为一个真正成功的社会，其本质究竟是什么？,
1181,B2,40,Abstract  Concepts,Conceitos Abstratos,Conceptos Abstractos,Concepts Abstraits,Concetti Astratti,Abstrakte Konzepte,抽象概念,It is essential to respect the cultural heritage of different nations.,É essencial respeitar o patrimônio cultural de diferentes nações.,Es esencial respetar el patrimonio cultural de las distintas naciones.,Il est essentiel de respecter le patrimoine culturel des différentes nations.,È essenziale rispettare il patrimonio culturale delle diverse nazioni.,"Es ist wichtig, das kulturelle Erbe verschiedener Nationen zu respektieren.",Zūnzhòng gè mínzú de wénhuà yíchǎn zhìguān zhòngyào.,尊重各民族的文化遗产至关重要。,
1182,B2,40,Abstract  Concepts,Conceitos Abstratos,Conceptos Abstractos,Concepts Abstraits,Concetti Astratti,Abstrakte Konzepte,抽象概念,The accumulation of wealth does not necessarily lead to happiness.,O acúmulo de riqueza não leva necessariamente à felicidade.,La acumulación de riqueza no conduce necesariamente a la felicidad.,L'accumulation de richesses ne mène pas nécessairement au bonheur.,L'accumulo di ricchezza non porta necessariamente alla felicità.,"Reichtum anzuhäufen, führt nicht zwangsläufig zu Glück.",Cáifù de jīlěi bìng bù yīdìng huì dàilái zhēnzhèng de xìngfú.,财富的积累并不一定会带来真正的幸福。,
1183,B2,40,Abstract  Concepts,Conceitos Abstratos,Conceptos Abstractos,Concepts Abstraits,Concetti Astratti,Abstrakte Konzepte,抽象概念,I believe that creativity is a skill that can be nurtured and developed.,Acredito que a criatividade é uma habilidade que pode ser nutrida e desenvolvida.,Creo que la creatividad es una habilidad que se puede fomentar y desarrollar.,Je crois que la créativité est une compétence qui peut être cultivée et développée.,Credo che la creatività sia una dote che può essere nutrita e sviluppata.,"Ich glaube, dass Kreativität eine Fähigkeit ist, die man fördern und entwickeln kann.",Wǒ xiāngxìn chuàngzàolì shì yī zhǒng kěyǐ tōngguò hòutiān péiyǎng hé fāzhǎn de nénglì.,我相信创造力是一种可以通过后天培养和发展的能力。,
1184,B2,40,Abstract  Concepts,Conceitos Abstratos,Conceptos Abstractos,Concepts Abstraits,Concetti Astratti,Abstrakte Konzepte,抽象概念,The future is shaped by the decisions we make in the present.,O futuro é moldado pelas decisões que tomamos no presente.,El futuro se forma con las decisiones que tomamos en el presente.,L'avenir est façonné par les décisions que nous prenons au présent.,Il futuro è plasmato dalle decisioni che prendiamo nel presente.,"Die Zukunft wird durch die Entscheidungen geprägt, die wir in der Gegenwart treffen.",Wèilái zhèngshì yóu wǒmen dāngxià de měi yī gè juézé suǒ sùzào de.,未来正是由我们当下的每一个抉择所塑造的。,
1185,B2,40,Abstract  Concepts,Conceitos Abstratos,Conceptos Abstractos,Concepts Abstraits,Concetti Astratti,Abstrakte Konzepte,抽象概念,Is it possible to achieve true sustainability in a consumerist society?,É possível alcançar a verdadeira sustentabilidade em uma sociedade consumista?,¿Es posible alcanzar una sostenibilidad real en una sociedad consumista?,Est-il possible d'atteindre une véritable durabilité dans une société de consommation ?,È possibile raggiungere una vera sostenibilità in una società consumistica?,Ist echte Nachhaltigkeit in einer Konsumgesellschaft überhaupt möglich?,"Zài xiāofèizhǔyì shèngxíng de shèhuì zhōng, zhēn de néng shíxiàn kěchíxù fāzhǎn ma?",在消费主义盛行的社会中，真的能实现可持续发展吗？,
1186,B2,40,Abstract  Concepts,Conceitos Abstratos,Conceptos Abstractos,Concepts Abstraits,Concetti Astratti,Abstrakte Konzepte,抽象概念,We should strive to be more empathetic towards those from different backgrounds.,Devemos nos esforçar para ser mais empáticos com aqueles de diferentes origens.,Deberíamos esforzarnos por ser más empáticos con quienes tienen diferentes orígenes.,Nous devrions nous efforcer d'être plus empathiques envers ceux d'origines différentes.,Dovremmo sforzarci di essere più empatici verso chi ha background diversi.,"Wir sollten uns bemühen, mehr Empathie für Menschen mit unterschiedlicher Herkunft zu zeigen.",Wǒmen yīnggāi nǔlì duì chéngzhǎng bèijǐng bùtóng de rén bàoyǒu gèng duō de tónglǐxīn.,我们应该努力对成长背景不同的人抱有更多的同理心。,
1187,B2,40,Abstract  Concepts,Conceitos Abstratos,Conceptos Abstractos,Concepts Abstraits,Concetti Astratti,Abstrakte Konzepte,抽象概念,I am of the opinion that education is the key to social mobility.,Sou de opinião que a educação é a chave para a mobilidade social.,Soy de la opinión de que la educación es la clave para la movilidad social.,Je suis d'avis que l'éducation est la clé de la mobilité sociale.,Sono dell'opinione che l'istruzione sia la chiave per la mobilità sociale.,"Ich bin der Meinung, dass Bildung der Schlüssel zu sozialem Aufstieg ist.","Wǒ shǐzhōng rènwéi, jiàoyù shì shíxiàn shèhuì jiēcéng liúdòng de guānjiàn yàoshi.",我始终认为，教育是实现社会阶层流动的关键钥匙。,
1188,B2,40,Abstract  Concepts,Conceitos Abstratos,Conceptos Abstractos,Concepts Abstraits,Concetti Astratti,Abstrakte Konzepte,抽象概念,The lessons of history are often forgotten by those in power.,As lições da história são frequentemente esquecidas por quem está no poder.,Las lecciones de la historia suelen ser olvidadas por quienes ostentan el poder.,Les leçons de l'histoire sont souvent oubliées par ceux qui sont au pouvoir.,Le lezioni della storia vengono spesso dimenticate da chi è al potere.,Die Lehren der Geschichte werden von den Machthabern oft vergessen.,"Lìshǐ de cǎntòng jiàoxùn, wǎngwǎng róngyì bèi zhǎngquánzhě pāozhūnǎohòu.",历史的惨痛教训，往往容易被掌权者抛诸脑后。,
1189,B2,40,Abstract  Concepts,Conceitos Abstratos,Conceptos Abstractos,Concepts Abstraits,Concetti Astratti,Abstrakte Konzepte,抽象概念,What role does ethics play in the development of new technologies?,Qual é o papel da ética no desenvolvimento de novas tecnologias?,¿Qué papel juega la ética en el desarrollo de las nuevas tecnologías?,Quel rôle l'éthique joue-t-elle dans le développement des nouvelles technologies ?,Quale ruolo gioca l'etica nello sviluppo di nuove tecnologie?,Welche Rolle spielt die Ethik bei der Entwicklung neuer Technologien?,"Zài xīnxīng kējì de fāzhǎn jìnchéng zhōng, lúnlǐ dàodé bànyǎnzhe zěnyàng de juésè?",在新兴科技的发展进程中，伦理道德扮演着怎样的角色？,
1190,B2,40,Abstract  Concepts,Conceitos Abstratos,Conceptos Abstractos,Concepts Abstraits,Concetti Astratti,Abstrakte Konzepte,抽象概念,True fulfillment comes from contributing to something larger than oneself.,A verdadeira realização vem de contribuir para algo maior que si mesmo.,La verdadera realización proviene de contribuir a algo más grande que uno mismo.,Le vrai accomplissement vient du fait de contribuer à quelque chose de plus grand que soi.,La vera realizzazione deriva dal contribuire a qualcosa di più grande di sé.,"Wahre Erfüllung findet man, wenn man zu etwas Größerem als sich selbst beiträgt.","Zhēnzhèng de xīnlíng chōngshí, yuányú tóushēn dào yī xiàng chāoyuè zìwǒ de chónggāo shìyè zhōng.",真正的心灵充实，源于投身到一项超越自我的崇高事业中。,
1191,B2,40,Abstract  Concepts,Conceitos Abstratos,Conceptos Abstractos,Concepts Abstraits,Concetti Astratti,Abstrakte Konzepte,抽象概念,We live in an era of unprecedented technological advancement.,Vivemos em uma era de avanços tecnológicos sem precedentes.,Vivimos en una era de avances tecnológicos sin precedentes.,Nous vivons à une époque de progrès technologiques sans précédent.,Viviamo in un'epoca di progressi tecnologici senza precedenti.,Wir leben in einem Zeitalter beispiellosen technologischen Fortschritts.,"Wǒmen shēnghuó zài yī gè kējì fēisù tūpò, kōngqián fāzhǎn de wěidà shídài.",我们生活在一个科技飞速突破、空前发展的伟大时代。,
1192,B2,40,Abstract  Concepts,Conceitos Abstratos,Conceptos Abstractos,Concepts Abstraits,Concetti Astratti,Abstrakte Konzepte,抽象概念,I think that the importance of community cannot be overstated.,Acho que a importância da comunidade não pode ser superestimada.,Creo que no se puede exagerar la importancia de la comunidad.,Je pense que l'importance de la communauté ne peut être surestimée.,Credo che l'importanza della comunità non possa essere sopravvalutata.,"Ich denke, man kann die Bedeutung der Gemeinschaft gar nicht hoch genug einschätzen.","Wǒ rènwéi shèqún gòngtóngtǐ de zhòngyàoxìng, zěnme qiángdiào dōu bù wéi guò.",我认为社群共同体的重要性，怎么强调都不为过。,
1193,B2,40,Abstract  Concepts,Conceitos Abstratos,Conceptos Abstractos,Concepts Abstraits,Concetti Astratti,Abstrakte Konzepte,抽象概念,It is necessary to embrace change if we want to grow as individuals.,É necessário abraçar a mudança se quisermos crescer como indivíduos.,Es necesario aceptar el cambio si queremos crecer como individuos.,Il est nécessaire d'accepter le changement si nous voulons grandir en tant qu'individus.,È necessario accogliere il cambiamento se vogliamo crescere come individui.,"Es ist notwendig, Veränderungen anzunehmen, wenn wir als Individuen wachsen wollen.","Ruò xiǎng shíxiàn gèrén de tuìbiàn yǔ chéngzhǎng, wǒmen jiù bìxū yǒngyú yǒngbào biànhuà.",若想实现个人的蜕变与成长，我们就必须勇于拥抱变化。,
1194,B2,40,Abstract  Concepts,Conceitos Abstratos,Conceptos Abstractos,Concepts Abstraits,Concetti Astratti,Abstrakte Konzepte,抽象概念,What do you believe to be the most pressing issue facing the world today?,O que você acredita ser o problema mais urgente que o mundo enfrenta hoje?,¿Cuál crees que es el problema más urgente al que se enfrenta el mundo hoy en día?,"Quel est, selon vous, le problème le plus pressant auquel le monde est confronté aujourd'hui ?",Quale credi sia il problema più urgente che il mondo deve affrontare oggi?,"Was ist deiner Meinung nach das drängendste Problem, vor dem die Welt heute steht?",Nǐ rènwéi dāngjīn quánqiú miànlín de zuì jǐnpò yìtí shì shénme?,你认为当今全球面临的最紧迫议题是什么？,
1195,B2,40,Abstract  Concepts,Conceitos Abstratos,Conceptos Abstractos,Concepts Abstraits,Concetti Astratti,Abstrakte Konzepte,抽象概念,I’ve always thought that nature provides us with a sense of perspective.,Sempre achei que a natureza nos proporciona um senso de perspectiva.,Siempre he pensado que la naturaleza nos proporciona un sentido de perspectiva.,J'ai toujours pensé que la nature nous donnait un certain sens de la perspective.,Ho sempre pensato che la natura ci regali un senso di prospettiva.,"Ich fand schon immer, dass die Natur uns eine gewisse Perspektive verleiht.","Wǒ shǐzhōng juéde, dàzìrán néng ràng rén kāikuò xīnxīong, kàndàn fēnrǎo.",我始终觉得，大自然能让人开阔心胸、看淡纷扰。,
1196,B2,40,Abstract  Concepts,Conceitos Abstratos,Conceptos Abstractos,Concepts Abstraits,Concetti Astratti,Abstrakte Konzepte,抽象概念,It is important to maintain one's integrity in both private and professional life.,É importante manter a integridade tanto na vida privada quanto na profissional.,Es importante mantener la integridad tanto en la vida privada como en la profesional.,Il est important de rester intègre tant dans sa vie privée que professionnelle.,È importante mantenere l'integrità sia nella vita privata che in quella professionale.,"Es ist wichtig, sowohl im Privat- als auch im Berufsleben integer zu bleiben.","Wúlùn shì zài gèrén shēnghuó háishì zhíyè shēngyá zhōng, kèshǒu cāoshǒu yǔ zhèngzhí dōu zhìguān zhòngyào.",无论是在个人生活还是职业生涯中，恪守操守与正直都至关重要。,
1197,B2,40,Abstract  Concepts,Conceitos Abstratos,Conceptos Abstractos,Concepts Abstraits,Concetti Astratti,Abstrakte Konzepte,抽象概念,We should aim to create a more inclusive and diverse society for everyone.,Devemos buscar criar uma sociedade mais inclusiva e diversa para todos.,Deberíamos aspirar a crear una sociedad más inclusiva y diversa para todos.,Nous devrions viser à créer une société plus inclusive et diversifiée pour tous.,Dovremmo mirare a creare una società più inclusiva e diversificata per tutti.,"Wir sollten danach streben, eine inklusivere und vielfältigere Gesellschaft für alle zu schaffen.",Wǒmen yīngdāng zhìlìyú gòujiàn yī gè duì měi gè rén dōu gèngjiā bāoróng duōyuán de shèhuì.,我们应当致力于构建一个对每个人都更加包容多元的社会。,
1198,B2,40,Abstract  Concepts,Conceitos Abstratos,Conceptos Abstractos,Concepts Abstraits,Concetti Astratti,Abstrakte Konzepte,抽象概念,I believe that time is a finite resource that should be used wisely.,Acredito que o tempo é um recurso finito que deve ser usado com sabedoria.,Creo que el tiempo es un recurso finito que debe usarse con sabiduría.,Je crois que le temps est une ressource finie qui doit être utilisée avec sagesse.,Credo che il tempo sia una risorsa finita che va usata con saggezza.,"Ich glaube, dass Zeit eine endliche Ressource ist, die man klug nutzen sollte.","Wǒ shēnxìn shíjiān shì yī zhǒng jíqí yǒuxiàn de zīyuán, yīngdāng bèi bèijiā míngzhì de lìyòng.",我深信时间是一种极其有限的资源，应当被倍加明智地利用。,
1199,B2,40,Abstract  Concepts,Conceitos Abstratos,Conceptos Abstractos,Concepts Abstraits,Concetti Astratti,Abstrakte Konzepte,抽象概念,Do you think that the rise of the internet has threatened traditional media?,Você acha que a ascensão da internet ameaçou os meios de comunicação tradicionais?,¿Crees que el auge de internet ha amenazado a los medios de comunicación tradicionales?,Pensez-vous que l'essor d'internet a menacé les médias traditionnels ?,Pensi che l'ascesa di internet abbia minacciato i media tradizionali?,"Glaubst du, dass der Aufstieg des Internets die traditionellen Medien bedroht hat?","Nǐ rènwéi hùliánwǎng de juéqǐ, shìfǒu duì chuántǒng méitǐ gòuchéng le jùdà chōngjī?",你认为互联网的崛起，是否对传统媒体构成了巨大冲击？,
1200,B2,40,Abstract  Concepts,Conceitos Abstratos,Conceptos Abstractos,Concepts Abstraits,Concetti Astratti,Abstrakte Konzepte,抽象概念,The world would be a far better place if we all practiced more compassion.,O mundo seria um lugar muito melhor se todos praticássemos mais compaixão.,El mundo sería un lugar mucho mejor si todos practicáramos más la compasión.,Le monde serait bien meilleur si nous faisions tous preuve de plus de compassion.,Il mondo sarebbe un posto decisamente migliore se tutti praticassimo più compassione.,"Die Welt wäre ein viel besserer Ort, wenn wir alle mehr Mitgefühl zeigen würden.","Rúguǒ rénrén tǐnèi dōu néng duō yī fèn cíbēi yǔ tónglǐxīn, shìjiè yīdìng huì biànde měihǎo de duō.",如果人人体内都能多一份慈悲与同理心，世界一定会变得美好得多。,
